2025-04-11 00:26:00,247 - INFO - Logger set up successfully!
2025-04-11 00:26:00,247 - INFO - 🏁 Pipeline started...
2025-04-11 00:26:00,247 - INFO - 📥 Downloading latest UK Gov CSV...
2025-04-11 00:26:03,247 - ERROR - ❌ Pipeline failed: CSV download link not found on the page.

Traceback (most recent call last):
  File "/home/shayon/Documents/web/sponsor-reach/main.py", line 25, in main
    csv_path = download_latest_csv()
  File "/home/shayon/Documents/web/sponsor-reach/extraction/fetch_csv.py", line 58, in download_latest_csv
    csv_url = get_csv_download_link()
  File "/home/shayon/Documents/web/sponsor-reach/extraction/fetch_csv.py", line 38, in get_csv_download_link
    raise Exception("CSV download link not found on the page.")
Exception: CSV download link not found on the page.

2025-04-11 00:26:17,315 - INFO - Logger set up successfully!
2025-04-11 00:26:17,315 - INFO - 🏁 Pipeline started...
2025-04-11 00:26:17,315 - INFO - 📥 Downloading latest UK Gov CSV...
2025-04-11 00:26:20,151 - ERROR - ❌ Pipeline failed: CSV download link not found on the page.

Traceback (most recent call last):
  File "/home/shayon/Documents/web/sponsor-reach/main.py", line 25, in main
    csv_path = download_latest_csv()
  File "/home/shayon/Documents/web/sponsor-reach/extraction/fetch_csv.py", line 58, in download_latest_csv
    csv_url = get_csv_download_link()
  File "/home/shayon/Documents/web/sponsor-reach/extraction/fetch_csv.py", line 38, in get_csv_download_link
    raise Exception("CSV download link not found on the page.")
Exception: CSV download link not found on the page.

2025-04-11 00:27:02,075 - INFO - Logger set up successfully!
2025-04-11 00:27:02,075 - INFO - 🏁 Pipeline started...
2025-04-11 00:27:02,075 - INFO - 📥 Downloading latest UK Gov CSV...
2025-04-11 19:09:26,111 - INFO - Logger set up successfully!
2025-04-11 19:09:26,111 - INFO - 🏁 Pipeline started...
2025-04-11 19:09:26,111 - INFO - 📥 Downloading latest UK Gov CSV...
2025-04-12 00:24:58,491 - INFO - Logger set up successfully!
2025-04-12 00:24:58,491 - INFO - 🏁 Pipeline started...
2025-04-12 00:24:58,492 - INFO - 📥 Downloading latest UK Gov CSV...
2025-04-12 00:28:47,194 - INFO - Logger set up successfully!
2025-04-12 00:28:47,194 - INFO - 🏁 Pipeline started...
2025-04-12 00:28:47,194 - INFO - 📥 Downloading latest UK Gov CSV...
2025-04-12 00:29:14,958 - ERROR - ❌ Pipeline failed: Invalid URL 'None': No scheme supplied. Perhaps you meant https://None?

Traceback (most recent call last):
  File "main.py", line 28, in main
    csv_path = download_latest_csv()
  File "/home/shayon/Documents/web/sponsor-reach/extraction/fetch_csv.py", line 59, in download_latest_csv
    csv_url = get_csv_download_link()
  File "/home/shayon/Documents/web/sponsor-reach/extraction/fetch_csv.py", line 20, in get_csv_download_link
    response = requests.get(page_url, timeout=10)
  File "/home/shayon/Documents/web/sponsor-reach/.venv/lib64/python3.13/site-packages/requests/api.py", line 73, in get
    return request("get", url, params=params, **kwargs)
  File "/home/shayon/Documents/web/sponsor-reach/.venv/lib64/python3.13/site-packages/requests/api.py", line 59, in request
    return session.request(method=method, url=url, **kwargs)
           ~~~~~~~~~~~~~~~^^^^^^^^^^^^^^^^^^^^^^^^^^^^^^^^^^
  File "/home/shayon/Documents/web/sponsor-reach/.venv/lib64/python3.13/site-packages/requests/sessions.py", line 575, in request
    prep = self.prepare_request(req)
  File "/home/shayon/Documents/web/sponsor-reach/.venv/lib64/python3.13/site-packages/requests/sessions.py", line 484, in prepare_request
    p.prepare(
    ~~~~~~~~~^
        method=request.method.upper(),
        ^^^^^^^^^^^^^^^^^^^^^^^^^^^^^^
    ...<10 lines>...
        hooks=merge_hooks(request.hooks, self.hooks),
        ^^^^^^^^^^^^^^^^^^^^^^^^^^^^^^^^^^^^^^^^^^^^^
    )
    ^
  File "/home/shayon/Documents/web/sponsor-reach/.venv/lib64/python3.13/site-packages/requests/models.py", line 367, in prepare
    self.prepare_url(url, params)
    ~~~~~~~~~~~~~~~~^^^^^^^^^^^^^
  File "/home/shayon/Documents/web/sponsor-reach/.venv/lib64/python3.13/site-packages/requests/models.py", line 438, in prepare_url
    raise MissingSchema(
    ...<2 lines>...
    )
requests.exceptions.MissingSchema: Invalid URL 'None': No scheme supplied. Perhaps you meant https://None?

2025-04-12 00:29:50,365 - INFO - Logger set up successfully!
2025-04-12 00:29:50,365 - INFO - 🏁 Pipeline started...
2025-04-12 00:29:50,365 - INFO - 📥 Downloading latest UK Gov CSV...
2025-04-12 00:42:40,016 - INFO - Logger set up successfully!
2025-04-12 00:42:40,016 - INFO - 🏁 Pipeline started...
2025-04-12 00:42:40,017 - INFO - 📥 Downloading latest UK Gov CSV...
2025-04-12 00:46:04,409 - INFO - Logger set up successfully!
2025-04-12 00:46:04,409 - INFO - 🏁 Pipeline started...
2025-04-12 00:46:04,409 - INFO - 📥 Downloading latest UK Gov CSV...
2025-04-12 00:47:21,814 - INFO - Logger set up successfully!
2025-04-12 00:47:21,815 - INFO - 🏁 Pipeline started...
2025-04-12 00:47:21,815 - INFO - 📥 Downloading latest UK Gov CSV...
2025-04-12 00:51:41,867 - INFO - Logger set up successfully!
2025-04-12 00:51:41,867 - INFO - 🏁 Pipeline started...
2025-04-12 00:51:41,867 - INFO - 📥 Downloading latest UK Gov CSV...
2025-04-12 00:52:03,893 - INFO - 🔍 Comparing CSVs to find new entries...
2025-04-12 00:52:27,505 - ERROR - ❌ Pipeline failed: No CSV file from yesterday found in the archive.

Traceback (most recent call last):
  File "main.py", line 37, in main
    new_sponsors = get_new_sponsors(csv_path)
  File "/home/shayon/Documents/web/sponsor-reach/extraction/compare_csv.py", line 39, in get_new_sponsors
    previous_csv_path = get_yesterday_file(archive_dir)
  File "/home/shayon/Documents/web/sponsor-reach/extraction/compare_csv.py", line 26, in get_yesterday_file
    raise FileNotFoundError("No CSV file from yesterday found in the archive.")
FileNotFoundError: No CSV file from yesterday found in the archive.

2025-04-12 00:52:43,627 - INFO - Logger set up successfully!
2025-04-12 00:52:43,628 - INFO - 🏁 Pipeline started...
2025-04-12 00:52:43,628 - INFO - 📥 Downloading latest UK Gov CSV...
2025-04-12 00:52:51,846 - INFO - 🔍 Comparing CSVs to find new entries...
2025-04-12 00:53:55,074 - INFO - Logger set up successfully!
2025-04-12 00:53:55,074 - INFO - 🏁 Pipeline started...
2025-04-12 00:53:55,074 - INFO - 📥 Downloading latest UK Gov CSV...
2025-04-12 00:53:57,824 - INFO - 🔍 Comparing CSVs to find new entries...
2025-04-12 00:54:09,509 - ERROR - ❌ Pipeline failed: No CSV file from yesterday found in the archive.

Traceback (most recent call last):
  File "main.py", line 37, in main
    new_sponsors = get_new_sponsors(csv_path)
  File "/home/shayon/Documents/web/sponsor-reach/extraction/compare_csv.py", line 39, in get_new_sponsors
    previous_csv_path = get_yesterday_file(archive_dir)
  File "/home/shayon/Documents/web/sponsor-reach/extraction/compare_csv.py", line 26, in get_yesterday_file
    raise FileNotFoundError("No CSV file from yesterday found in the archive.")
FileNotFoundError: No CSV file from yesterday found in the archive.

2025-04-12 00:57:00,613 - INFO - Logger set up successfully!
2025-04-12 00:57:00,613 - INFO - 🏁 Pipeline started...
2025-04-12 00:57:00,613 - INFO - 📥 Downloading latest UK Gov CSV...
2025-04-12 00:57:05,295 - INFO - 🔍 Comparing CSVs to find new entries...
2025-04-12 00:57:15,476 - ERROR - ❌ Pipeline failed: 'Licence Number'

Traceback (most recent call last):
  File "/home/shayon/Documents/web/sponsor-reach/.venv/lib64/python3.13/site-packages/pandas/core/indexes/base.py", line 3805, in get_loc
    return self._engine.get_loc(casted_key)
           ~~~~~~~~~~~~~~~~~~~~^^^^^^^^^^^^
  File "index.pyx", line 167, in pandas._libs.index.IndexEngine.get_loc
  File "index.pyx", line 196, in pandas._libs.index.IndexEngine.get_loc
  File "pandas/_libs/hashtable_class_helper.pxi", line 7081, in pandas._libs.hashtable.PyObjectHashTable.get_item
  File "pandas/_libs/hashtable_class_helper.pxi", line 7089, in pandas._libs.hashtable.PyObjectHashTable.get_item
KeyError: 'Licence Number'

The above exception was the direct cause of the following exception:

Traceback (most recent call last):
  File "main.py", line 37, in main
    new_sponsors = get_new_sponsors(csv_path)
  File "/home/shayon/Documents/web/sponsor-reach/extraction/compare_csv.py", line 43, in get_new_sponsors
    latest_set = set(df_latest['Licence Number'].astype(str))
                     ~~~~~~~~~^^^^^^^^^^^^^^^^^^
  File "/home/shayon/Documents/web/sponsor-reach/.venv/lib64/python3.13/site-packages/pandas/core/frame.py", line 4102, in __getitem__
    indexer = self.columns.get_loc(key)
  File "/home/shayon/Documents/web/sponsor-reach/.venv/lib64/python3.13/site-packages/pandas/core/indexes/base.py", line 3812, in get_loc
    raise KeyError(key) from err
KeyError: 'Licence Number'

2025-04-12 01:02:19,270 - INFO - Logger set up successfully!
2025-04-12 01:02:19,270 - INFO - 🏁 Pipeline started...
2025-04-12 01:02:19,270 - INFO - 📥 Downloading latest UK Gov CSV...
2025-04-12 01:02:24,345 - INFO - 🔍 Comparing CSVs to find new entries...
2025-04-12 01:07:03,255 - INFO - Logger set up successfully!
2025-04-12 01:07:03,255 - INFO - 🏁 Pipeline started...
2025-04-12 01:07:03,255 - INFO - 📥 Downloading latest UK Gov CSV...
2025-04-12 01:07:07,590 - INFO - 🔍 Comparing CSVs to find new entries...
2025-04-12 01:10:45,757 - INFO - Logger set up successfully!
2025-04-12 01:10:45,758 - INFO - 🏁 Pipeline started...
2025-04-12 01:10:45,758 - INFO - 📥 Downloading latest UK Gov CSV...
2025-04-12 01:10:49,742 - INFO - 🔍 Comparing CSVs to find new entries...
2025-04-12 05:15:11,832 - INFO - Logger set up successfully!
2025-04-12 05:15:11,832 - INFO - 🏁 Pipeline started...
2025-04-12 05:15:11,832 - INFO - 📥 Downloading latest UK Gov CSV...
2025-04-12 05:15:16,910 - INFO - 🔍 Comparing CSVs to find new entries...
2025-04-12 05:16:45,247 - INFO - Logger set up successfully!
2025-04-12 05:16:45,247 - INFO - 🏁 Pipeline started...
2025-04-12 05:16:45,248 - INFO - 📥 Downloading latest UK Gov CSV...
2025-04-12 05:16:48,991 - INFO - 🔍 Comparing CSVs to find new entries...
2025-04-12 05:17:38,587 - INFO - Logger set up successfully!
2025-04-12 05:17:38,588 - INFO - 🏁 Pipeline started...
2025-04-12 05:17:38,588 - INFO - 📥 Downloading latest UK Gov CSV...
2025-04-12 05:17:43,144 - INFO - 🔍 Comparing CSVs to find new entries...
2025-04-12 05:18:24,006 - INFO - Logger set up successfully!
2025-04-12 05:18:24,006 - INFO - 🏁 Pipeline started...
2025-04-12 05:18:24,006 - INFO - 📥 Downloading latest UK Gov CSV...
2025-04-12 05:18:26,972 - INFO - 🔍 Comparing CSVs to find new entries...
2025-04-12 05:18:57,888 - INFO - Logger set up successfully!
2025-04-12 05:18:57,889 - INFO - 🏁 Pipeline started...
2025-04-12 05:18:57,889 - INFO - 📥 Downloading latest UK Gov CSV...
2025-04-12 05:19:00,518 - INFO - 🔍 Comparing CSVs to find new entries...
2025-04-12 05:24:47,981 - INFO - Logger set up successfully!
2025-04-12 05:24:47,981 - INFO - 🏁 Pipeline started...
2025-04-12 05:24:47,981 - INFO - 📥 Downloading latest UK Gov CSV...
2025-04-12 05:24:52,985 - INFO - 🔍 Comparing CSVs to find new entries...
2025-04-12 05:25:02,940 - INFO - ⚙️ Enriching 66 new sponsor(s)...
2025-04-12 05:25:19,722 - INFO - 🔍 Starting enrichment for new sponsors...
2025-04-12 05:25:19,727 - INFO - ✅ Enriched 66 companies successfully.
2025-04-12 05:25:54,092 - INFO - Logger set up successfully!
2025-04-12 05:25:54,092 - INFO - 🏁 Pipeline started...
2025-04-12 05:25:54,092 - INFO - 📥 Downloading latest UK Gov CSV...
2025-04-12 05:25:57,052 - INFO - 🔍 Comparing CSVs to find new entries...
2025-04-12 05:26:06,512 - INFO - ⚙️ Enriching 66 new sponsor(s)...
2025-04-12 05:26:07,393 - INFO - 🔍 Starting enrichment for new sponsors...
2025-04-12 05:26:07,401 - INFO - ✅ Enriched 66 companies successfully.
2025-04-13 02:35:11,085 - INFO - Logger set up successfully!
2025-04-13 02:35:11,085 - INFO - 🏁 Pipeline started...
2025-04-13 02:35:11,085 - INFO - 📥 Downloading latest UK Gov CSV...
2025-04-13 02:35:37,593 - INFO - 🔍 Comparing CSVs to find new entries...
2025-04-13 02:35:55,973 - ERROR - ❌ Pipeline failed: No CSV file from yesterday found in the archive.

Traceback (most recent call last):
  File "main.py", line 34, in main
    new_sponsors = get_new_sponsors(csv_path)
  File "/home/shayon/Documents/web/sponsor-reach/extraction/compare_csv.py", line 38, in get_new_sponsors
    previous_csv_path = get_yesterday_file(archive_dir)
  File "/home/shayon/Documents/web/sponsor-reach/extraction/compare_csv.py", line 26, in get_yesterday_file
    raise FileNotFoundError("No CSV file from yesterday found in the archive.")
FileNotFoundError: No CSV file from yesterday found in the archive.

2025-04-13 02:37:46,035 - INFO - Logger set up successfully!
2025-04-13 02:37:46,035 - INFO - 🏁 Pipeline started...
2025-04-13 02:37:46,035 - INFO - 📥 Downloading latest UK Gov CSV...
2025-04-13 02:38:31,054 - INFO - 🔍 Comparing CSVs to find new entries...
2025-04-13 02:38:42,850 - INFO - ✅ No new sponsors found today.
2025-04-13 02:46:33,031 - INFO - Logger set up successfully!
2025-04-13 02:46:33,031 - INFO - 🏁 Pipeline started...
2025-04-13 02:46:33,031 - INFO - 📥 Downloading latest UK Gov CSV...
2025-04-13 02:46:50,328 - INFO - 🔍 Comparing CSVs to find new entries...
2025-04-13 02:46:52,995 - INFO - ✅ No new sponsors found today.
2025-04-13 02:47:25,778 - INFO - Logger set up successfully!
2025-04-13 02:47:25,779 - INFO - 🏁 Pipeline started...
2025-04-13 02:47:25,779 - INFO - 📥 Downloading latest UK Gov CSV...
2025-04-13 02:47:25,779 - INFO - 🔍 Comparing CSVs to find new entries...
2025-04-13 02:48:04,124 - ERROR - ❌ Pipeline failed: No CSV file from yesterday found in the archive.

Traceback (most recent call last):
  File "main.py", line 34, in main
    new_sponsors = get_new_sponsors(csv_path)
  File "/home/shayon/Documents/web/sponsor-reach/extraction/compare_csv.py", line 38, in get_new_sponsors
    previous_csv_path = get_yesterday_file(archive_dir)
  File "/home/shayon/Documents/web/sponsor-reach/extraction/compare_csv.py", line 26, in get_yesterday_file
    raise FileNotFoundError("No CSV file from yesterday found in the archive.")
FileNotFoundError: No CSV file from yesterday found in the archive.

2025-04-13 02:50:38,133 - INFO - Logger set up successfully!
2025-04-13 02:50:38,133 - INFO - 🏁 Pipeline started...
2025-04-13 02:50:38,133 - INFO - 📥 Downloading latest UK Gov CSV...
2025-04-13 02:50:38,134 - INFO - 🔍 Comparing CSVs to find new entries...
2025-04-13 02:56:11,399 - INFO - Logger set up successfully!
2025-04-13 02:56:11,399 - INFO - 🏁 Pipeline started...
2025-04-13 02:56:11,399 - INFO - 📥 Downloading latest UK Gov CSV...
2025-04-13 02:56:11,399 - INFO - 🔍 Comparing CSVs to find new entries...
2025-04-13 03:00:50,276 - INFO - Logger set up successfully!
2025-04-13 03:00:50,276 - INFO - 🏁 Pipeline started...
2025-04-13 03:00:50,276 - INFO - 📥 Downloading latest UK Gov CSV...
2025-04-13 03:00:50,276 - INFO - 🔍 Comparing CSVs to find new entries...
2025-04-13 03:01:17,718 - INFO - Logger set up successfully!
2025-04-13 03:01:17,718 - INFO - 🏁 Pipeline started...
2025-04-13 03:01:17,718 - INFO - 📥 Downloading latest UK Gov CSV...
2025-04-13 03:01:17,718 - INFO - 🔍 Comparing CSVs to find new entries...
2025-04-13 03:02:07,706 - ERROR - ❌ Pipeline failed: No columns to parse from file

Traceback (most recent call last):
  File "main.py", line 34, in main
    new_sponsors = get_new_sponsors(csv_path)
  File "/home/shayon/Documents/web/sponsor-reach/extraction/compare_csv.py", line 81, in get_new_sponsors
    df_previous = pd.read_csv(previous_csv_path)
  File "/home/shayon/Documents/web/sponsor-reach/.venv/lib64/python3.13/site-packages/pandas/io/parsers/readers.py", line 1026, in read_csv
    return _read(filepath_or_buffer, kwds)
  File "/home/shayon/Documents/web/sponsor-reach/.venv/lib64/python3.13/site-packages/pandas/io/parsers/readers.py", line 620, in _read
    parser = TextFileReader(filepath_or_buffer, **kwds)
  File "/home/shayon/Documents/web/sponsor-reach/.venv/lib64/python3.13/site-packages/pandas/io/parsers/readers.py", line 1620, in __init__
    self._engine = self._make_engine(f, self.engine)
                   ~~~~~~~~~~~~~~~~~^^^^^^^^^^^^^^^^
  File "/home/shayon/Documents/web/sponsor-reach/.venv/lib64/python3.13/site-packages/pandas/io/parsers/readers.py", line 1898, in _make_engine
    return mapping[engine](f, **self.options)
           ~~~~~~~~~~~~~~~^^^^^^^^^^^^^^^^^^^
  File "/home/shayon/Documents/web/sponsor-reach/.venv/lib64/python3.13/site-packages/pandas/io/parsers/c_parser_wrapper.py", line 93, in __init__
    self._reader = parsers.TextReader(src, **kwds)
                   ~~~~~~~~~~~~~~~~~~^^^^^^^^^^^^^
  File "parsers.pyx", line 581, in pandas._libs.parsers.TextReader.__cinit__
pandas.errors.EmptyDataError: No columns to parse from file

2025-04-13 03:02:58,109 - INFO - Logger set up successfully!
2025-04-13 03:02:58,109 - INFO - 🏁 Pipeline started...
2025-04-13 03:02:58,109 - INFO - 📥 Downloading latest UK Gov CSV...
2025-04-13 03:02:58,109 - INFO - 🔍 Comparing CSVs to find new entries...
2025-04-13 03:03:50,735 - ERROR - ❌ Pipeline failed: No columns to parse from file

Traceback (most recent call last):
  File "main.py", line 34, in main
    new_sponsors = get_new_sponsors(csv_path)
  File "/home/shayon/Documents/web/sponsor-reach/extraction/compare_csv.py", line 81, in get_new_sponsors
    df_previous = pd.read_csv(previous_csv_path)
  File "/home/shayon/Documents/web/sponsor-reach/.venv/lib64/python3.13/site-packages/pandas/io/parsers/readers.py", line 1026, in read_csv
    return _read(filepath_or_buffer, kwds)
  File "/home/shayon/Documents/web/sponsor-reach/.venv/lib64/python3.13/site-packages/pandas/io/parsers/readers.py", line 620, in _read
    parser = TextFileReader(filepath_or_buffer, **kwds)
  File "/home/shayon/Documents/web/sponsor-reach/.venv/lib64/python3.13/site-packages/pandas/io/parsers/readers.py", line 1620, in __init__
    self._engine = self._make_engine(f, self.engine)
                   ~~~~~~~~~~~~~~~~~^^^^^^^^^^^^^^^^
  File "/home/shayon/Documents/web/sponsor-reach/.venv/lib64/python3.13/site-packages/pandas/io/parsers/readers.py", line 1898, in _make_engine
    return mapping[engine](f, **self.options)
           ~~~~~~~~~~~~~~~^^^^^^^^^^^^^^^^^^^
  File "/home/shayon/Documents/web/sponsor-reach/.venv/lib64/python3.13/site-packages/pandas/io/parsers/c_parser_wrapper.py", line 93, in __init__
    self._reader = parsers.TextReader(src, **kwds)
                   ~~~~~~~~~~~~~~~~~~^^^^^^^^^^^^^
  File "parsers.pyx", line 581, in pandas._libs.parsers.TextReader.__cinit__
pandas.errors.EmptyDataError: No columns to parse from file

2025-04-13 03:03:56,656 - INFO - Logger set up successfully!
2025-04-13 03:03:56,656 - INFO - 🏁 Pipeline started...
2025-04-13 03:03:56,656 - INFO - 📥 Downloading latest UK Gov CSV...
2025-04-13 03:03:56,656 - INFO - 🔍 Comparing CSVs to find new entries...
2025-04-13 03:07:36,582 - INFO - Logger set up successfully!
2025-04-13 03:07:36,582 - INFO - 🏁 Pipeline started...
2025-04-13 03:07:36,582 - INFO - 📥 Downloading latest UK Gov CSV...
2025-04-13 03:07:36,582 - INFO - 🔍 Comparing CSVs to find new entries...
2025-04-13 03:08:09,526 - INFO - ⚙️ Enriching 66 new sponsor(s)...
2025-04-13 03:08:09,527 - INFO - 🔍 Starting enrichment for new sponsors...
2025-04-13 03:08:09,528 - INFO - ✅ Enriched 66 companies successfully.
2025-04-13 03:08:09,529 - INFO - 📧 Sending outreach emails...
2025-04-13 03:08:09,537 - WARNING - Skipping sponsor with no email: {'Company Name': 'A & N TRIMMINGS LIMITED', 'Route': 'Skilled Worker', 'Email': 'info@a&ntrimmingslimited.co.uk', 'LinkedIn': 'https://linkedin.com/company/a-&-n-trimmings-limited', 'Website': 'https://a&ntrimmingslimited.co.uk', 'Enriched': True}
2025-04-13 03:08:09,537 - WARNING - Skipping sponsor with no email: {'Company Name': 'ABACUS-69 HOLDINGS LIMITED', 'Route': 'Skilled Worker', 'Email': 'info@abacus-69holdingslimited.co.uk', 'LinkedIn': 'https://linkedin.com/company/abacus-69-holdings-limited', 'Website': 'https://abacus-69holdingslimited.co.uk', 'Enriched': True}
2025-04-13 03:08:09,537 - WARNING - Skipping sponsor with no email: {'Company Name': 'Adaptive Financial Consulting Ltd', 'Route': 'Global Business Mobility: Senior or Specialist Worker', 'Email': 'info@adaptivefinancialconsultingltd.co.uk', 'LinkedIn': 'https://linkedin.com/company/adaptive-financial-consulting-ltd', 'Website': 'https://adaptivefinancialconsultingltd.co.uk', 'Enriched': True}
2025-04-13 03:08:09,537 - WARNING - Skipping sponsor with no email: {'Company Name': 'Airds Hotel', 'Route': 'Skilled Worker', 'Email': 'info@airdshotel.co.uk', 'LinkedIn': 'https://linkedin.com/company/airds-hotel', 'Website': 'https://airdshotel.co.uk', 'Enriched': True}
2025-04-13 03:08:09,537 - WARNING - Skipping sponsor with no email: {'Company Name': 'ALPHA UK PROPERTIES LIMITED', 'Route': 'Skilled Worker', 'Email': 'info@alphaukpropertieslimited.co.uk', 'LinkedIn': 'https://linkedin.com/company/alpha-uk-properties-limited', 'Website': 'https://alphaukpropertieslimited.co.uk', 'Enriched': True}
2025-04-13 03:08:09,537 - WARNING - Skipping sponsor with no email: {'Company Name': 'BBF Interiors LTD', 'Route': 'Skilled Worker', 'Email': 'info@bbfinteriorsltd.co.uk', 'LinkedIn': 'https://linkedin.com/company/bbf-interiors-ltd', 'Website': 'https://bbfinteriorsltd.co.uk', 'Enriched': True}
2025-04-13 03:08:09,538 - WARNING - Skipping sponsor with no email: {'Company Name': 'Becomfy Limited', 'Route': 'Skilled Worker', 'Email': 'info@becomfylimited.co.uk', 'LinkedIn': 'https://linkedin.com/company/becomfy-limited', 'Website': 'https://becomfylimited.co.uk', 'Enriched': True}
2025-04-13 03:08:09,538 - WARNING - Skipping sponsor with no email: {'Company Name': 'Big Leap Consulting Ltd', 'Route': 'Skilled Worker', 'Email': 'info@bigleapconsultingltd.co.uk', 'LinkedIn': 'https://linkedin.com/company/big-leap-consulting-ltd', 'Website': 'https://bigleapconsultingltd.co.uk', 'Enriched': True}
2025-04-13 03:08:09,538 - WARNING - Skipping sponsor with no email: {'Company Name': 'CARE STAFF SERVICES LTD', 'Route': 'Skilled Worker', 'Email': 'info@carestaffservicesltd.co.uk', 'LinkedIn': 'https://linkedin.com/company/care-staff-services-ltd', 'Website': 'https://carestaffservicesltd.co.uk', 'Enriched': True}
2025-04-13 03:08:09,538 - WARNING - Skipping sponsor with no email: {'Company Name': 'CarUniversal LTD', 'Route': 'Skilled Worker', 'Email': 'info@caruniversalltd.co.uk', 'LinkedIn': 'https://linkedin.com/company/caruniversal-ltd', 'Website': 'https://caruniversalltd.co.uk', 'Enriched': True}
2025-04-13 03:08:09,538 - WARNING - Skipping sponsor with no email: {'Company Name': 'Ceon Machinery Control Ltd', 'Route': 'Skilled Worker', 'Email': 'info@ceonmachinerycontrolltd.co.uk', 'LinkedIn': 'https://linkedin.com/company/ceon-machinery-control-ltd', 'Website': 'https://ceonmachinerycontrolltd.co.uk', 'Enriched': True}
2025-04-13 03:08:09,538 - WARNING - Skipping sponsor with no email: {'Company Name': 'CHASE LODGE HOSPITAL LTD', 'Route': 'Skilled Worker', 'Email': 'info@chaselodgehospitalltd.co.uk', 'LinkedIn': 'https://linkedin.com/company/chase-lodge-hospital-ltd', 'Website': 'https://chaselodgehospitalltd.co.uk', 'Enriched': True}
2025-04-13 03:08:09,538 - WARNING - Skipping sponsor with no email: {'Company Name': 'Chelsfield Electrical Ltd', 'Route': 'Skilled Worker', 'Email': 'info@chelsfieldelectricalltd.co.uk', 'LinkedIn': 'https://linkedin.com/company/chelsfield-electrical-ltd', 'Website': 'https://chelsfieldelectricalltd.co.uk', 'Enriched': True}
2025-04-13 03:08:09,538 - WARNING - Skipping sponsor with no email: {'Company Name': 'CONSULTONIC PVT LTD', 'Route': 'Skilled Worker', 'Email': 'info@consultonicpvtltd.co.uk', 'LinkedIn': 'https://linkedin.com/company/consultonic-pvt-ltd', 'Website': 'https://consultonicpvtltd.co.uk', 'Enriched': True}
2025-04-13 03:08:09,538 - WARNING - Skipping sponsor with no email: {'Company Name': 'COUNTY FOOD INGREDIENTS LTD', 'Route': 'Skilled Worker', 'Email': 'info@countyfoodingredientsltd.co.uk', 'LinkedIn': 'https://linkedin.com/company/county-food-ingredients-ltd', 'Website': 'https://countyfoodingredientsltd.co.uk', 'Enriched': True}
2025-04-13 03:08:09,538 - WARNING - Skipping sponsor with no email: {'Company Name': 'Darbar Arts Culture Heritage Trust', 'Route': 'Skilled Worker', 'Email': 'info@darbarartscultureheritagetrust.co.uk', 'LinkedIn': 'https://linkedin.com/company/darbar-arts-culture-heritage-trust', 'Website': 'https://darbarartscultureheritagetrust.co.uk', 'Enriched': True}
2025-04-13 03:08:09,538 - WARNING - Skipping sponsor with no email: {'Company Name': 'Digital Innk Limited', 'Route': 'Skilled Worker', 'Email': 'info@digitalinnklimited.co.uk', 'LinkedIn': 'https://linkedin.com/company/digital-innk-limited', 'Website': 'https://digitalinnklimited.co.uk', 'Enriched': True}
2025-04-13 03:08:09,538 - WARNING - Skipping sponsor with no email: {'Company Name': 'Ek Niwas', 'Route': 'Religious Worker', 'Email': 'info@ekniwas.co.uk', 'LinkedIn': 'https://linkedin.com/company/ek-niwas', 'Website': 'https://ekniwas.co.uk', 'Enriched': True}
2025-04-13 03:08:09,538 - WARNING - Skipping sponsor with no email: {'Company Name': 'Evolution (Radlett) Ltd', 'Route': 'Skilled Worker', 'Email': 'info@evolution(radlett)ltd.co.uk', 'LinkedIn': 'https://linkedin.com/company/evolution-(radlett)-ltd', 'Website': 'https://evolution(radlett)ltd.co.uk', 'Enriched': True}
2025-04-13 03:08:09,538 - WARNING - Skipping sponsor with no email: {'Company Name': 'GREEN BIRDS CONSTRUCTION LTD', 'Route': 'Skilled Worker', 'Email': 'info@greenbirdsconstructionltd.co.uk', 'LinkedIn': 'https://linkedin.com/company/green-birds-construction-ltd', 'Website': 'https://greenbirdsconstructionltd.co.uk', 'Enriched': True}
2025-04-13 03:08:09,539 - WARNING - Skipping sponsor with no email: {'Company Name': 'Gruber Logistics (UK) Limited', 'Route': 'Skilled Worker', 'Email': 'info@gruberlogistics(uk)limited.co.uk', 'LinkedIn': 'https://linkedin.com/company/gruber-logistics-(uk)-limited', 'Website': 'https://gruberlogistics(uk)limited.co.uk', 'Enriched': True}
2025-04-13 03:08:09,539 - WARNING - Skipping sponsor with no email: {'Company Name': 'HH Productions Ltd', 'Route': 'Skilled Worker', 'Email': 'info@hhproductionsltd.co.uk', 'LinkedIn': 'https://linkedin.com/company/hh-productions-ltd', 'Website': 'https://hhproductionsltd.co.uk', 'Enriched': True}
2025-04-13 03:08:09,539 - WARNING - Skipping sponsor with no email: {'Company Name': 'invoX Belgium UK Ltd', 'Route': 'Skilled Worker', 'Email': 'info@invoxbelgiumukltd.co.uk', 'LinkedIn': 'https://linkedin.com/company/invox-belgium-uk-ltd', 'Website': 'https://invoxbelgiumukltd.co.uk', 'Enriched': True}
2025-04-13 03:08:09,539 - WARNING - Skipping sponsor with no email: {'Company Name': 'JUMO UK LTD', 'Route': 'Skilled Worker', 'Email': 'info@jumoukltd.co.uk', 'LinkedIn': 'https://linkedin.com/company/jumo-uk-ltd', 'Website': 'https://jumoukltd.co.uk', 'Enriched': True}
2025-04-13 03:08:09,539 - WARNING - Skipping sponsor with no email: {'Company Name': 'KEMSHO LTD', 'Route': 'Global Business Mobility: UK Expansion Worker', 'Email': 'info@kemsholtd.co.uk', 'LinkedIn': 'https://linkedin.com/company/kemsho-ltd', 'Website': 'https://kemsholtd.co.uk', 'Enriched': True}
2025-04-13 03:08:09,539 - WARNING - Skipping sponsor with no email: {'Company Name': 'Khnms Ltd', 'Route': 'Skilled Worker', 'Email': 'info@khnmsltd.co.uk', 'LinkedIn': 'https://linkedin.com/company/khnms-ltd', 'Website': 'https://khnmsltd.co.uk', 'Enriched': True}
2025-04-13 03:08:09,539 - WARNING - Skipping sponsor with no email: {'Company Name': 'Kokoro Hounslow Ltd', 'Route': 'Skilled Worker', 'Email': 'info@kokorohounslowltd.co.uk', 'LinkedIn': 'https://linkedin.com/company/kokoro-hounslow-ltd', 'Website': 'https://kokorohounslowltd.co.uk', 'Enriched': True}
2025-04-13 03:08:09,539 - WARNING - Skipping sponsor with no email: {'Company Name': 'KONESH & CO LTD', 'Route': 'Skilled Worker', 'Email': 'info@konesh&coltd.co.uk', 'LinkedIn': 'https://linkedin.com/company/konesh-&-co-ltd', 'Website': 'https://konesh&coltd.co.uk', 'Enriched': True}
2025-04-13 03:08:09,539 - WARNING - Skipping sponsor with no email: {'Company Name': 'LEVEL WEB LIMITED', 'Route': 'Skilled Worker', 'Email': 'info@levelweblimited.co.uk', 'LinkedIn': 'https://linkedin.com/company/level-web-limited', 'Website': 'https://levelweblimited.co.uk', 'Enriched': True}
2025-04-13 03:08:09,539 - WARNING - Skipping sponsor with no email: {'Company Name': 'LGMG MACHINERY U.K. LIMITED', 'Route': 'Global Business Mobility: Senior or Specialist Worker', 'Email': 'info@lgmgmachineryu.k.limited.co.uk', 'LinkedIn': 'https://linkedin.com/company/lgmg-machinery-u.k.-limited', 'Website': 'https://lgmgmachineryu.k.limited.co.uk', 'Enriched': True}
2025-04-13 03:08:09,539 - WARNING - Skipping sponsor with no email: {'Company Name': 'LGMG MACHINERY U.K. LIMITED', 'Route': 'Skilled Worker', 'Email': 'info@lgmgmachineryu.k.limited.co.uk', 'LinkedIn': 'https://linkedin.com/company/lgmg-machinery-u.k.-limited', 'Website': 'https://lgmgmachineryu.k.limited.co.uk', 'Enriched': True}
2025-04-13 03:08:09,539 - WARNING - Skipping sponsor with no email: {'Company Name': 'LIFESTYLE FLOORING LIMITED', 'Route': 'Skilled Worker', 'Email': 'info@lifestyleflooringlimited.co.uk', 'LinkedIn': 'https://linkedin.com/company/lifestyle-flooring-limited', 'Website': 'https://lifestyleflooringlimited.co.uk', 'Enriched': True}
2025-04-13 03:08:09,540 - WARNING - Skipping sponsor with no email: {'Company Name': 'Logix FM Ltd', 'Route': 'Skilled Worker', 'Email': 'info@logixfmltd.co.uk', 'LinkedIn': 'https://linkedin.com/company/logix-fm-ltd', 'Website': 'https://logixfmltd.co.uk', 'Enriched': True}
2025-04-13 03:08:09,540 - WARNING - Skipping sponsor with no email: {'Company Name': 'Maxvale Limited T/A Fledgelings Day Nursery', 'Route': 'Skilled Worker', 'Email': 'info@maxvalelimitedt/afledgelingsdaynursery.co.uk', 'LinkedIn': 'https://linkedin.com/company/maxvale-limited-t/a-fledgelings-day-nursery', 'Website': 'https://maxvalelimitedt/afledgelingsdaynursery.co.uk', 'Enriched': True}
2025-04-13 03:08:09,540 - WARNING - Skipping sponsor with no email: {'Company Name': 'Medefine Education Group LTD', 'Route': 'Skilled Worker', 'Email': 'info@medefineeducationgroupltd.co.uk', 'LinkedIn': 'https://linkedin.com/company/medefine-education-group-ltd', 'Website': 'https://medefineeducationgroupltd.co.uk', 'Enriched': True}
2025-04-13 03:08:09,540 - WARNING - Skipping sponsor with no email: {'Company Name': 'Mint Consulting (CRM) Ltd', 'Route': 'Skilled Worker', 'Email': 'info@mintconsulting(crm)ltd.co.uk', 'LinkedIn': 'https://linkedin.com/company/mint-consulting-(crm)-ltd', 'Website': 'https://mintconsulting(crm)ltd.co.uk', 'Enriched': True}
2025-04-13 03:08:09,540 - WARNING - Skipping sponsor with no email: {'Company Name': 'MK SUPERMARKET STORE LTD', 'Route': 'Skilled Worker', 'Email': 'info@mksupermarketstoreltd.co.uk', 'LinkedIn': 'https://linkedin.com/company/mk-supermarket-store-ltd', 'Website': 'https://mksupermarketstoreltd.co.uk', 'Enriched': True}
2025-04-13 03:08:09,540 - WARNING - Skipping sponsor with no email: {'Company Name': 'NorthRow Ltd', 'Route': 'Skilled Worker', 'Email': 'info@northrowltd.co.uk', 'LinkedIn': 'https://linkedin.com/company/northrow-ltd', 'Website': 'https://northrowltd.co.uk', 'Enriched': True}
2025-04-13 03:08:09,540 - WARNING - Skipping sponsor with no email: {'Company Name': 'NXPower (UK) Ltd t/a Cyberpower', 'Route': 'Skilled Worker', 'Email': 'info@nxpower(uk)ltdt/acyberpower.co.uk', 'LinkedIn': 'https://linkedin.com/company/nxpower-(uk)-ltd-t/a-cyberpower', 'Website': 'https://nxpower(uk)ltdt/acyberpower.co.uk', 'Enriched': True}
2025-04-13 03:08:09,540 - WARNING - Skipping sponsor with no email: {'Company Name': 'ORANGE ICE CREAM AND DESSERT PARLOUR LTD', 'Route': 'Skilled Worker', 'Email': 'info@orangeicecreamanddessertparlourltd.co.uk', 'LinkedIn': 'https://linkedin.com/company/orange-ice-cream-and-dessert-parlour-ltd', 'Website': 'https://orangeicecreamanddessertparlourltd.co.uk', 'Enriched': True}
2025-04-13 03:08:09,540 - WARNING - Skipping sponsor with no email: {'Company Name': 'PARTH SERVICES LIMITED', 'Route': 'Skilled Worker', 'Email': 'info@parthserviceslimited.co.uk', 'LinkedIn': 'https://linkedin.com/company/parth-services-limited', 'Website': 'https://parthserviceslimited.co.uk', 'Enriched': True}
2025-04-13 03:08:09,540 - WARNING - Skipping sponsor with no email: {'Company Name': 'Peter Best Trade Limited', 'Route': 'Skilled Worker', 'Email': 'info@peterbesttradelimited.co.uk', 'LinkedIn': 'https://linkedin.com/company/peter-best-trade-limited', 'Website': 'https://peterbesttradelimited.co.uk', 'Enriched': True}
2025-04-13 03:08:09,540 - WARNING - Skipping sponsor with no email: {'Company Name': 'Ramgarhia Board Northampton', 'Route': 'Religious Worker', 'Email': 'info@ramgarhiaboardnorthampton.co.uk', 'LinkedIn': 'https://linkedin.com/company/ramgarhia-board-northampton', 'Website': 'https://ramgarhiaboardnorthampton.co.uk', 'Enriched': True}
2025-04-13 03:08:09,540 - WARNING - Skipping sponsor with no email: {'Company Name': 'RISING MEDICAL TECHNOLOGIES LIMITED', 'Route': 'Skilled Worker', 'Email': 'info@risingmedicaltechnologieslimited.co.uk', 'LinkedIn': 'https://linkedin.com/company/rising-medical-technologies-limited', 'Website': 'https://risingmedicaltechnologieslimited.co.uk', 'Enriched': True}
2025-04-13 03:08:09,540 - WARNING - Skipping sponsor with no email: {'Company Name': 'SABA CAPITAL MANAGEMENT (UK) LIMITED', 'Route': 'Skilled Worker', 'Email': 'info@sabacapitalmanagement(uk)limited.co.uk', 'LinkedIn': 'https://linkedin.com/company/saba-capital-management-(uk)-limited', 'Website': 'https://sabacapitalmanagement(uk)limited.co.uk', 'Enriched': True}
2025-04-13 03:08:09,540 - WARNING - Skipping sponsor with no email: {'Company Name': 'Safari UK Bidco Limited', 'Route': 'Skilled Worker', 'Email': 'info@safariukbidcolimited.co.uk', 'LinkedIn': 'https://linkedin.com/company/safari-uk-bidco-limited', 'Website': 'https://safariukbidcolimited.co.uk', 'Enriched': True}
2025-04-13 03:08:09,541 - WARNING - Skipping sponsor with no email: {'Company Name': 'Saga Truck & Van Limited', 'Route': 'Skilled Worker', 'Email': 'info@sagatruck&vanlimited.co.uk', 'LinkedIn': 'https://linkedin.com/company/saga-truck-&-van-limited', 'Website': 'https://sagatruck&vanlimited.co.uk', 'Enriched': True}
2025-04-13 03:08:09,541 - WARNING - Skipping sponsor with no email: {'Company Name': 'SDR Care Services', 'Route': 'Skilled Worker', 'Email': 'info@sdrcareservices.co.uk', 'LinkedIn': 'https://linkedin.com/company/sdr-care-services', 'Website': 'https://sdrcareservices.co.uk', 'Enriched': True}
2025-04-13 03:08:09,541 - WARNING - Skipping sponsor with no email: {'Company Name': 'Signature Healthcare Services Limited', 'Route': 'Skilled Worker', 'Email': 'info@signaturehealthcareserviceslimited.co.uk', 'LinkedIn': 'https://linkedin.com/company/signature-healthcare-services-limited', 'Website': 'https://signaturehealthcareserviceslimited.co.uk', 'Enriched': True}
2025-04-13 03:08:09,541 - WARNING - Skipping sponsor with no email: {'Company Name': 'SK PROTECTION LIMITED', 'Route': 'Skilled Worker', 'Email': 'info@skprotectionlimited.co.uk', 'LinkedIn': 'https://linkedin.com/company/sk-protection-limited', 'Website': 'https://skprotectionlimited.co.uk', 'Enriched': True}
2025-04-13 03:08:09,541 - WARNING - Skipping sponsor with no email: {'Company Name': 'Spring Staffing Limited', 'Route': 'Skilled Worker', 'Email': 'info@springstaffinglimited.co.uk', 'LinkedIn': 'https://linkedin.com/company/spring-staffing-limited', 'Website': 'https://springstaffinglimited.co.uk', 'Enriched': True}
2025-04-13 03:08:09,541 - WARNING - Skipping sponsor with no email: {'Company Name': 'Sturrock and Robson Services Ltd', 'Route': 'Skilled Worker', 'Email': 'info@sturrockandrobsonservicesltd.co.uk', 'LinkedIn': 'https://linkedin.com/company/sturrock-and-robson-services-ltd', 'Website': 'https://sturrockandrobsonservicesltd.co.uk', 'Enriched': True}
2025-04-13 03:08:09,541 - WARNING - Skipping sponsor with no email: {'Company Name': 'Sure Thing Constructions Ltd', 'Route': 'Skilled Worker', 'Email': 'info@surethingconstructionsltd.co.uk', 'LinkedIn': 'https://linkedin.com/company/sure-thing-constructions-ltd', 'Website': 'https://surethingconstructionsltd.co.uk', 'Enriched': True}
2025-04-13 03:08:09,541 - WARNING - Skipping sponsor with no email: {'Company Name': 'Tekuchi Limited', 'Route': 'Skilled Worker', 'Email': 'info@tekuchilimited.co.uk', 'LinkedIn': 'https://linkedin.com/company/tekuchi-limited', 'Website': 'https://tekuchilimited.co.uk', 'Enriched': True}
2025-04-13 03:08:09,541 - WARNING - Skipping sponsor with no email: {'Company Name': 'THE PIZZA HOUSE PETERBOROUGH LIMITED', 'Route': 'Skilled Worker', 'Email': 'info@thepizzahousepeterboroughlimited.co.uk', 'LinkedIn': 'https://linkedin.com/company/the-pizza-house-peterborough-limited', 'Website': 'https://thepizzahousepeterboroughlimited.co.uk', 'Enriched': True}
2025-04-13 03:08:09,541 - WARNING - Skipping sponsor with no email: {'Company Name': 'TLS CARE LTD', 'Route': 'Skilled Worker', 'Email': 'info@tlscareltd.co.uk', 'LinkedIn': 'https://linkedin.com/company/tls-care-ltd', 'Website': 'https://tlscareltd.co.uk', 'Enriched': True}
2025-04-13 03:08:09,541 - WARNING - Skipping sponsor with no email: {'Company Name': 'Umada Limited t/a Heavenly Desserts Hull', 'Route': 'Skilled Worker', 'Email': 'info@umadalimitedt/aheavenlydessertshull.co.uk', 'LinkedIn': 'https://linkedin.com/company/umada-limited-t/a-heavenly-desserts-hull', 'Website': 'https://umadalimitedt/aheavenlydessertshull.co.uk', 'Enriched': True}
2025-04-13 03:08:09,541 - WARNING - Skipping sponsor with no email: {'Company Name': 'University of Lancashire', 'Route': 'Skilled Worker', 'Email': 'info@universityoflancashire.co.uk', 'LinkedIn': 'https://linkedin.com/company/university-of-lancashire', 'Website': 'https://universityoflancashire.co.uk', 'Enriched': True}
2025-04-13 03:08:09,542 - WARNING - Skipping sponsor with no email: {'Company Name': 'University of Lancashire', 'Route': 'Government Authorised Exchange', 'Email': 'info@universityoflancashire.co.uk', 'LinkedIn': 'https://linkedin.com/company/university-of-lancashire', 'Website': 'https://universityoflancashire.co.uk', 'Enriched': True}
2025-04-13 03:08:09,542 - WARNING - Skipping sponsor with no email: {'Company Name': 'windrush surgery', 'Route': 'Skilled Worker', 'Email': 'info@windrushsurgery.co.uk', 'LinkedIn': 'https://linkedin.com/company/windrush-surgery', 'Website': 'https://windrushsurgery.co.uk', 'Enriched': True}
2025-04-13 03:08:09,542 - WARNING - Skipping sponsor with no email: {'Company Name': "Wolverhampton Girls' High School", 'Route': 'Skilled Worker', 'Email': "info@wolverhamptongirls'highschool.co.uk", 'LinkedIn': "https://linkedin.com/company/wolverhampton-girls'-high-school", 'Website': "https://wolverhamptongirls'highschool.co.uk", 'Enriched': True}
2025-04-13 03:08:09,542 - WARNING - Skipping sponsor with no email: {'Company Name': 'Wren Laboratories Limited', 'Route': 'Skilled Worker', 'Email': 'info@wrenlaboratorieslimited.co.uk', 'LinkedIn': 'https://linkedin.com/company/wren-laboratories-limited', 'Website': 'https://wrenlaboratorieslimited.co.uk', 'Enriched': True}
2025-04-13 03:08:09,542 - WARNING - Skipping sponsor with no email: {'Company Name': 'Yaar Haulage Limited', 'Route': 'Skilled Worker', 'Email': 'info@yaarhaulagelimited.co.uk', 'LinkedIn': 'https://linkedin.com/company/yaar-haulage-limited', 'Website': 'https://yaarhaulagelimited.co.uk', 'Enriched': True}
2025-04-13 03:08:09,542 - WARNING - Skipping sponsor with no email: {'Company Name': 'YGF EDINBURGH LTD', 'Route': 'Skilled Worker', 'Email': 'info@ygfedinburghltd.co.uk', 'LinkedIn': 'https://linkedin.com/company/ygf-edinburgh-ltd', 'Website': 'https://ygfedinburghltd.co.uk', 'Enriched': True}
2025-04-13 03:08:09,542 - WARNING - Skipping sponsor with no email: {'Company Name': 'Yolo Group Restaurants Limited', 'Route': 'Skilled Worker', 'Email': 'info@yologrouprestaurantslimited.co.uk', 'LinkedIn': 'https://linkedin.com/company/yolo-group-restaurants-limited', 'Website': 'https://yologrouprestaurantslimited.co.uk', 'Enriched': True}
2025-04-13 03:08:09,542 - WARNING - Skipping sponsor with no email: {'Company Name': 'Zinc Network Limited', 'Route': 'Skilled Worker', 'Email': 'info@zincnetworklimited.co.uk', 'LinkedIn': 'https://linkedin.com/company/zinc-network-limited', 'Website': 'https://zincnetworklimited.co.uk', 'Enriched': True}
2025-04-13 03:08:09,542 - INFO - ✅ Outreach Summary: 0 sent, 0 failed.
2025-04-13 03:08:28,571 - INFO - Logger set up successfully!
2025-04-13 03:08:28,571 - INFO - 🏁 Pipeline started...
2025-04-13 03:08:28,571 - INFO - 📥 Downloading latest UK Gov CSV...
2025-04-13 03:08:28,572 - INFO - 🔍 Comparing CSVs to find new entries...
2025-04-13 03:08:46,461 - INFO - ⚙️ Enriching 66 new sponsor(s)...
2025-04-13 03:09:33,247 - INFO - 🔍 Starting enrichment for new sponsors...
2025-04-13 03:10:00,260 - INFO - ✅ Enriched 66 companies successfully.
2025-04-13 03:10:05,544 - INFO - 📧 Sending outreach emails...
2025-04-13 03:10:55,885 - WARNING - Skipping sponsor with no email: {'Company Name': 'A & N TRIMMINGS LIMITED', 'Route': 'Skilled Worker', 'Email': 'info@a&ntrimmingslimited.co.uk', 'LinkedIn': 'https://linkedin.com/company/a-&-n-trimmings-limited', 'Website': 'https://a&ntrimmingslimited.co.uk', 'Enriched': True}
2025-04-13 03:10:58,783 - WARNING - Skipping sponsor with no email: {'Company Name': 'ABACUS-69 HOLDINGS LIMITED', 'Route': 'Skilled Worker', 'Email': 'info@abacus-69holdingslimited.co.uk', 'LinkedIn': 'https://linkedin.com/company/abacus-69-holdings-limited', 'Website': 'https://abacus-69holdingslimited.co.uk', 'Enriched': True}
2025-04-13 03:24:57,177 - INFO - Logger set up successfully!
2025-04-13 03:24:57,177 - INFO - 🏁 Pipeline started...
2025-04-13 03:24:57,177 - INFO - 📥 Downloading latest UK Gov CSV...
2025-04-13 03:24:57,177 - INFO - 🔍 Comparing CSVs to find new entries...
2025-04-13 03:24:59,654 - INFO - ⚙️ Enriching 66 new sponsor(s)...
2025-04-13 03:24:59,654 - INFO - 🔍 Starting enrichment for new sponsors...
2025-04-13 03:25:09,047 - INFO - ✅ Enriched 66 companies successfully.
2025-04-13 03:25:14,835 - INFO - 📧 Sending outreach emails...
2025-04-13 03:26:25,682 - INFO - Logger set up successfully!
2025-04-13 03:26:25,682 - INFO - 🏁 Pipeline started...
2025-04-13 03:26:25,682 - INFO - 📥 Downloading latest UK Gov CSV...
2025-04-13 03:26:25,682 - INFO - 🔍 Comparing CSVs to find new entries...
2025-04-13 03:26:28,301 - INFO - ⚙️ Enriching 66 new sponsor(s)...
2025-04-13 03:26:28,302 - INFO - 🔍 Starting enrichment for new sponsors...
2025-04-13 03:26:28,302 - INFO - ✅ Enriched 66 companies successfully.
2025-04-13 03:26:28,302 - INFO - 📧 Sending outreach emails...
2025-04-13 03:27:00,345 - INFO - 📨 Email sent to info@a&ntrimmingslimited.co.uk
2025-04-13 13:52:52,400 - INFO - Logger set up successfully!
2025-04-13 13:52:52,400 - INFO - 🏁 Pipeline started...
2025-04-13 13:52:52,400 - INFO - 📥 Downloading latest UK Gov CSV...
2025-04-13 13:52:52,401 - INFO - 🔍 Comparing CSVs to find new entries...
2025-04-13 13:52:54,940 - INFO - ⚙️ Enriching 66 new sponsor(s)...
2025-04-13 13:52:54,940 - INFO - 🔍 Starting enrichment for new sponsors...
2025-04-13 13:52:54,940 - INFO - ✅ Enriched 66 companies successfully.
2025-04-13 13:53:06,242 - INFO - 🔄 Syncing with Salesforce CRM...
2025-04-15 17:32:16,466 - INFO - Logger set up successfully!
2025-04-15 17:32:44,254 - INFO - Logger set up successfully!
2025-04-15 17:32:44,254 - INFO - Logger set up successfully!
2025-04-15 17:32:46,122 - INFO - 🚀 Starting UK Sponsor Reach daily pipeline
2025-04-15 17:32:46,122 - INFO - 🚀 Starting UK Sponsor Reach daily pipeline
2025-04-15 17:33:11,267 - INFO - ⬇️ Downloading latest sponsor CSV
2025-04-15 17:33:11,267 - INFO - ⬇️ Downloading latest sponsor CSV
2025-04-15 17:34:08,075 - CRITICAL - ❌ Unexpected error: Invalid URL 'None': No scheme supplied. Perhaps you meant https://None?
Traceback (most recent call last):
  File "/home/shayon/Documents/web/sponsor-reach/scheduler/daily_workflow.py", line 38, in daily_pipeline
    raw_csv_path = download_latest_csv()
  File "/home/shayon/Documents/web/sponsor-reach/extraction/fetch_csv.py", line 84, in download_latest_csv
    csv_url = get_csv_download_link()
  File "/home/shayon/Documents/web/sponsor-reach/extraction/fetch_csv.py", line 20, in get_csv_download_link
    response = requests.get(page_url, timeout=10)
  File "/home/shayon/Documents/web/sponsor-reach/.venv/lib64/python3.13/site-packages/requests/api.py", line 73, in get
    return request("get", url, params=params, **kwargs)
  File "/home/shayon/Documents/web/sponsor-reach/.venv/lib64/python3.13/site-packages/requests/api.py", line 59, in request
    return session.request(method=method, url=url, **kwargs)
           ~~~~~~~~~~~~~~~^^^^^^^^^^^^^^^^^^^^^^^^^^^^^^^^^^
  File "/home/shayon/Documents/web/sponsor-reach/.venv/lib64/python3.13/site-packages/requests/sessions.py", line 575, in request
    prep = self.prepare_request(req)
  File "/home/shayon/Documents/web/sponsor-reach/.venv/lib64/python3.13/site-packages/requests/sessions.py", line 484, in prepare_request
    p.prepare(
    ~~~~~~~~~^
        method=request.method.upper(),
        ^^^^^^^^^^^^^^^^^^^^^^^^^^^^^^
    ...<10 lines>...
        hooks=merge_hooks(request.hooks, self.hooks),
        ^^^^^^^^^^^^^^^^^^^^^^^^^^^^^^^^^^^^^^^^^^^^^
    )
    ^
  File "/home/shayon/Documents/web/sponsor-reach/.venv/lib64/python3.13/site-packages/requests/models.py", line 367, in prepare
    self.prepare_url(url, params)
    ~~~~~~~~~~~~~~~~^^^^^^^^^^^^^
  File "/home/shayon/Documents/web/sponsor-reach/.venv/lib64/python3.13/site-packages/requests/models.py", line 438, in prepare_url
    raise MissingSchema(
    ...<2 lines>...
    )
requests.exceptions.MissingSchema: Invalid URL 'None': No scheme supplied. Perhaps you meant https://None?
2025-04-15 17:34:08,075 - CRITICAL - ❌ Unexpected error: Invalid URL 'None': No scheme supplied. Perhaps you meant https://None?
Traceback (most recent call last):
  File "/home/shayon/Documents/web/sponsor-reach/scheduler/daily_workflow.py", line 38, in daily_pipeline
    raw_csv_path = download_latest_csv()
  File "/home/shayon/Documents/web/sponsor-reach/extraction/fetch_csv.py", line 84, in download_latest_csv
    csv_url = get_csv_download_link()
  File "/home/shayon/Documents/web/sponsor-reach/extraction/fetch_csv.py", line 20, in get_csv_download_link
    response = requests.get(page_url, timeout=10)
  File "/home/shayon/Documents/web/sponsor-reach/.venv/lib64/python3.13/site-packages/requests/api.py", line 73, in get
    return request("get", url, params=params, **kwargs)
  File "/home/shayon/Documents/web/sponsor-reach/.venv/lib64/python3.13/site-packages/requests/api.py", line 59, in request
    return session.request(method=method, url=url, **kwargs)
           ~~~~~~~~~~~~~~~^^^^^^^^^^^^^^^^^^^^^^^^^^^^^^^^^^
  File "/home/shayon/Documents/web/sponsor-reach/.venv/lib64/python3.13/site-packages/requests/sessions.py", line 575, in request
    prep = self.prepare_request(req)
  File "/home/shayon/Documents/web/sponsor-reach/.venv/lib64/python3.13/site-packages/requests/sessions.py", line 484, in prepare_request
    p.prepare(
    ~~~~~~~~~^
        method=request.method.upper(),
        ^^^^^^^^^^^^^^^^^^^^^^^^^^^^^^
    ...<10 lines>...
        hooks=merge_hooks(request.hooks, self.hooks),
        ^^^^^^^^^^^^^^^^^^^^^^^^^^^^^^^^^^^^^^^^^^^^^
    )
    ^
  File "/home/shayon/Documents/web/sponsor-reach/.venv/lib64/python3.13/site-packages/requests/models.py", line 367, in prepare
    self.prepare_url(url, params)
    ~~~~~~~~~~~~~~~~^^^^^^^^^^^^^
  File "/home/shayon/Documents/web/sponsor-reach/.venv/lib64/python3.13/site-packages/requests/models.py", line 438, in prepare_url
    raise MissingSchema(
    ...<2 lines>...
    )
requests.exceptions.MissingSchema: Invalid URL 'None': No scheme supplied. Perhaps you meant https://None?
2025-04-15 17:35:43,770 - INFO - Logger set up successfully!
2025-04-15 17:35:51,015 - INFO - Logger set up successfully!
2025-04-15 17:35:51,015 - INFO - Logger set up successfully!
2025-04-15 17:35:51,017 - INFO - 🚀 Starting UK Sponsor Reach daily pipeline
2025-04-15 17:35:51,017 - INFO - 🚀 Starting UK Sponsor Reach daily pipeline
2025-04-15 17:35:51,018 - INFO - ⬇️ Downloading latest sponsor CSV
2025-04-15 17:35:51,018 - INFO - ⬇️ Downloading latest sponsor CSV
2025-04-15 17:38:51,749 - INFO - 🔍 Preprocessing and comparing with previous data
2025-04-15 17:38:51,749 - INFO - 🔍 Preprocessing and comparing with previous data
2025-04-15 17:39:38,437 - CRITICAL - ❌ Unexpected error: Missing columns in CSV: Contact Name, Email
Traceback (most recent call last):
  File "/home/shayon/Documents/web/sponsor-reach/scheduler/daily_workflow.py", line 44, in daily_pipeline
    df_sponsors = preprocess_sponsor_data(raw_csv_path)
  File "/home/shayon/Documents/web/sponsor-reach/extraction/parse_sponsors.py", line 31, in preprocess_sponsor_data
    raise ValueError(f"Missing columns in CSV: {', '.join(missing_cols)}")
ValueError: Missing columns in CSV: Contact Name, Email
2025-04-15 17:39:38,437 - CRITICAL - ❌ Unexpected error: Missing columns in CSV: Contact Name, Email
Traceback (most recent call last):
  File "/home/shayon/Documents/web/sponsor-reach/scheduler/daily_workflow.py", line 44, in daily_pipeline
    df_sponsors = preprocess_sponsor_data(raw_csv_path)
  File "/home/shayon/Documents/web/sponsor-reach/extraction/parse_sponsors.py", line 31, in preprocess_sponsor_data
    raise ValueError(f"Missing columns in CSV: {', '.join(missing_cols)}")
ValueError: Missing columns in CSV: Contact Name, Email
2025-04-15 17:42:25,978 - INFO - Logger set up successfully!
2025-04-15 17:42:25,978 - INFO - Logger set up successfully!
2025-04-15 17:42:25,978 - INFO - Logger set up successfully!
2025-04-15 17:42:25,978 - INFO - 🚀 Starting UK Sponsor Reach daily pipeline
2025-04-15 17:42:25,978 - INFO - 🚀 Starting UK Sponsor Reach daily pipeline
2025-04-15 17:42:25,978 - INFO - ⬇️ Downloading latest sponsor CSV
2025-04-15 17:42:25,978 - INFO - ⬇️ Downloading latest sponsor CSV
2025-04-15 17:42:40,198 - INFO - 🔍 Preprocessing and comparing with previous data
2025-04-15 17:42:40,198 - INFO - 🔍 Preprocessing and comparing with previous data
2025-04-15 17:46:48,776 - INFO - Logger set up successfully!
2025-04-15 17:46:48,776 - INFO - Logger set up successfully!
2025-04-15 17:46:48,776 - INFO - Logger set up successfully!
2025-04-15 17:46:48,776 - INFO - 🚀 Starting UK Sponsor Reach daily pipeline
2025-04-15 17:46:48,776 - INFO - 🚀 Starting UK Sponsor Reach daily pipeline
2025-04-15 17:46:48,776 - INFO - ⬇️ Downloading latest sponsor CSV
2025-04-15 17:46:48,776 - INFO - ⬇️ Downloading latest sponsor CSV
2025-04-15 17:46:48,776 - INFO - 🔍 Preprocessing and comparing with previous data
2025-04-15 17:46:48,776 - INFO - 🔍 Preprocessing and comparing with previous data
2025-04-15 17:49:06,097 - INFO - Logger set up successfully!
2025-04-15 17:49:06,097 - INFO - Logger set up successfully!
2025-04-15 17:49:06,097 - INFO - Logger set up successfully!
2025-04-15 17:49:06,097 - INFO - 🚀 Starting UK Sponsor Reach daily pipeline
2025-04-15 17:49:06,097 - INFO - 🚀 Starting UK Sponsor Reach daily pipeline
2025-04-15 17:49:06,097 - INFO - ⬇️ Downloading latest sponsor CSV
2025-04-15 17:49:06,097 - INFO - ⬇️ Downloading latest sponsor CSV
2025-04-15 17:49:06,098 - INFO - 🔍 Preprocessing and comparing with previous data
2025-04-15 17:49:06,098 - INFO - 🔍 Preprocessing and comparing with previous data
2025-04-15 17:54:36,404 - INFO - Logger set up successfully!
2025-04-15 17:54:36,404 - INFO - Logger set up successfully!
2025-04-15 17:54:36,404 - INFO - Logger set up successfully!
2025-04-15 17:54:36,405 - INFO - 🚀 Starting UK Sponsor Reach daily pipeline
2025-04-15 17:54:36,405 - INFO - 🚀 Starting UK Sponsor Reach daily pipeline
2025-04-15 17:54:36,405 - INFO - ⬇️ Downloading latest sponsor CSV
2025-04-15 17:54:36,405 - INFO - ⬇️ Downloading latest sponsor CSV
2025-04-15 17:54:36,405 - INFO - 🔍 Preprocessing and comparing with previous data
2025-04-15 17:54:36,405 - INFO - 🔍 Preprocessing and comparing with previous data
2025-04-15 17:55:42,674 - INFO - Logger set up successfully!
2025-04-15 17:55:42,674 - INFO - Logger set up successfully!
2025-04-15 17:55:42,674 - INFO - Logger set up successfully!
2025-04-15 17:55:42,674 - INFO - 🚀 Starting UK Sponsor Reach daily pipeline
2025-04-15 17:55:42,674 - INFO - 🚀 Starting UK Sponsor Reach daily pipeline
2025-04-15 17:55:42,675 - INFO - ⬇️ Downloading latest sponsor CSV
2025-04-15 17:55:42,675 - INFO - ⬇️ Downloading latest sponsor CSV
2025-04-15 17:55:42,675 - INFO - 🔍 Preprocessing and comparing with previous data
2025-04-15 17:55:42,675 - INFO - 🔍 Preprocessing and comparing with previous data
2025-04-15 17:56:20,069 - CRITICAL - ❌ Unexpected error: argument of type 'method' is not iterable
Traceback (most recent call last):
  File "/home/shayon/Documents/web/sponsor-reach/scheduler/daily_workflow.py", line 45, in daily_pipeline
    new_sponsors = get_new_sponsors(df_sponsors)
  File "/home/shayon/Documents/web/sponsor-reach/extraction/compare_csv.py", line 78, in get_new_sponsors
    df_latest = pd.read_csv(latest_csv_path)
  File "/home/shayon/Documents/web/sponsor-reach/.venv/lib64/python3.13/site-packages/pandas/io/parsers/readers.py", line 1026, in read_csv
    return _read(filepath_or_buffer, kwds)
  File "/home/shayon/Documents/web/sponsor-reach/.venv/lib64/python3.13/site-packages/pandas/io/parsers/readers.py", line 620, in _read
    parser = TextFileReader(filepath_or_buffer, **kwds)
  File "/home/shayon/Documents/web/sponsor-reach/.venv/lib64/python3.13/site-packages/pandas/io/parsers/readers.py", line 1620, in __init__
    self._engine = self._make_engine(f, self.engine)
                   ~~~~~~~~~~~~~~~~~^^^^^^^^^^^^^^^^
  File "/home/shayon/Documents/web/sponsor-reach/.venv/lib64/python3.13/site-packages/pandas/io/parsers/readers.py", line 1880, in _make_engine
    self.handles = get_handle(
                   ~~~~~~~~~~^
        f,
        ^^
    ...<6 lines>...
        storage_options=self.options.get("storage_options", None),
        ^^^^^^^^^^^^^^^^^^^^^^^^^^^^^^^^^^^^^^^^^^^^^^^^^^^^^^^^^^
    )
    ^
  File "/home/shayon/Documents/web/sponsor-reach/.venv/lib64/python3.13/site-packages/pandas/io/common.py", line 719, in get_handle
    if _is_binary_mode(path_or_buf, mode) and "b" not in mode:
       ~~~~~~~~~~~~~~~^^^^^^^^^^^^^^^^^^^
  File "/home/shayon/Documents/web/sponsor-reach/.venv/lib64/python3.13/site-packages/pandas/io/common.py", line 1181, in _is_binary_mode
    return isinstance(handle, _get_binary_io_classes()) or "b" in getattr(
                                                           ^^^^^^^^^^^^^^^
        handle, "mode", mode
        ^^^^^^^^^^^^^^^^^^^^
    )
    ^
TypeError: argument of type 'method' is not iterable
2025-04-15 17:56:20,069 - CRITICAL - ❌ Unexpected error: argument of type 'method' is not iterable
Traceback (most recent call last):
  File "/home/shayon/Documents/web/sponsor-reach/scheduler/daily_workflow.py", line 45, in daily_pipeline
    new_sponsors = get_new_sponsors(df_sponsors)
  File "/home/shayon/Documents/web/sponsor-reach/extraction/compare_csv.py", line 78, in get_new_sponsors
    df_latest = pd.read_csv(latest_csv_path)
  File "/home/shayon/Documents/web/sponsor-reach/.venv/lib64/python3.13/site-packages/pandas/io/parsers/readers.py", line 1026, in read_csv
    return _read(filepath_or_buffer, kwds)
  File "/home/shayon/Documents/web/sponsor-reach/.venv/lib64/python3.13/site-packages/pandas/io/parsers/readers.py", line 620, in _read
    parser = TextFileReader(filepath_or_buffer, **kwds)
  File "/home/shayon/Documents/web/sponsor-reach/.venv/lib64/python3.13/site-packages/pandas/io/parsers/readers.py", line 1620, in __init__
    self._engine = self._make_engine(f, self.engine)
                   ~~~~~~~~~~~~~~~~~^^^^^^^^^^^^^^^^
  File "/home/shayon/Documents/web/sponsor-reach/.venv/lib64/python3.13/site-packages/pandas/io/parsers/readers.py", line 1880, in _make_engine
    self.handles = get_handle(
                   ~~~~~~~~~~^
        f,
        ^^
    ...<6 lines>...
        storage_options=self.options.get("storage_options", None),
        ^^^^^^^^^^^^^^^^^^^^^^^^^^^^^^^^^^^^^^^^^^^^^^^^^^^^^^^^^^
    )
    ^
  File "/home/shayon/Documents/web/sponsor-reach/.venv/lib64/python3.13/site-packages/pandas/io/common.py", line 719, in get_handle
    if _is_binary_mode(path_or_buf, mode) and "b" not in mode:
       ~~~~~~~~~~~~~~~^^^^^^^^^^^^^^^^^^^
  File "/home/shayon/Documents/web/sponsor-reach/.venv/lib64/python3.13/site-packages/pandas/io/common.py", line 1181, in _is_binary_mode
    return isinstance(handle, _get_binary_io_classes()) or "b" in getattr(
                                                           ^^^^^^^^^^^^^^^
        handle, "mode", mode
        ^^^^^^^^^^^^^^^^^^^^
    )
    ^
TypeError: argument of type 'method' is not iterable
2025-04-15 17:56:24,466 - INFO - Logger set up successfully!
2025-04-15 17:56:24,466 - INFO - Logger set up successfully!
2025-04-15 17:56:24,466 - INFO - Logger set up successfully!
2025-04-15 17:56:24,466 - INFO - 🚀 Starting UK Sponsor Reach daily pipeline
2025-04-15 17:56:24,466 - INFO - 🚀 Starting UK Sponsor Reach daily pipeline
2025-04-15 17:56:24,466 - INFO - ⬇️ Downloading latest sponsor CSV
2025-04-15 17:56:24,466 - INFO - ⬇️ Downloading latest sponsor CSV
2025-04-15 17:56:24,466 - INFO - 🔍 Preprocessing and comparing with previous data
2025-04-15 17:56:24,466 - INFO - 🔍 Preprocessing and comparing with previous data
2025-04-15 18:03:25,574 - INFO - Logger set up successfully!
2025-04-15 18:03:25,574 - INFO - Logger set up successfully!
2025-04-15 18:03:25,574 - INFO - Logger set up successfully!
2025-04-15 18:03:25,574 - INFO - 🚀 Starting UK Sponsor Reach daily pipeline
2025-04-15 18:03:25,574 - INFO - 🚀 Starting UK Sponsor Reach daily pipeline
2025-04-15 18:03:25,574 - INFO - ⬇️ Downloading latest sponsor CSV
2025-04-15 18:03:25,574 - INFO - ⬇️ Downloading latest sponsor CSV
2025-04-15 18:03:25,574 - INFO - 🔍 Preprocessing and comparing with previous data
2025-04-15 18:03:25,574 - INFO - 🔍 Preprocessing and comparing with previous data
2025-04-15 18:03:54,005 - INFO - Logger set up successfully!
2025-04-15 18:03:54,005 - INFO - Logger set up successfully!
2025-04-15 18:03:54,005 - INFO - Logger set up successfully!
2025-04-15 18:03:54,005 - INFO - 🚀 Starting UK Sponsor Reach daily pipeline
2025-04-15 18:03:54,005 - INFO - 🚀 Starting UK Sponsor Reach daily pipeline
2025-04-15 18:03:54,005 - INFO - ⬇️ Downloading latest sponsor CSV
2025-04-15 18:03:54,005 - INFO - ⬇️ Downloading latest sponsor CSV
2025-04-15 18:03:54,005 - INFO - 🔍 Preprocessing and comparing with previous data
2025-04-15 18:03:54,005 - INFO - 🔍 Preprocessing and comparing with previous data
2025-04-15 18:04:12,957 - ERROR - ❌ File error: No CSV file from yesterday found in either archive or raw directories.
Traceback (most recent call last):
  File "/home/shayon/Documents/web/sponsor-reach/scheduler/daily_workflow.py", line 45, in daily_pipeline
    new_sponsors = get_new_sponsors(df_sponsors)
  File "/home/shayon/Documents/web/sponsor-reach/extraction/compare_csv.py", line 80, in get_new_sponsors
    previous_csv_path = get_yesterday_file(archive_dir)
  File "/home/shayon/Documents/web/sponsor-reach/extraction/compare_csv.py", line 69, in get_yesterday_file
    raise FileNotFoundError("No CSV file from yesterday found in either archive or raw directories.")
FileNotFoundError: No CSV file from yesterday found in either archive or raw directories.
2025-04-15 18:04:12,957 - ERROR - ❌ File error: No CSV file from yesterday found in either archive or raw directories.
Traceback (most recent call last):
  File "/home/shayon/Documents/web/sponsor-reach/scheduler/daily_workflow.py", line 45, in daily_pipeline
    new_sponsors = get_new_sponsors(df_sponsors)
  File "/home/shayon/Documents/web/sponsor-reach/extraction/compare_csv.py", line 80, in get_new_sponsors
    previous_csv_path = get_yesterday_file(archive_dir)
  File "/home/shayon/Documents/web/sponsor-reach/extraction/compare_csv.py", line 69, in get_yesterday_file
    raise FileNotFoundError("No CSV file from yesterday found in either archive or raw directories.")
FileNotFoundError: No CSV file from yesterday found in either archive or raw directories.
2025-04-15 18:04:30,503 - INFO - Logger set up successfully!
2025-04-15 18:04:30,503 - INFO - Logger set up successfully!
2025-04-15 18:04:30,503 - INFO - Logger set up successfully!
2025-04-15 18:04:30,504 - INFO - 🚀 Starting UK Sponsor Reach daily pipeline
2025-04-15 18:04:30,504 - INFO - 🚀 Starting UK Sponsor Reach daily pipeline
2025-04-15 18:04:30,504 - INFO - ⬇️ Downloading latest sponsor CSV
2025-04-15 18:04:30,504 - INFO - ⬇️ Downloading latest sponsor CSV
2025-04-15 18:04:30,504 - INFO - 🔍 Preprocessing and comparing with previous data
2025-04-15 18:04:30,504 - INFO - 🔍 Preprocessing and comparing with previous data
2025-04-15 18:33:18,031 - INFO - Logger set up successfully!
2025-04-15 18:33:18,032 - INFO - Logger set up successfully!
2025-04-15 18:33:18,032 - INFO - Logger set up successfully!
2025-04-15 18:33:18,032 - INFO - 🚀 Starting UK Sponsor Reach daily pipeline
2025-04-15 18:33:18,032 - INFO - 🚀 Starting UK Sponsor Reach daily pipeline
2025-04-15 18:33:18,032 - INFO - ⬇️ Downloading latest sponsor CSV
2025-04-15 18:33:18,032 - INFO - ⬇️ Downloading latest sponsor CSV
2025-04-15 18:33:18,032 - INFO - 🔍 Preprocessing and comparing with previous data
2025-04-15 18:33:18,032 - INFO - 🔍 Preprocessing and comparing with previous data
2025-04-15 18:33:42,887 - INFO - Logger set up successfully!
2025-04-15 18:33:42,888 - INFO - Logger set up successfully!
2025-04-15 18:33:42,888 - INFO - Logger set up successfully!
2025-04-15 18:33:42,888 - INFO - 🚀 Starting UK Sponsor Reach daily pipeline
2025-04-15 18:33:42,888 - INFO - 🚀 Starting UK Sponsor Reach daily pipeline
2025-04-15 18:33:42,888 - INFO - ⬇️ Downloading latest sponsor CSV
2025-04-15 18:33:42,888 - INFO - ⬇️ Downloading latest sponsor CSV
2025-04-15 18:33:42,889 - INFO - 🔍 Preprocessing and comparing with previous data
2025-04-15 18:33:42,889 - INFO - 🔍 Preprocessing and comparing with previous data
2025-04-15 18:48:48,324 - INFO - Logger set up successfully!
2025-04-15 18:48:48,324 - INFO - Logger set up successfully!
2025-04-15 18:48:48,324 - INFO - Logger set up successfully!
2025-04-15 18:48:48,324 - INFO - 🚀 Starting UK Sponsor Reach daily pipeline
2025-04-15 18:48:48,324 - INFO - 🚀 Starting UK Sponsor Reach daily pipeline
2025-04-15 18:48:48,324 - INFO - ⬇️ Downloading latest sponsor CSV
2025-04-15 18:48:48,324 - INFO - ⬇️ Downloading latest sponsor CSV
2025-04-15 18:48:48,324 - INFO - 🔍 Preprocessing and comparing with previous data
2025-04-15 18:48:48,324 - INFO - 🔍 Preprocessing and comparing with previous data
2025-04-15 18:51:12,416 - INFO - Logger set up successfully!
2025-04-15 18:51:12,416 - INFO - Logger set up successfully!
2025-04-15 18:51:12,416 - INFO - Logger set up successfully!
2025-04-15 18:51:12,416 - INFO - 🚀 Starting UK Sponsor Reach daily pipeline
2025-04-15 18:51:12,416 - INFO - 🚀 Starting UK Sponsor Reach daily pipeline
2025-04-15 18:51:12,417 - INFO - ⬇️ Downloading latest sponsor CSV
2025-04-15 18:51:12,417 - INFO - ⬇️ Downloading latest sponsor CSV
2025-04-15 18:51:12,417 - INFO - 🔍 Preprocessing and comparing with previous data
2025-04-15 18:51:12,417 - INFO - 🔍 Preprocessing and comparing with previous data
2025-04-15 18:54:34,555 - INFO - Logger set up successfully!
2025-04-15 18:54:34,556 - INFO - Logger set up successfully!
2025-04-15 18:54:34,556 - INFO - Logger set up successfully!
2025-04-15 18:54:34,556 - INFO - 🚀 Starting UK Sponsor Reach daily pipeline
2025-04-15 18:54:34,556 - INFO - 🚀 Starting UK Sponsor Reach daily pipeline
2025-04-15 18:54:34,556 - INFO - ⬇️ Downloading latest sponsor CSV
2025-04-15 18:54:34,556 - INFO - ⬇️ Downloading latest sponsor CSV
2025-04-15 18:54:34,556 - INFO - 🔍 Preprocessing and comparing with previous data
2025-04-15 18:54:34,556 - INFO - 🔍 Preprocessing and comparing with previous data
2025-04-15 18:55:23,025 - INFO - 🎯 Found 276 new sponsors
2025-04-15 18:55:23,025 - INFO - 🎯 Found 276 new sponsors
2025-04-15 18:55:23,586 - INFO - ✨ Enriching new sponsor data
2025-04-15 18:55:23,586 - INFO - ✨ Enriching new sponsor data
2025-04-15 18:55:26,753 - INFO - 🔍 Starting enrichment for new sponsors...
2025-04-15 18:55:26,753 - INFO - 🔍 Starting enrichment for new sponsors...
2025-04-15 18:55:26,762 - INFO - ✅ Enriched 276 companies successfully.
2025-04-15 18:55:26,762 - INFO - ✅ Enriched 276 companies successfully.
2025-04-15 18:55:35,517 - INFO - 📧 Sending outreach emails
2025-04-15 18:55:35,517 - INFO - 📧 Sending outreach emails
2025-04-15 18:59:45,718 - INFO - 📨 Email sent to info@73stringsltd.co.uk
2025-04-15 18:59:45,718 - INFO - 📨 Email sent to info@73stringsltd.co.uk
2025-04-15 19:04:00,384 - INFO - Logger set up successfully!
2025-04-15 19:04:00,384 - INFO - Logger set up successfully!
2025-04-15 19:04:00,384 - INFO - Logger set up successfully!
2025-04-15 19:04:00,384 - INFO - 🚀 Starting UK Sponsor Reach daily pipeline
2025-04-15 19:04:00,384 - INFO - 🚀 Starting UK Sponsor Reach daily pipeline
2025-04-15 19:04:00,384 - INFO - ⬇️ Downloading latest sponsor CSV
2025-04-15 19:04:00,384 - INFO - ⬇️ Downloading latest sponsor CSV
2025-04-15 19:04:00,385 - INFO - 🔍 Preprocessing and comparing with previous data
2025-04-15 19:04:00,385 - INFO - 🔍 Preprocessing and comparing with previous data
2025-04-15 19:04:17,768 - INFO - 🎯 Found 276 new sponsors
2025-04-15 19:04:17,768 - INFO - 🎯 Found 276 new sponsors
2025-04-15 19:04:17,769 - INFO - ✨ Enriching new sponsor data
2025-04-15 19:04:17,769 - INFO - ✨ Enriching new sponsor data
2025-04-15 19:04:17,771 - INFO - 🔍 Starting enrichment for new sponsors...
2025-04-15 19:04:17,771 - INFO - 🔍 Starting enrichment for new sponsors...
2025-04-15 19:04:17,776 - INFO - ✅ Enriched 276 companies successfully.
2025-04-15 19:04:17,776 - INFO - ✅ Enriched 276 companies successfully.
2025-04-15 19:04:18,838 - INFO - 📧 Sending outreach emails
2025-04-15 19:04:18,838 - INFO - 📧 Sending outreach emails
2025-04-15 19:05:54,355 - INFO - Logger set up successfully!
2025-04-15 19:05:54,355 - INFO - Logger set up successfully!
2025-04-15 19:05:54,355 - INFO - Logger set up successfully!
2025-04-15 19:05:54,355 - INFO - 🚀 Starting UK Sponsor Reach daily pipeline
2025-04-15 19:05:54,355 - INFO - 🚀 Starting UK Sponsor Reach daily pipeline
2025-04-15 19:05:54,356 - INFO - ⬇️ Downloading latest sponsor CSV
2025-04-15 19:05:54,356 - INFO - ⬇️ Downloading latest sponsor CSV
2025-04-15 19:05:54,356 - INFO - 🔍 Preprocessing and comparing with previous data
2025-04-15 19:05:54,356 - INFO - 🔍 Preprocessing and comparing with previous data
2025-04-15 19:05:57,114 - INFO - 🎯 Found 276 new sponsors
2025-04-15 19:05:57,114 - INFO - 🎯 Found 276 new sponsors
2025-04-15 19:05:57,115 - INFO - ✨ Enriching new sponsor data
2025-04-15 19:05:57,115 - INFO - ✨ Enriching new sponsor data
2025-04-15 19:05:57,115 - INFO - 🔍 Starting enrichment for new sponsors...
2025-04-15 19:05:57,115 - INFO - 🔍 Starting enrichment for new sponsors...
2025-04-15 19:05:57,115 - INFO - ✅ Enriched 276 companies successfully.
2025-04-15 19:05:57,115 - INFO - ✅ Enriched 276 companies successfully.
2025-04-15 19:05:57,116 - INFO - 📧 Sending outreach emails
2025-04-15 19:05:57,116 - INFO - 📧 Sending outreach emails
2025-04-15 19:08:13,550 - INFO - Logger set up successfully!
2025-04-15 19:08:13,550 - INFO - Logger set up successfully!
2025-04-15 19:08:13,550 - INFO - Logger set up successfully!
2025-04-15 19:08:13,550 - INFO - 🚀 Starting UK Sponsor Reach daily pipeline
2025-04-15 19:08:13,550 - INFO - 🚀 Starting UK Sponsor Reach daily pipeline
2025-04-15 19:08:13,550 - INFO - ⬇️ Downloading latest sponsor CSV
2025-04-15 19:08:13,550 - INFO - ⬇️ Downloading latest sponsor CSV
2025-04-15 19:08:13,551 - INFO - 🔍 Preprocessing and comparing with previous data
2025-04-15 19:08:13,551 - INFO - 🔍 Preprocessing and comparing with previous data
2025-04-15 19:08:16,255 - INFO - 🎯 Found 276 new sponsors
2025-04-15 19:08:16,255 - INFO - 🎯 Found 276 new sponsors
2025-04-15 19:08:16,255 - INFO - ✨ Enriching new sponsor data
2025-04-15 19:08:16,255 - INFO - ✨ Enriching new sponsor data
2025-04-15 19:08:16,255 - INFO - 🔍 Starting enrichment for new sponsors...
2025-04-15 19:08:16,255 - INFO - 🔍 Starting enrichment for new sponsors...
2025-04-15 19:08:16,256 - INFO - ✅ Enriched 276 companies successfully.
2025-04-15 19:08:16,256 - INFO - ✅ Enriched 276 companies successfully.
2025-04-15 19:08:16,256 - INFO - 📧 Sending outreach emails
2025-04-15 19:08:16,256 - INFO - 📧 Sending outreach emails
2025-04-15 19:09:05,282 - INFO - Logger set up successfully!
2025-04-15 19:09:05,283 - INFO - Logger set up successfully!
2025-04-15 19:09:05,283 - INFO - Logger set up successfully!
2025-04-15 19:09:05,283 - INFO - 🚀 Starting UK Sponsor Reach daily pipeline
2025-04-15 19:09:05,283 - INFO - 🚀 Starting UK Sponsor Reach daily pipeline
2025-04-15 19:09:05,283 - INFO - ⬇️ Downloading latest sponsor CSV
2025-04-15 19:09:05,283 - INFO - ⬇️ Downloading latest sponsor CSV
2025-04-15 19:09:05,283 - INFO - 🔍 Preprocessing and comparing with previous data
2025-04-15 19:09:05,283 - INFO - 🔍 Preprocessing and comparing with previous data
2025-04-15 19:09:07,949 - INFO - 🎯 Found 276 new sponsors
2025-04-15 19:09:07,949 - INFO - 🎯 Found 276 new sponsors
2025-04-15 19:09:07,949 - INFO - ✨ Enriching new sponsor data
2025-04-15 19:09:07,949 - INFO - ✨ Enriching new sponsor data
2025-04-15 19:09:07,949 - INFO - 🔍 Starting enrichment for new sponsors...
2025-04-15 19:09:07,949 - INFO - 🔍 Starting enrichment for new sponsors...
2025-04-15 19:09:07,950 - INFO - ✅ Enriched 276 companies successfully.
2025-04-15 19:09:07,950 - INFO - ✅ Enriched 276 companies successfully.
2025-04-15 19:09:07,950 - INFO - 📧 Sending outreach emails
2025-04-15 19:09:07,950 - INFO - 📧 Sending outreach emails
2025-04-15 19:09:28,136 - INFO - Logger set up successfully!
2025-04-15 19:09:28,136 - INFO - Logger set up successfully!
2025-04-15 19:09:28,136 - INFO - Logger set up successfully!
2025-04-15 19:09:28,136 - INFO - 🚀 Starting UK Sponsor Reach daily pipeline
2025-04-15 19:09:28,136 - INFO - 🚀 Starting UK Sponsor Reach daily pipeline
2025-04-15 19:09:28,136 - INFO - ⬇️ Downloading latest sponsor CSV
2025-04-15 19:09:28,136 - INFO - ⬇️ Downloading latest sponsor CSV
2025-04-15 19:09:28,137 - INFO - 🔍 Preprocessing and comparing with previous data
2025-04-15 19:09:28,137 - INFO - 🔍 Preprocessing and comparing with previous data
2025-04-15 19:09:30,875 - INFO - 🎯 Found 276 new sponsors
2025-04-15 19:09:30,875 - INFO - 🎯 Found 276 new sponsors
2025-04-15 19:09:30,875 - INFO - ✨ Enriching new sponsor data
2025-04-15 19:09:30,875 - INFO - ✨ Enriching new sponsor data
2025-04-15 19:09:30,876 - INFO - 🔍 Starting enrichment for new sponsors...
2025-04-15 19:09:30,876 - INFO - 🔍 Starting enrichment for new sponsors...
2025-04-15 19:09:30,876 - INFO - ✅ Enriched 276 companies successfully.
2025-04-15 19:09:30,876 - INFO - ✅ Enriched 276 companies successfully.
2025-04-15 19:09:30,876 - INFO - 📧 Sending outreach emails
2025-04-15 19:09:30,876 - INFO - 📧 Sending outreach emails
2025-04-15 19:10:49,675 - INFO - Logger set up successfully!
2025-04-15 19:10:49,675 - INFO - Logger set up successfully!
2025-04-15 19:10:49,675 - INFO - Logger set up successfully!
2025-04-15 19:10:49,675 - INFO - 🚀 Starting UK Sponsor Reach daily pipeline
2025-04-15 19:10:49,675 - INFO - 🚀 Starting UK Sponsor Reach daily pipeline
2025-04-15 19:10:49,676 - INFO - ⬇️ Downloading latest sponsor CSV
2025-04-15 19:10:49,676 - INFO - ⬇️ Downloading latest sponsor CSV
2025-04-15 19:10:49,676 - INFO - 🔍 Preprocessing and comparing with previous data
2025-04-15 19:10:49,676 - INFO - 🔍 Preprocessing and comparing with previous data
2025-04-15 19:10:53,055 - INFO - Logger set up successfully!
2025-04-15 19:10:53,056 - INFO - Logger set up successfully!
2025-04-15 19:10:53,056 - INFO - Logger set up successfully!
2025-04-15 19:10:53,056 - INFO - 🚀 Starting UK Sponsor Reach daily pipeline
2025-04-15 19:10:53,056 - INFO - 🚀 Starting UK Sponsor Reach daily pipeline
2025-04-15 19:10:53,056 - INFO - ⬇️ Downloading latest sponsor CSV
2025-04-15 19:10:53,056 - INFO - ⬇️ Downloading latest sponsor CSV
2025-04-15 19:10:53,056 - INFO - 🔍 Preprocessing and comparing with previous data
2025-04-15 19:10:53,056 - INFO - 🔍 Preprocessing and comparing with previous data
2025-04-15 19:10:55,928 - INFO - 🎯 Found 276 new sponsors
2025-04-15 19:10:55,928 - INFO - 🎯 Found 276 new sponsors
2025-04-15 19:10:55,928 - INFO - ✨ Enriching new sponsor data
2025-04-15 19:10:55,928 - INFO - ✨ Enriching new sponsor data
2025-04-15 19:10:55,929 - INFO - 🔍 Starting enrichment for new sponsors...
2025-04-15 19:10:55,929 - INFO - 🔍 Starting enrichment for new sponsors...
2025-04-15 19:10:55,929 - INFO - ✅ Enriched 276 companies successfully.
2025-04-15 19:10:55,929 - INFO - ✅ Enriched 276 companies successfully.
2025-04-15 19:10:55,929 - INFO - 📧 Sending outreach emails
2025-04-15 19:10:55,929 - INFO - 📧 Sending outreach emails
2025-04-15 19:13:18,007 - INFO - Logger set up successfully!
2025-04-15 19:13:18,008 - INFO - Logger set up successfully!
2025-04-15 19:13:18,008 - INFO - Logger set up successfully!
2025-04-15 19:13:18,008 - INFO - 🚀 Starting UK Sponsor Reach daily pipeline
2025-04-15 19:13:18,008 - INFO - 🚀 Starting UK Sponsor Reach daily pipeline
2025-04-15 19:13:18,008 - INFO - ⬇️ Downloading latest sponsor CSV
2025-04-15 19:13:18,008 - INFO - ⬇️ Downloading latest sponsor CSV
2025-04-15 19:13:18,008 - INFO - 🔍 Preprocessing and comparing with previous data
2025-04-15 19:13:18,008 - INFO - 🔍 Preprocessing and comparing with previous data
2025-04-15 19:13:20,750 - INFO - 🎯 Found 276 new sponsors
2025-04-15 19:13:20,750 - INFO - 🎯 Found 276 new sponsors
2025-04-15 19:13:20,750 - INFO - ✨ Enriching new sponsor data
2025-04-15 19:13:20,750 - INFO - ✨ Enriching new sponsor data
2025-04-15 19:13:20,750 - INFO - 🔍 Starting enrichment for new sponsors...
2025-04-15 19:13:20,750 - INFO - 🔍 Starting enrichment for new sponsors...
2025-04-15 19:13:20,751 - INFO - ✅ Enriched 276 companies successfully.
2025-04-15 19:13:20,751 - INFO - ✅ Enriched 276 companies successfully.
2025-04-15 19:13:20,751 - INFO - 📧 Sending outreach emails
2025-04-15 19:13:20,751 - INFO - 📧 Sending outreach emails
2025-04-15 19:15:03,790 - INFO - Logger set up successfully!
2025-04-15 19:15:03,790 - INFO - Logger set up successfully!
2025-04-15 19:15:03,790 - INFO - Logger set up successfully!
2025-04-15 19:15:03,790 - INFO - 🚀 Starting UK Sponsor Reach daily pipeline
2025-04-15 19:15:03,790 - INFO - 🚀 Starting UK Sponsor Reach daily pipeline
2025-04-15 19:15:03,790 - INFO - ⬇️ Downloading latest sponsor CSV
2025-04-15 19:15:03,790 - INFO - ⬇️ Downloading latest sponsor CSV
2025-04-15 19:15:03,791 - INFO - 🔍 Preprocessing and comparing with previous data
2025-04-15 19:15:03,791 - INFO - 🔍 Preprocessing and comparing with previous data
2025-04-15 19:15:06,470 - INFO - 🎯 Found 276 new sponsors
2025-04-15 19:15:06,470 - INFO - 🎯 Found 276 new sponsors
2025-04-15 19:15:06,471 - INFO - ✨ Enriching new sponsor data
2025-04-15 19:15:06,471 - INFO - ✨ Enriching new sponsor data
2025-04-15 19:15:06,471 - INFO - 🔍 Starting enrichment for new sponsors...
2025-04-15 19:15:06,471 - INFO - 🔍 Starting enrichment for new sponsors...
2025-04-15 19:15:06,471 - INFO - ✅ Enriched 276 companies successfully.
2025-04-15 19:15:06,471 - INFO - ✅ Enriched 276 companies successfully.
2025-04-15 19:15:06,471 - INFO - 📧 Sending outreach emails
2025-04-15 19:15:06,471 - INFO - 📧 Sending outreach emails
2025-04-15 19:15:21,268 - INFO - Logger set up successfully!
2025-04-15 19:15:21,269 - INFO - Logger set up successfully!
2025-04-15 19:15:21,269 - INFO - Logger set up successfully!
2025-04-15 19:15:21,269 - INFO - 🚀 Starting UK Sponsor Reach daily pipeline
2025-04-15 19:15:21,269 - INFO - 🚀 Starting UK Sponsor Reach daily pipeline
2025-04-15 19:15:21,269 - INFO - ⬇️ Downloading latest sponsor CSV
2025-04-15 19:15:21,269 - INFO - ⬇️ Downloading latest sponsor CSV
2025-04-15 19:15:21,269 - INFO - 🔍 Preprocessing and comparing with previous data
2025-04-15 19:15:21,269 - INFO - 🔍 Preprocessing and comparing with previous data
2025-04-15 19:15:24,045 - INFO - 🎯 Found 276 new sponsors
2025-04-15 19:15:24,045 - INFO - 🎯 Found 276 new sponsors
2025-04-15 19:15:24,046 - INFO - ✨ Enriching new sponsor data
2025-04-15 19:15:24,046 - INFO - ✨ Enriching new sponsor data
2025-04-15 19:15:24,046 - INFO - 🔍 Starting enrichment for new sponsors...
2025-04-15 19:15:24,046 - INFO - 🔍 Starting enrichment for new sponsors...
2025-04-15 19:15:24,046 - INFO - ✅ Enriched 276 companies successfully.
2025-04-15 19:15:24,046 - INFO - ✅ Enriched 276 companies successfully.
2025-04-15 19:15:24,046 - INFO - 📧 Sending outreach emails
2025-04-15 19:15:24,046 - INFO - 📧 Sending outreach emails
2025-04-15 19:19:21,825 - INFO - Logger set up successfully!
2025-04-15 19:19:21,825 - INFO - Logger set up successfully!
2025-04-15 19:19:21,825 - INFO - Logger set up successfully!
2025-04-15 19:19:21,825 - INFO - 🚀 Starting UK Sponsor Reach daily pipeline
2025-04-15 19:19:21,825 - INFO - 🚀 Starting UK Sponsor Reach daily pipeline
2025-04-15 19:19:21,825 - INFO - ⬇️ Downloading latest sponsor CSV
2025-04-15 19:19:21,825 - INFO - ⬇️ Downloading latest sponsor CSV
2025-04-15 19:19:21,826 - INFO - 🔍 Preprocessing and comparing with previous data
2025-04-15 19:19:21,826 - INFO - 🔍 Preprocessing and comparing with previous data
2025-04-15 19:19:24,850 - INFO - 🎯 Found 276 new sponsors
2025-04-15 19:19:24,850 - INFO - 🎯 Found 276 new sponsors
2025-04-15 19:19:24,850 - INFO - ✨ Enriching new sponsor data
2025-04-15 19:19:24,850 - INFO - ✨ Enriching new sponsor data
2025-04-15 19:19:24,851 - INFO - 🔍 Starting enrichment for new sponsors...
2025-04-15 19:19:24,851 - INFO - 🔍 Starting enrichment for new sponsors...
2025-04-15 19:19:24,851 - INFO - ✅ Enriched 276 companies successfully.
2025-04-15 19:19:24,851 - INFO - ✅ Enriched 276 companies successfully.
2025-04-15 19:19:24,851 - INFO - 📧 Sending outreach emails
2025-04-15 19:19:24,851 - INFO - 📧 Sending outreach emails
2025-04-15 19:21:08,386 - INFO - Logger set up successfully!
2025-04-15 19:21:08,386 - INFO - Logger set up successfully!
2025-04-15 19:21:08,386 - INFO - Logger set up successfully!
2025-04-15 19:21:08,386 - INFO - 🚀 Starting UK Sponsor Reach daily pipeline
2025-04-15 19:21:08,386 - INFO - 🚀 Starting UK Sponsor Reach daily pipeline
2025-04-15 19:21:08,386 - INFO - ⬇️ Downloading latest sponsor CSV
2025-04-15 19:21:08,386 - INFO - ⬇️ Downloading latest sponsor CSV
2025-04-15 19:21:08,387 - INFO - 🔍 Preprocessing and comparing with previous data
2025-04-15 19:21:08,387 - INFO - 🔍 Preprocessing and comparing with previous data
2025-04-15 19:21:11,327 - INFO - 🎯 Found 276 new sponsors
2025-04-15 19:21:11,327 - INFO - 🎯 Found 276 new sponsors
2025-04-15 19:21:11,327 - INFO - ✨ Enriching new sponsor data
2025-04-15 19:21:11,327 - INFO - ✨ Enriching new sponsor data
2025-04-15 19:21:11,327 - INFO - 🔍 Starting enrichment for new sponsors...
2025-04-15 19:21:11,327 - INFO - 🔍 Starting enrichment for new sponsors...
2025-04-15 19:21:15,153 - INFO - ✅ Enriched 276 companies successfully.
2025-04-15 19:21:15,153 - INFO - ✅ Enriched 276 companies successfully.
2025-04-15 19:21:15,154 - INFO - 📧 Sending outreach emails
2025-04-15 19:21:15,154 - INFO - 📧 Sending outreach emails
2025-04-15 19:22:29,464 - INFO - 📨 Email sent to 276 sponsors: ['info@73stringsltd.co.uk', 'info@a&ntrimmingslimited.co.uk', 'info@abacus-69holdingslimited.co.uk', 'info@aberdeenassociationofsocialservice.co.uk', 'info@acumaticauklimited.co.uk', 'info@adaptivefinancialconsultingltd.co.uk', 'info@afc-halalmeatltd.co.uk', 'info@affle(uk)ltd..co.uk', 'info@agalretailltd.co.uk', 'info@airfiltrationsolutionsltd.co.uk', 'info@airfiltrationsolutionsltd.co.uk', 'info@airdshotel.co.uk', 'info@ajvpropertyservices(uk)ltd.co.uk', 'info@alhadisupermarketltd.co.uk', 'info@alanseliflimited.co.uk', 'info@alphaukpropertieslimited.co.uk', 'info@amvintageretailuklimited.co.uk', 'info@am2pmqualitycarelimited.co.uk', 'info@amandathompsoncoutureltd.co.uk', 'info@anacapawavepowerltd..co.uk', 'info@anacapawavepowerltd..co.uk', 'info@anotherboxstoryltd.co.uk', 'info@approvedpowerserviceslimited.co.uk', 'info@aquilainteractivelimited.co.uk', 'info@arbroathmedicalpracticellp.co.uk', 'info@artezzan.co.uk', 'info@asaexpresslimited.co.uk', 'info@ascendionengineeringsolutionseuropelimited.co.uk', 'info@ascendionengineeringsolutionseuropelimited.co.uk', 'info@asterosadvisers.co.uk', 'info@aviator75ltd.co.uk', 'info@balmoralcomteclimited.co.uk', 'info@bbfinteriorsltd.co.uk', 'info@beaconhealthkensingtonlimited.co.uk', 'info@becomfylimited.co.uk', 'info@berryworldltd.co.uk', 'info@berryworldltd.co.uk', 'info@bigleapconsultingltd.co.uk', "info@bingi'skitchenltd.co.uk", 'info@bistro1.co.uk', 'info@bizzleentertainmentltd.co.uk', 'info@blakehillhealthcarelimited.co.uk', 'info@bluestrawberryailtd.co.uk', 'info@bradfordroadcarsalesltd.co.uk', 'info@broadfieldlawukllp.co.uk', 'info@bxtechnologiesltd.co.uk', 'info@calabashmintlimited.co.uk', 'info@camberleyvisionpluslimitedt/aspecsavers.co.uk', 'info@carestaffservicesltd.co.uk', 'info@carenestsolutionsltd.co.uk', 'info@caresurelimited.co.uk', 'info@carltoncricketclub.co.uk', 'info@caruniversalltd.co.uk', 'info@caudaliegrouplimited.co.uk', 'info@caudaliegrouplimited.co.uk', 'info@centricbrandsinternationaleurope.co.uk', 'info@centricbrandsinternationaleurope.co.uk', 'info@centryserviceslimited.co.uk', 'info@ceonmachinerycontrolltd.co.uk', 'info@cggrillltd.co.uk', 'info@chaselodgehospitalltd.co.uk', 'info@chelsfieldelectricalltd.co.uk', 'info@cherrytwoltdt/abistrotpierre.co.uk', 'info@chestnutcourtcarehome.co.uk', 'info@ciaroltd.co.uk', 'info@cityleisuremanagementlimitedt/arosatwelve.co.uk', 'info@citygateautomotiveltd.co.uk', 'info@clearwatereventsltd.co.uk', 'info@cloudkeeperslondonltd.co.uk', 'info@cmtelecomukltd.co.uk', 'info@cmtelecomukltd.co.uk', 'info@countyfoodingredientsltd.co.uk', 'info@d.mcghee&sonsltd.co.uk', 'info@daclimited.co.uk', 'info@darbarartscultureheritagetrust.co.uk', 'info@defichiltd.co.uk', 'info@digitalinnklimited.co.uk', 'info@dovergrammarschoolforboys.co.uk', 'info@drinksonuslimited.co.uk', 'info@eastlancashiremoneyline(ips)ltd.co.uk', 'info@ecoalbalimited.co.uk', 'info@edgeratelimited.co.uk', 'info@ekniwas.co.uk', 'info@emergencyone.co.uk', 'info@equalexpertsuklimited.co.uk', 'info@equalexpertsuklimited.co.uk', 'info@erlystagestudiosltd.co.uk', 'info@evolution(radlett)ltd.co.uk', 'info@farnworthbaptistchurch/tlgbolton.co.uk', 'info@fdlawlimitedt/ahayesconnorsolicitors.co.uk', 'info@fieldviewcarehomeltd.co.uk', 'info@foundershealthholdinglimited.co.uk', 'info@frobelindependentservices.co.uk', 'info@fronhaulandbrookfieldcarehomeltd.co.uk', 'info@fusionfleetautos(falkirk)ltd.co.uk', 'info@glasgowrepairsltd.co.uk', 'info@glenmoreconsortiumltd.co.uk', 'info@greenbirdsconstructionltd.co.uk', 'info@greytowndentalpracticeltd.co.uk', 'info@gruberlogistics(uk)limited.co.uk', 'info@gwactiveltd.co.uk', 'info@h.w.woodlimited.co.uk', 'info@h.w.woodlimited.co.uk', 'info@hahhospitalitylimitedt/aindianaffairancoats.co.uk', 'info@haliogenpowerlimited.co.uk', 'info@happyrugbyltd.co.uk', 'info@harlandservicesltd.co.uk', 'info@harveymedicalconsultinglimited.co.uk', 'info@hasthcultltdtaartoonsworld.co.uk', 'info@herculesenterprisesltd.co.uk', 'info@hhproductionsltd.co.uk', 'info@hillsidecareltd.co.uk', 'info@hobsonssoholtd.co.uk', 'info@holcimuklimited.co.uk', 'info@holcimuklimited.co.uk', 'info@holtretirementlimited.co.uk', 'info@horizonphonessalesandrepairsukltd.co.uk', 'info@houghtonpharmacyltd.co.uk', 'info@hrmot&servicesltd.co.uk', 'info@iaguk&europe.co.uk', 'info@iaguk&europe.co.uk', 'info@iaguk&europe.co.uk', 'info@iaguk&europe.co.uk', 'info@inspirationsleicestershireltd.co.uk', 'info@integratedmediasolutionsltd.co.uk', 'info@invoxbelgiumukltd.co.uk', 'info@janeplan.co.uk', 'info@jmd(london)ltdt/afratellideli.co.uk', 'info@jollyscoffeeltd.co.uk', 'info@jonathanlulimited.co.uk', 'info@joysmilelimited.co.uk', 'info@joysmotorsltd.co.uk', 'info@jpccare&supportdaycentre.co.uk', 'info@jugandbottle.co.uk', 'info@jumoukltd.co.uk', "info@junior'sdaynursery.co.uk", 'info@juretransltd.co.uk', 'info@kemsholtd.co.uk', 'info@khawajahalalpoultry(soletrader)t/akhppoultry.co.uk', 'info@khnmsltd.co.uk', 'info@kokorohounslowltd.co.uk', 'info@konesh&coltd.co.uk', 'info@ksppharmaltdt/anewroadpharmacy.co.uk', 'info@lasaluteltd.co.uk', 'info@lampardinvestmentslimited.co.uk', 'info@ldcarelimited.co.uk', 'info@leiths(scotland)ltd.co.uk', 'info@leojetgroupltd.co.uk', 'info@levelweblimited.co.uk', 'info@lgmgmachineryu.k.limited.co.uk', 'info@lgmgmachineryu.k.limited.co.uk', 'info@lifestyleflooringlimited.co.uk', 'info@lillibethouseltd.co.uk', 'info@logixfmltd.co.uk', 'info@londonbctourismandconstructiontradingcompanyltd.co.uk', 'info@londoncomputerrecycling.co.uk', 'info@lotuslounge2023ltdt/alotuslounge.co.uk', 'info@lpsdseventysixlimited.co.uk', 'info@manorinteriorsolutionslimited.co.uk', 'info@maxgconstructionltd.co.uk', 'info@maxvalelimitedt/afledgelingsdaynursery.co.uk', 'info@mdemachinerylimited.co.uk', 'info@medefineeducationgroupltd.co.uk', 'info@mintconsulting(crm)ltd.co.uk', 'info@mitchampropertiesltd.co.uk', 'info@mksupermarketstoreltd.co.uk', 'info@mobiletechcentrelimited.co.uk', 'info@montpelierhealth.co.uk', 'info@naactivityparklimited.co.uk', 'info@naagaaltd.co.uk', 'info@newlocal.co.uk', 'info@nintendoofeuropese,ukbranch.co.uk', 'info@nintendoofeuropese,ukbranch.co.uk', 'info@northrowltd.co.uk', 'info@nufoxrubberlimited.co.uk', 'info@nxpower(uk)ltdt/acyberpower.co.uk', 'info@online24/7ltd.co.uk', 'info@opendateequipmentlimited.co.uk', 'info@orangeicecreamanddessertparlourltd.co.uk', 'info@oxfordimmunoteclimitedt/arevvity.co.uk', 'info@oxfordimmunoteclimitedt/arevvity.co.uk', 'info@paradicedessertslimited.co.uk', 'info@parthserviceslimited.co.uk', 'info@peterbesttradelimited.co.uk', 'info@pingonlinecommunicationsltd.co.uk', 'info@pizzawilmslowplusltd.co.uk', 'info@ppmprojectslimited.co.uk', 'info@privilegesupportedcareltd.co.uk', 'info@pukkaartlimited.co.uk', 'info@purpledragonplaylimited.co.uk', 'info@pvdretailltd.co.uk', 'info@raccagreennews.co.uk', 'info@ramgarhiaboardnorthampton.co.uk', 'info@reactengineering.co.uk', 'info@representclothinglimited.co.uk', 'info@richlandhomesltd.co.uk', 'info@risingmedicaltechnologieslimited.co.uk', 'info@riversidelinen&laundryltd.co.uk', 'info@rowanpharmaltd.co.uk', 'info@roytoncivilandstructuralltd.co.uk', 'info@s&dsupermarketwolverhamptonltdt/as&dsupermarket.co.uk', 'info@sabacapitalmanagement(uk)limited.co.uk', 'info@safariukbidcolimited.co.uk', 'info@safeguardpmsltd.co.uk', 'info@sagatruck&vanlimited.co.uk', 'info@sahbaacademyltd.co.uk', 'info@sdrcareservices.co.uk', 'info@seachilluklimitedtradingashiltonseafooduk.co.uk', 'info@shivsailtd.co.uk', 'info@shreejisupermarketlimitedt/anisalocal.co.uk', 'info@signaturehealthcareserviceslimited.co.uk', 'info@signatureofthailtd.co.uk', 'info@skprotectionlimited.co.uk', 'info@slowtouchltd.co.uk', 'info@smallworldconsultingltd.co.uk', 'info@smartcityconsultancyltd.co.uk', 'info@smartpointgroupuklimited.co.uk', 'info@sofinishtechnologieslimited.co.uk', 'info@soloagencyltd.co.uk', 'info@specialisedpolymerengineeringltd.co.uk', "info@speed'sjuiceukltd.co.uk", 'info@springstaffinglimited.co.uk', 'info@sturrockandrobsonservicesltd.co.uk', 'info@sudburyedgelimitedt/ajilani.co.uk', 'info@surethingconstructionsltd.co.uk', "info@suthaharannadesapillait/atoday'sexpress-inglemire.co.uk", "info@sutharshantharmasekarant/asmorley's.co.uk", 'info@swspiceltdt/abombayblue.co.uk', 'info@swallowsmeadowcourt.co.uk', 'info@swiftgrouplondonlimited.co.uk', 'info@taalstoresltd.co.uk', 'info@tagaviation(uk)limited.co.uk', 'info@tapcoenproukltd.co.uk', 'info@taxeffectiveltd.co.uk', 'info@tekuchilimited.co.uk', 'info@thebatterseacliniclimited.co.uk', 'info@thegalleyfish&chipshopltd.co.uk', 'info@themaryhillgrouppractice.co.uk', 'info@theoaksspecialistcollege.co.uk', 'info@thepizzahousepeterboroughlimited.co.uk', 'info@theriversidepublichouselimited.co.uk', 'info@tierneyhomesltdt/aslieveleague.co.uk', 'info@tiyanltd.co.uk', 'info@tlscareltd.co.uk', 'info@tmtfinance.co.uk', 'info@touchofloveoutreach.co.uk', 'info@touchofloveoutreach.co.uk', 'info@towerbridgelegalltdt/atowerbridgelegal.co.uk', 'info@treeoflifeministries.co.uk', 'info@trustedtechnologylimited.co.uk', 'info@umadalimitedt/aheavenlydessertshull.co.uk', 'info@universalserviceslondonlimited.co.uk', 'info@universityhealthservicesouthampton.co.uk', 'info@universityoflancashire.co.uk', 'info@universityoflancashire.co.uk', 'info@ustmlimited.co.uk', 'info@valorhospitalityeuropelimited.co.uk', 'info@valuechainmanagementltd.co.uk', 'info@violettastarlinkltd.co.uk', 'info@watlingstreetpractice.co.uk', 'info@wbcsduk.co.uk', 'info@wedgwoodcricketclub.co.uk', 'info@windrushsurgery.co.uk', "info@wolverhamptongirls'highschool.co.uk", 'info@woodhouseconvenienceltdt/awoodhouseconveniencestore&premier.co.uk', 'info@wrenlaboratorieslimited.co.uk', 'info@wsmpartnersllp.co.uk', 'info@wysefoodltd.co.uk', 'info@yaarhaulagelimited.co.uk', 'info@ygfedinburghltd.co.uk', 'info@yghplimited.co.uk', 'info@yologrouprestaurantslimited.co.uk', 'info@y-yito(uk)ltd.co.uk', 'info@zeeconsultinglimited.co.uk', 'info@zincnetworklimited.co.uk', 'info@zpgroupltd.co.uk']
2025-04-15 19:22:29,464 - INFO - 📨 Email sent to 276 sponsors: ['info@73stringsltd.co.uk', 'info@a&ntrimmingslimited.co.uk', 'info@abacus-69holdingslimited.co.uk', 'info@aberdeenassociationofsocialservice.co.uk', 'info@acumaticauklimited.co.uk', 'info@adaptivefinancialconsultingltd.co.uk', 'info@afc-halalmeatltd.co.uk', 'info@affle(uk)ltd..co.uk', 'info@agalretailltd.co.uk', 'info@airfiltrationsolutionsltd.co.uk', 'info@airfiltrationsolutionsltd.co.uk', 'info@airdshotel.co.uk', 'info@ajvpropertyservices(uk)ltd.co.uk', 'info@alhadisupermarketltd.co.uk', 'info@alanseliflimited.co.uk', 'info@alphaukpropertieslimited.co.uk', 'info@amvintageretailuklimited.co.uk', 'info@am2pmqualitycarelimited.co.uk', 'info@amandathompsoncoutureltd.co.uk', 'info@anacapawavepowerltd..co.uk', 'info@anacapawavepowerltd..co.uk', 'info@anotherboxstoryltd.co.uk', 'info@approvedpowerserviceslimited.co.uk', 'info@aquilainteractivelimited.co.uk', 'info@arbroathmedicalpracticellp.co.uk', 'info@artezzan.co.uk', 'info@asaexpresslimited.co.uk', 'info@ascendionengineeringsolutionseuropelimited.co.uk', 'info@ascendionengineeringsolutionseuropelimited.co.uk', 'info@asterosadvisers.co.uk', 'info@aviator75ltd.co.uk', 'info@balmoralcomteclimited.co.uk', 'info@bbfinteriorsltd.co.uk', 'info@beaconhealthkensingtonlimited.co.uk', 'info@becomfylimited.co.uk', 'info@berryworldltd.co.uk', 'info@berryworldltd.co.uk', 'info@bigleapconsultingltd.co.uk', "info@bingi'skitchenltd.co.uk", 'info@bistro1.co.uk', 'info@bizzleentertainmentltd.co.uk', 'info@blakehillhealthcarelimited.co.uk', 'info@bluestrawberryailtd.co.uk', 'info@bradfordroadcarsalesltd.co.uk', 'info@broadfieldlawukllp.co.uk', 'info@bxtechnologiesltd.co.uk', 'info@calabashmintlimited.co.uk', 'info@camberleyvisionpluslimitedt/aspecsavers.co.uk', 'info@carestaffservicesltd.co.uk', 'info@carenestsolutionsltd.co.uk', 'info@caresurelimited.co.uk', 'info@carltoncricketclub.co.uk', 'info@caruniversalltd.co.uk', 'info@caudaliegrouplimited.co.uk', 'info@caudaliegrouplimited.co.uk', 'info@centricbrandsinternationaleurope.co.uk', 'info@centricbrandsinternationaleurope.co.uk', 'info@centryserviceslimited.co.uk', 'info@ceonmachinerycontrolltd.co.uk', 'info@cggrillltd.co.uk', 'info@chaselodgehospitalltd.co.uk', 'info@chelsfieldelectricalltd.co.uk', 'info@cherrytwoltdt/abistrotpierre.co.uk', 'info@chestnutcourtcarehome.co.uk', 'info@ciaroltd.co.uk', 'info@cityleisuremanagementlimitedt/arosatwelve.co.uk', 'info@citygateautomotiveltd.co.uk', 'info@clearwatereventsltd.co.uk', 'info@cloudkeeperslondonltd.co.uk', 'info@cmtelecomukltd.co.uk', 'info@cmtelecomukltd.co.uk', 'info@countyfoodingredientsltd.co.uk', 'info@d.mcghee&sonsltd.co.uk', 'info@daclimited.co.uk', 'info@darbarartscultureheritagetrust.co.uk', 'info@defichiltd.co.uk', 'info@digitalinnklimited.co.uk', 'info@dovergrammarschoolforboys.co.uk', 'info@drinksonuslimited.co.uk', 'info@eastlancashiremoneyline(ips)ltd.co.uk', 'info@ecoalbalimited.co.uk', 'info@edgeratelimited.co.uk', 'info@ekniwas.co.uk', 'info@emergencyone.co.uk', 'info@equalexpertsuklimited.co.uk', 'info@equalexpertsuklimited.co.uk', 'info@erlystagestudiosltd.co.uk', 'info@evolution(radlett)ltd.co.uk', 'info@farnworthbaptistchurch/tlgbolton.co.uk', 'info@fdlawlimitedt/ahayesconnorsolicitors.co.uk', 'info@fieldviewcarehomeltd.co.uk', 'info@foundershealthholdinglimited.co.uk', 'info@frobelindependentservices.co.uk', 'info@fronhaulandbrookfieldcarehomeltd.co.uk', 'info@fusionfleetautos(falkirk)ltd.co.uk', 'info@glasgowrepairsltd.co.uk', 'info@glenmoreconsortiumltd.co.uk', 'info@greenbirdsconstructionltd.co.uk', 'info@greytowndentalpracticeltd.co.uk', 'info@gruberlogistics(uk)limited.co.uk', 'info@gwactiveltd.co.uk', 'info@h.w.woodlimited.co.uk', 'info@h.w.woodlimited.co.uk', 'info@hahhospitalitylimitedt/aindianaffairancoats.co.uk', 'info@haliogenpowerlimited.co.uk', 'info@happyrugbyltd.co.uk', 'info@harlandservicesltd.co.uk', 'info@harveymedicalconsultinglimited.co.uk', 'info@hasthcultltdtaartoonsworld.co.uk', 'info@herculesenterprisesltd.co.uk', 'info@hhproductionsltd.co.uk', 'info@hillsidecareltd.co.uk', 'info@hobsonssoholtd.co.uk', 'info@holcimuklimited.co.uk', 'info@holcimuklimited.co.uk', 'info@holtretirementlimited.co.uk', 'info@horizonphonessalesandrepairsukltd.co.uk', 'info@houghtonpharmacyltd.co.uk', 'info@hrmot&servicesltd.co.uk', 'info@iaguk&europe.co.uk', 'info@iaguk&europe.co.uk', 'info@iaguk&europe.co.uk', 'info@iaguk&europe.co.uk', 'info@inspirationsleicestershireltd.co.uk', 'info@integratedmediasolutionsltd.co.uk', 'info@invoxbelgiumukltd.co.uk', 'info@janeplan.co.uk', 'info@jmd(london)ltdt/afratellideli.co.uk', 'info@jollyscoffeeltd.co.uk', 'info@jonathanlulimited.co.uk', 'info@joysmilelimited.co.uk', 'info@joysmotorsltd.co.uk', 'info@jpccare&supportdaycentre.co.uk', 'info@jugandbottle.co.uk', 'info@jumoukltd.co.uk', "info@junior'sdaynursery.co.uk", 'info@juretransltd.co.uk', 'info@kemsholtd.co.uk', 'info@khawajahalalpoultry(soletrader)t/akhppoultry.co.uk', 'info@khnmsltd.co.uk', 'info@kokorohounslowltd.co.uk', 'info@konesh&coltd.co.uk', 'info@ksppharmaltdt/anewroadpharmacy.co.uk', 'info@lasaluteltd.co.uk', 'info@lampardinvestmentslimited.co.uk', 'info@ldcarelimited.co.uk', 'info@leiths(scotland)ltd.co.uk', 'info@leojetgroupltd.co.uk', 'info@levelweblimited.co.uk', 'info@lgmgmachineryu.k.limited.co.uk', 'info@lgmgmachineryu.k.limited.co.uk', 'info@lifestyleflooringlimited.co.uk', 'info@lillibethouseltd.co.uk', 'info@logixfmltd.co.uk', 'info@londonbctourismandconstructiontradingcompanyltd.co.uk', 'info@londoncomputerrecycling.co.uk', 'info@lotuslounge2023ltdt/alotuslounge.co.uk', 'info@lpsdseventysixlimited.co.uk', 'info@manorinteriorsolutionslimited.co.uk', 'info@maxgconstructionltd.co.uk', 'info@maxvalelimitedt/afledgelingsdaynursery.co.uk', 'info@mdemachinerylimited.co.uk', 'info@medefineeducationgroupltd.co.uk', 'info@mintconsulting(crm)ltd.co.uk', 'info@mitchampropertiesltd.co.uk', 'info@mksupermarketstoreltd.co.uk', 'info@mobiletechcentrelimited.co.uk', 'info@montpelierhealth.co.uk', 'info@naactivityparklimited.co.uk', 'info@naagaaltd.co.uk', 'info@newlocal.co.uk', 'info@nintendoofeuropese,ukbranch.co.uk', 'info@nintendoofeuropese,ukbranch.co.uk', 'info@northrowltd.co.uk', 'info@nufoxrubberlimited.co.uk', 'info@nxpower(uk)ltdt/acyberpower.co.uk', 'info@online24/7ltd.co.uk', 'info@opendateequipmentlimited.co.uk', 'info@orangeicecreamanddessertparlourltd.co.uk', 'info@oxfordimmunoteclimitedt/arevvity.co.uk', 'info@oxfordimmunoteclimitedt/arevvity.co.uk', 'info@paradicedessertslimited.co.uk', 'info@parthserviceslimited.co.uk', 'info@peterbesttradelimited.co.uk', 'info@pingonlinecommunicationsltd.co.uk', 'info@pizzawilmslowplusltd.co.uk', 'info@ppmprojectslimited.co.uk', 'info@privilegesupportedcareltd.co.uk', 'info@pukkaartlimited.co.uk', 'info@purpledragonplaylimited.co.uk', 'info@pvdretailltd.co.uk', 'info@raccagreennews.co.uk', 'info@ramgarhiaboardnorthampton.co.uk', 'info@reactengineering.co.uk', 'info@representclothinglimited.co.uk', 'info@richlandhomesltd.co.uk', 'info@risingmedicaltechnologieslimited.co.uk', 'info@riversidelinen&laundryltd.co.uk', 'info@rowanpharmaltd.co.uk', 'info@roytoncivilandstructuralltd.co.uk', 'info@s&dsupermarketwolverhamptonltdt/as&dsupermarket.co.uk', 'info@sabacapitalmanagement(uk)limited.co.uk', 'info@safariukbidcolimited.co.uk', 'info@safeguardpmsltd.co.uk', 'info@sagatruck&vanlimited.co.uk', 'info@sahbaacademyltd.co.uk', 'info@sdrcareservices.co.uk', 'info@seachilluklimitedtradingashiltonseafooduk.co.uk', 'info@shivsailtd.co.uk', 'info@shreejisupermarketlimitedt/anisalocal.co.uk', 'info@signaturehealthcareserviceslimited.co.uk', 'info@signatureofthailtd.co.uk', 'info@skprotectionlimited.co.uk', 'info@slowtouchltd.co.uk', 'info@smallworldconsultingltd.co.uk', 'info@smartcityconsultancyltd.co.uk', 'info@smartpointgroupuklimited.co.uk', 'info@sofinishtechnologieslimited.co.uk', 'info@soloagencyltd.co.uk', 'info@specialisedpolymerengineeringltd.co.uk', "info@speed'sjuiceukltd.co.uk", 'info@springstaffinglimited.co.uk', 'info@sturrockandrobsonservicesltd.co.uk', 'info@sudburyedgelimitedt/ajilani.co.uk', 'info@surethingconstructionsltd.co.uk', "info@suthaharannadesapillait/atoday'sexpress-inglemire.co.uk", "info@sutharshantharmasekarant/asmorley's.co.uk", 'info@swspiceltdt/abombayblue.co.uk', 'info@swallowsmeadowcourt.co.uk', 'info@swiftgrouplondonlimited.co.uk', 'info@taalstoresltd.co.uk', 'info@tagaviation(uk)limited.co.uk', 'info@tapcoenproukltd.co.uk', 'info@taxeffectiveltd.co.uk', 'info@tekuchilimited.co.uk', 'info@thebatterseacliniclimited.co.uk', 'info@thegalleyfish&chipshopltd.co.uk', 'info@themaryhillgrouppractice.co.uk', 'info@theoaksspecialistcollege.co.uk', 'info@thepizzahousepeterboroughlimited.co.uk', 'info@theriversidepublichouselimited.co.uk', 'info@tierneyhomesltdt/aslieveleague.co.uk', 'info@tiyanltd.co.uk', 'info@tlscareltd.co.uk', 'info@tmtfinance.co.uk', 'info@touchofloveoutreach.co.uk', 'info@touchofloveoutreach.co.uk', 'info@towerbridgelegalltdt/atowerbridgelegal.co.uk', 'info@treeoflifeministries.co.uk', 'info@trustedtechnologylimited.co.uk', 'info@umadalimitedt/aheavenlydessertshull.co.uk', 'info@universalserviceslondonlimited.co.uk', 'info@universityhealthservicesouthampton.co.uk', 'info@universityoflancashire.co.uk', 'info@universityoflancashire.co.uk', 'info@ustmlimited.co.uk', 'info@valorhospitalityeuropelimited.co.uk', 'info@valuechainmanagementltd.co.uk', 'info@violettastarlinkltd.co.uk', 'info@watlingstreetpractice.co.uk', 'info@wbcsduk.co.uk', 'info@wedgwoodcricketclub.co.uk', 'info@windrushsurgery.co.uk', "info@wolverhamptongirls'highschool.co.uk", 'info@woodhouseconvenienceltdt/awoodhouseconveniencestore&premier.co.uk', 'info@wrenlaboratorieslimited.co.uk', 'info@wsmpartnersllp.co.uk', 'info@wysefoodltd.co.uk', 'info@yaarhaulagelimited.co.uk', 'info@ygfedinburghltd.co.uk', 'info@yghplimited.co.uk', 'info@yologrouprestaurantslimited.co.uk', 'info@y-yito(uk)ltd.co.uk', 'info@zeeconsultinglimited.co.uk', 'info@zincnetworklimited.co.uk', 'info@zpgroupltd.co.uk']
2025-04-15 19:23:21,435 - INFO - Logger set up successfully!
2025-04-15 19:23:21,435 - INFO - Logger set up successfully!
2025-04-15 19:23:21,435 - INFO - Logger set up successfully!
2025-04-15 19:23:21,435 - INFO - 🚀 Starting UK Sponsor Reach daily pipeline
2025-04-15 19:23:21,435 - INFO - 🚀 Starting UK Sponsor Reach daily pipeline
2025-04-15 19:23:21,435 - INFO - ⬇️ Downloading latest sponsor CSV
2025-04-15 19:23:21,435 - INFO - ⬇️ Downloading latest sponsor CSV
2025-04-15 19:23:21,436 - INFO - 🔍 Preprocessing and comparing with previous data
2025-04-15 19:23:21,436 - INFO - 🔍 Preprocessing and comparing with previous data
2025-04-15 19:23:24,432 - INFO - 🎯 Found 276 new sponsors
2025-04-15 19:23:24,432 - INFO - 🎯 Found 276 new sponsors
2025-04-15 19:23:24,433 - INFO - ✨ Enriching new sponsor data
2025-04-15 19:23:24,433 - INFO - ✨ Enriching new sponsor data
2025-04-15 19:23:24,433 - INFO - 🔍 Starting enrichment for new sponsors...
2025-04-15 19:23:24,433 - INFO - 🔍 Starting enrichment for new sponsors...
2025-04-15 19:23:24,433 - INFO - ✅ Enriched 276 companies successfully.
2025-04-15 19:23:24,433 - INFO - ✅ Enriched 276 companies successfully.
2025-04-15 19:23:24,433 - INFO - 📧 Sending outreach emails
2025-04-15 19:23:24,433 - INFO - 📧 Sending outreach emails
2025-04-15 19:25:04,885 - INFO - 📨 Email sent to 276 sponsors: ['info@73stringsltd.co.uk', 'info@a&ntrimmingslimited.co.uk', 'info@abacus-69holdingslimited.co.uk', 'info@aberdeenassociationofsocialservice.co.uk', 'info@acumaticauklimited.co.uk', 'info@adaptivefinancialconsultingltd.co.uk', 'info@afc-halalmeatltd.co.uk', 'info@affle(uk)ltd..co.uk', 'info@agalretailltd.co.uk', 'info@airfiltrationsolutionsltd.co.uk', 'info@airfiltrationsolutionsltd.co.uk', 'info@airdshotel.co.uk', 'info@ajvpropertyservices(uk)ltd.co.uk', 'info@alhadisupermarketltd.co.uk', 'info@alanseliflimited.co.uk', 'info@alphaukpropertieslimited.co.uk', 'info@amvintageretailuklimited.co.uk', 'info@am2pmqualitycarelimited.co.uk', 'info@amandathompsoncoutureltd.co.uk', 'info@anacapawavepowerltd..co.uk', 'info@anacapawavepowerltd..co.uk', 'info@anotherboxstoryltd.co.uk', 'info@approvedpowerserviceslimited.co.uk', 'info@aquilainteractivelimited.co.uk', 'info@arbroathmedicalpracticellp.co.uk', 'info@artezzan.co.uk', 'info@asaexpresslimited.co.uk', 'info@ascendionengineeringsolutionseuropelimited.co.uk', 'info@ascendionengineeringsolutionseuropelimited.co.uk', 'info@asterosadvisers.co.uk', 'info@aviator75ltd.co.uk', 'info@balmoralcomteclimited.co.uk', 'info@bbfinteriorsltd.co.uk', 'info@beaconhealthkensingtonlimited.co.uk', 'info@becomfylimited.co.uk', 'info@berryworldltd.co.uk', 'info@berryworldltd.co.uk', 'info@bigleapconsultingltd.co.uk', "info@bingi'skitchenltd.co.uk", 'info@bistro1.co.uk', 'info@bizzleentertainmentltd.co.uk', 'info@blakehillhealthcarelimited.co.uk', 'info@bluestrawberryailtd.co.uk', 'info@bradfordroadcarsalesltd.co.uk', 'info@broadfieldlawukllp.co.uk', 'info@bxtechnologiesltd.co.uk', 'info@calabashmintlimited.co.uk', 'info@camberleyvisionpluslimitedt/aspecsavers.co.uk', 'info@carestaffservicesltd.co.uk', 'info@carenestsolutionsltd.co.uk', 'info@caresurelimited.co.uk', 'info@carltoncricketclub.co.uk', 'info@caruniversalltd.co.uk', 'info@caudaliegrouplimited.co.uk', 'info@caudaliegrouplimited.co.uk', 'info@centricbrandsinternationaleurope.co.uk', 'info@centricbrandsinternationaleurope.co.uk', 'info@centryserviceslimited.co.uk', 'info@ceonmachinerycontrolltd.co.uk', 'info@cggrillltd.co.uk', 'info@chaselodgehospitalltd.co.uk', 'info@chelsfieldelectricalltd.co.uk', 'info@cherrytwoltdt/abistrotpierre.co.uk', 'info@chestnutcourtcarehome.co.uk', 'info@ciaroltd.co.uk', 'info@cityleisuremanagementlimitedt/arosatwelve.co.uk', 'info@citygateautomotiveltd.co.uk', 'info@clearwatereventsltd.co.uk', 'info@cloudkeeperslondonltd.co.uk', 'info@cmtelecomukltd.co.uk', 'info@cmtelecomukltd.co.uk', 'info@countyfoodingredientsltd.co.uk', 'info@d.mcghee&sonsltd.co.uk', 'info@daclimited.co.uk', 'info@darbarartscultureheritagetrust.co.uk', 'info@defichiltd.co.uk', 'info@digitalinnklimited.co.uk', 'info@dovergrammarschoolforboys.co.uk', 'info@drinksonuslimited.co.uk', 'info@eastlancashiremoneyline(ips)ltd.co.uk', 'info@ecoalbalimited.co.uk', 'info@edgeratelimited.co.uk', 'info@ekniwas.co.uk', 'info@emergencyone.co.uk', 'info@equalexpertsuklimited.co.uk', 'info@equalexpertsuklimited.co.uk', 'info@erlystagestudiosltd.co.uk', 'info@evolution(radlett)ltd.co.uk', 'info@farnworthbaptistchurch/tlgbolton.co.uk', 'info@fdlawlimitedt/ahayesconnorsolicitors.co.uk', 'info@fieldviewcarehomeltd.co.uk', 'info@foundershealthholdinglimited.co.uk', 'info@frobelindependentservices.co.uk', 'info@fronhaulandbrookfieldcarehomeltd.co.uk', 'info@fusionfleetautos(falkirk)ltd.co.uk', 'info@glasgowrepairsltd.co.uk', 'info@glenmoreconsortiumltd.co.uk', 'info@greenbirdsconstructionltd.co.uk', 'info@greytowndentalpracticeltd.co.uk', 'info@gruberlogistics(uk)limited.co.uk', 'info@gwactiveltd.co.uk', 'info@h.w.woodlimited.co.uk', 'info@h.w.woodlimited.co.uk', 'info@hahhospitalitylimitedt/aindianaffairancoats.co.uk', 'info@haliogenpowerlimited.co.uk', 'info@happyrugbyltd.co.uk', 'info@harlandservicesltd.co.uk', 'info@harveymedicalconsultinglimited.co.uk', 'info@hasthcultltdtaartoonsworld.co.uk', 'info@herculesenterprisesltd.co.uk', 'info@hhproductionsltd.co.uk', 'info@hillsidecareltd.co.uk', 'info@hobsonssoholtd.co.uk', 'info@holcimuklimited.co.uk', 'info@holcimuklimited.co.uk', 'info@holtretirementlimited.co.uk', 'info@horizonphonessalesandrepairsukltd.co.uk', 'info@houghtonpharmacyltd.co.uk', 'info@hrmot&servicesltd.co.uk', 'info@iaguk&europe.co.uk', 'info@iaguk&europe.co.uk', 'info@iaguk&europe.co.uk', 'info@iaguk&europe.co.uk', 'info@inspirationsleicestershireltd.co.uk', 'info@integratedmediasolutionsltd.co.uk', 'info@invoxbelgiumukltd.co.uk', 'info@janeplan.co.uk', 'info@jmd(london)ltdt/afratellideli.co.uk', 'info@jollyscoffeeltd.co.uk', 'info@jonathanlulimited.co.uk', 'info@joysmilelimited.co.uk', 'info@joysmotorsltd.co.uk', 'info@jpccare&supportdaycentre.co.uk', 'info@jugandbottle.co.uk', 'info@jumoukltd.co.uk', "info@junior'sdaynursery.co.uk", 'info@juretransltd.co.uk', 'info@kemsholtd.co.uk', 'info@khawajahalalpoultry(soletrader)t/akhppoultry.co.uk', 'info@khnmsltd.co.uk', 'info@kokorohounslowltd.co.uk', 'info@konesh&coltd.co.uk', 'info@ksppharmaltdt/anewroadpharmacy.co.uk', 'info@lasaluteltd.co.uk', 'info@lampardinvestmentslimited.co.uk', 'info@ldcarelimited.co.uk', 'info@leiths(scotland)ltd.co.uk', 'info@leojetgroupltd.co.uk', 'info@levelweblimited.co.uk', 'info@lgmgmachineryu.k.limited.co.uk', 'info@lgmgmachineryu.k.limited.co.uk', 'info@lifestyleflooringlimited.co.uk', 'info@lillibethouseltd.co.uk', 'info@logixfmltd.co.uk', 'info@londonbctourismandconstructiontradingcompanyltd.co.uk', 'info@londoncomputerrecycling.co.uk', 'info@lotuslounge2023ltdt/alotuslounge.co.uk', 'info@lpsdseventysixlimited.co.uk', 'info@manorinteriorsolutionslimited.co.uk', 'info@maxgconstructionltd.co.uk', 'info@maxvalelimitedt/afledgelingsdaynursery.co.uk', 'info@mdemachinerylimited.co.uk', 'info@medefineeducationgroupltd.co.uk', 'info@mintconsulting(crm)ltd.co.uk', 'info@mitchampropertiesltd.co.uk', 'info@mksupermarketstoreltd.co.uk', 'info@mobiletechcentrelimited.co.uk', 'info@montpelierhealth.co.uk', 'info@naactivityparklimited.co.uk', 'info@naagaaltd.co.uk', 'info@newlocal.co.uk', 'info@nintendoofeuropese,ukbranch.co.uk', 'info@nintendoofeuropese,ukbranch.co.uk', 'info@northrowltd.co.uk', 'info@nufoxrubberlimited.co.uk', 'info@nxpower(uk)ltdt/acyberpower.co.uk', 'info@online24/7ltd.co.uk', 'info@opendateequipmentlimited.co.uk', 'info@orangeicecreamanddessertparlourltd.co.uk', 'info@oxfordimmunoteclimitedt/arevvity.co.uk', 'info@oxfordimmunoteclimitedt/arevvity.co.uk', 'info@paradicedessertslimited.co.uk', 'info@parthserviceslimited.co.uk', 'info@peterbesttradelimited.co.uk', 'info@pingonlinecommunicationsltd.co.uk', 'info@pizzawilmslowplusltd.co.uk', 'info@ppmprojectslimited.co.uk', 'info@privilegesupportedcareltd.co.uk', 'info@pukkaartlimited.co.uk', 'info@purpledragonplaylimited.co.uk', 'info@pvdretailltd.co.uk', 'info@raccagreennews.co.uk', 'info@ramgarhiaboardnorthampton.co.uk', 'info@reactengineering.co.uk', 'info@representclothinglimited.co.uk', 'info@richlandhomesltd.co.uk', 'info@risingmedicaltechnologieslimited.co.uk', 'info@riversidelinen&laundryltd.co.uk', 'info@rowanpharmaltd.co.uk', 'info@roytoncivilandstructuralltd.co.uk', 'info@s&dsupermarketwolverhamptonltdt/as&dsupermarket.co.uk', 'info@sabacapitalmanagement(uk)limited.co.uk', 'info@safariukbidcolimited.co.uk', 'info@safeguardpmsltd.co.uk', 'info@sagatruck&vanlimited.co.uk', 'info@sahbaacademyltd.co.uk', 'info@sdrcareservices.co.uk', 'info@seachilluklimitedtradingashiltonseafooduk.co.uk', 'info@shivsailtd.co.uk', 'info@shreejisupermarketlimitedt/anisalocal.co.uk', 'info@signaturehealthcareserviceslimited.co.uk', 'info@signatureofthailtd.co.uk', 'info@skprotectionlimited.co.uk', 'info@slowtouchltd.co.uk', 'info@smallworldconsultingltd.co.uk', 'info@smartcityconsultancyltd.co.uk', 'info@smartpointgroupuklimited.co.uk', 'info@sofinishtechnologieslimited.co.uk', 'info@soloagencyltd.co.uk', 'info@specialisedpolymerengineeringltd.co.uk', "info@speed'sjuiceukltd.co.uk", 'info@springstaffinglimited.co.uk', 'info@sturrockandrobsonservicesltd.co.uk', 'info@sudburyedgelimitedt/ajilani.co.uk', 'info@surethingconstructionsltd.co.uk', "info@suthaharannadesapillait/atoday'sexpress-inglemire.co.uk", "info@sutharshantharmasekarant/asmorley's.co.uk", 'info@swspiceltdt/abombayblue.co.uk', 'info@swallowsmeadowcourt.co.uk', 'info@swiftgrouplondonlimited.co.uk', 'info@taalstoresltd.co.uk', 'info@tagaviation(uk)limited.co.uk', 'info@tapcoenproukltd.co.uk', 'info@taxeffectiveltd.co.uk', 'info@tekuchilimited.co.uk', 'info@thebatterseacliniclimited.co.uk', 'info@thegalleyfish&chipshopltd.co.uk', 'info@themaryhillgrouppractice.co.uk', 'info@theoaksspecialistcollege.co.uk', 'info@thepizzahousepeterboroughlimited.co.uk', 'info@theriversidepublichouselimited.co.uk', 'info@tierneyhomesltdt/aslieveleague.co.uk', 'info@tiyanltd.co.uk', 'info@tlscareltd.co.uk', 'info@tmtfinance.co.uk', 'info@touchofloveoutreach.co.uk', 'info@touchofloveoutreach.co.uk', 'info@towerbridgelegalltdt/atowerbridgelegal.co.uk', 'info@treeoflifeministries.co.uk', 'info@trustedtechnologylimited.co.uk', 'info@umadalimitedt/aheavenlydessertshull.co.uk', 'info@universalserviceslondonlimited.co.uk', 'info@universityhealthservicesouthampton.co.uk', 'info@universityoflancashire.co.uk', 'info@universityoflancashire.co.uk', 'info@ustmlimited.co.uk', 'info@valorhospitalityeuropelimited.co.uk', 'info@valuechainmanagementltd.co.uk', 'info@violettastarlinkltd.co.uk', 'info@watlingstreetpractice.co.uk', 'info@wbcsduk.co.uk', 'info@wedgwoodcricketclub.co.uk', 'info@windrushsurgery.co.uk', "info@wolverhamptongirls'highschool.co.uk", 'info@woodhouseconvenienceltdt/awoodhouseconveniencestore&premier.co.uk', 'info@wrenlaboratorieslimited.co.uk', 'info@wsmpartnersllp.co.uk', 'info@wysefoodltd.co.uk', 'info@yaarhaulagelimited.co.uk', 'info@ygfedinburghltd.co.uk', 'info@yghplimited.co.uk', 'info@yologrouprestaurantslimited.co.uk', 'info@y-yito(uk)ltd.co.uk', 'info@zeeconsultinglimited.co.uk', 'info@zincnetworklimited.co.uk', 'info@zpgroupltd.co.uk']
2025-04-15 19:25:04,885 - INFO - 📨 Email sent to 276 sponsors: ['info@73stringsltd.co.uk', 'info@a&ntrimmingslimited.co.uk', 'info@abacus-69holdingslimited.co.uk', 'info@aberdeenassociationofsocialservice.co.uk', 'info@acumaticauklimited.co.uk', 'info@adaptivefinancialconsultingltd.co.uk', 'info@afc-halalmeatltd.co.uk', 'info@affle(uk)ltd..co.uk', 'info@agalretailltd.co.uk', 'info@airfiltrationsolutionsltd.co.uk', 'info@airfiltrationsolutionsltd.co.uk', 'info@airdshotel.co.uk', 'info@ajvpropertyservices(uk)ltd.co.uk', 'info@alhadisupermarketltd.co.uk', 'info@alanseliflimited.co.uk', 'info@alphaukpropertieslimited.co.uk', 'info@amvintageretailuklimited.co.uk', 'info@am2pmqualitycarelimited.co.uk', 'info@amandathompsoncoutureltd.co.uk', 'info@anacapawavepowerltd..co.uk', 'info@anacapawavepowerltd..co.uk', 'info@anotherboxstoryltd.co.uk', 'info@approvedpowerserviceslimited.co.uk', 'info@aquilainteractivelimited.co.uk', 'info@arbroathmedicalpracticellp.co.uk', 'info@artezzan.co.uk', 'info@asaexpresslimited.co.uk', 'info@ascendionengineeringsolutionseuropelimited.co.uk', 'info@ascendionengineeringsolutionseuropelimited.co.uk', 'info@asterosadvisers.co.uk', 'info@aviator75ltd.co.uk', 'info@balmoralcomteclimited.co.uk', 'info@bbfinteriorsltd.co.uk', 'info@beaconhealthkensingtonlimited.co.uk', 'info@becomfylimited.co.uk', 'info@berryworldltd.co.uk', 'info@berryworldltd.co.uk', 'info@bigleapconsultingltd.co.uk', "info@bingi'skitchenltd.co.uk", 'info@bistro1.co.uk', 'info@bizzleentertainmentltd.co.uk', 'info@blakehillhealthcarelimited.co.uk', 'info@bluestrawberryailtd.co.uk', 'info@bradfordroadcarsalesltd.co.uk', 'info@broadfieldlawukllp.co.uk', 'info@bxtechnologiesltd.co.uk', 'info@calabashmintlimited.co.uk', 'info@camberleyvisionpluslimitedt/aspecsavers.co.uk', 'info@carestaffservicesltd.co.uk', 'info@carenestsolutionsltd.co.uk', 'info@caresurelimited.co.uk', 'info@carltoncricketclub.co.uk', 'info@caruniversalltd.co.uk', 'info@caudaliegrouplimited.co.uk', 'info@caudaliegrouplimited.co.uk', 'info@centricbrandsinternationaleurope.co.uk', 'info@centricbrandsinternationaleurope.co.uk', 'info@centryserviceslimited.co.uk', 'info@ceonmachinerycontrolltd.co.uk', 'info@cggrillltd.co.uk', 'info@chaselodgehospitalltd.co.uk', 'info@chelsfieldelectricalltd.co.uk', 'info@cherrytwoltdt/abistrotpierre.co.uk', 'info@chestnutcourtcarehome.co.uk', 'info@ciaroltd.co.uk', 'info@cityleisuremanagementlimitedt/arosatwelve.co.uk', 'info@citygateautomotiveltd.co.uk', 'info@clearwatereventsltd.co.uk', 'info@cloudkeeperslondonltd.co.uk', 'info@cmtelecomukltd.co.uk', 'info@cmtelecomukltd.co.uk', 'info@countyfoodingredientsltd.co.uk', 'info@d.mcghee&sonsltd.co.uk', 'info@daclimited.co.uk', 'info@darbarartscultureheritagetrust.co.uk', 'info@defichiltd.co.uk', 'info@digitalinnklimited.co.uk', 'info@dovergrammarschoolforboys.co.uk', 'info@drinksonuslimited.co.uk', 'info@eastlancashiremoneyline(ips)ltd.co.uk', 'info@ecoalbalimited.co.uk', 'info@edgeratelimited.co.uk', 'info@ekniwas.co.uk', 'info@emergencyone.co.uk', 'info@equalexpertsuklimited.co.uk', 'info@equalexpertsuklimited.co.uk', 'info@erlystagestudiosltd.co.uk', 'info@evolution(radlett)ltd.co.uk', 'info@farnworthbaptistchurch/tlgbolton.co.uk', 'info@fdlawlimitedt/ahayesconnorsolicitors.co.uk', 'info@fieldviewcarehomeltd.co.uk', 'info@foundershealthholdinglimited.co.uk', 'info@frobelindependentservices.co.uk', 'info@fronhaulandbrookfieldcarehomeltd.co.uk', 'info@fusionfleetautos(falkirk)ltd.co.uk', 'info@glasgowrepairsltd.co.uk', 'info@glenmoreconsortiumltd.co.uk', 'info@greenbirdsconstructionltd.co.uk', 'info@greytowndentalpracticeltd.co.uk', 'info@gruberlogistics(uk)limited.co.uk', 'info@gwactiveltd.co.uk', 'info@h.w.woodlimited.co.uk', 'info@h.w.woodlimited.co.uk', 'info@hahhospitalitylimitedt/aindianaffairancoats.co.uk', 'info@haliogenpowerlimited.co.uk', 'info@happyrugbyltd.co.uk', 'info@harlandservicesltd.co.uk', 'info@harveymedicalconsultinglimited.co.uk', 'info@hasthcultltdtaartoonsworld.co.uk', 'info@herculesenterprisesltd.co.uk', 'info@hhproductionsltd.co.uk', 'info@hillsidecareltd.co.uk', 'info@hobsonssoholtd.co.uk', 'info@holcimuklimited.co.uk', 'info@holcimuklimited.co.uk', 'info@holtretirementlimited.co.uk', 'info@horizonphonessalesandrepairsukltd.co.uk', 'info@houghtonpharmacyltd.co.uk', 'info@hrmot&servicesltd.co.uk', 'info@iaguk&europe.co.uk', 'info@iaguk&europe.co.uk', 'info@iaguk&europe.co.uk', 'info@iaguk&europe.co.uk', 'info@inspirationsleicestershireltd.co.uk', 'info@integratedmediasolutionsltd.co.uk', 'info@invoxbelgiumukltd.co.uk', 'info@janeplan.co.uk', 'info@jmd(london)ltdt/afratellideli.co.uk', 'info@jollyscoffeeltd.co.uk', 'info@jonathanlulimited.co.uk', 'info@joysmilelimited.co.uk', 'info@joysmotorsltd.co.uk', 'info@jpccare&supportdaycentre.co.uk', 'info@jugandbottle.co.uk', 'info@jumoukltd.co.uk', "info@junior'sdaynursery.co.uk", 'info@juretransltd.co.uk', 'info@kemsholtd.co.uk', 'info@khawajahalalpoultry(soletrader)t/akhppoultry.co.uk', 'info@khnmsltd.co.uk', 'info@kokorohounslowltd.co.uk', 'info@konesh&coltd.co.uk', 'info@ksppharmaltdt/anewroadpharmacy.co.uk', 'info@lasaluteltd.co.uk', 'info@lampardinvestmentslimited.co.uk', 'info@ldcarelimited.co.uk', 'info@leiths(scotland)ltd.co.uk', 'info@leojetgroupltd.co.uk', 'info@levelweblimited.co.uk', 'info@lgmgmachineryu.k.limited.co.uk', 'info@lgmgmachineryu.k.limited.co.uk', 'info@lifestyleflooringlimited.co.uk', 'info@lillibethouseltd.co.uk', 'info@logixfmltd.co.uk', 'info@londonbctourismandconstructiontradingcompanyltd.co.uk', 'info@londoncomputerrecycling.co.uk', 'info@lotuslounge2023ltdt/alotuslounge.co.uk', 'info@lpsdseventysixlimited.co.uk', 'info@manorinteriorsolutionslimited.co.uk', 'info@maxgconstructionltd.co.uk', 'info@maxvalelimitedt/afledgelingsdaynursery.co.uk', 'info@mdemachinerylimited.co.uk', 'info@medefineeducationgroupltd.co.uk', 'info@mintconsulting(crm)ltd.co.uk', 'info@mitchampropertiesltd.co.uk', 'info@mksupermarketstoreltd.co.uk', 'info@mobiletechcentrelimited.co.uk', 'info@montpelierhealth.co.uk', 'info@naactivityparklimited.co.uk', 'info@naagaaltd.co.uk', 'info@newlocal.co.uk', 'info@nintendoofeuropese,ukbranch.co.uk', 'info@nintendoofeuropese,ukbranch.co.uk', 'info@northrowltd.co.uk', 'info@nufoxrubberlimited.co.uk', 'info@nxpower(uk)ltdt/acyberpower.co.uk', 'info@online24/7ltd.co.uk', 'info@opendateequipmentlimited.co.uk', 'info@orangeicecreamanddessertparlourltd.co.uk', 'info@oxfordimmunoteclimitedt/arevvity.co.uk', 'info@oxfordimmunoteclimitedt/arevvity.co.uk', 'info@paradicedessertslimited.co.uk', 'info@parthserviceslimited.co.uk', 'info@peterbesttradelimited.co.uk', 'info@pingonlinecommunicationsltd.co.uk', 'info@pizzawilmslowplusltd.co.uk', 'info@ppmprojectslimited.co.uk', 'info@privilegesupportedcareltd.co.uk', 'info@pukkaartlimited.co.uk', 'info@purpledragonplaylimited.co.uk', 'info@pvdretailltd.co.uk', 'info@raccagreennews.co.uk', 'info@ramgarhiaboardnorthampton.co.uk', 'info@reactengineering.co.uk', 'info@representclothinglimited.co.uk', 'info@richlandhomesltd.co.uk', 'info@risingmedicaltechnologieslimited.co.uk', 'info@riversidelinen&laundryltd.co.uk', 'info@rowanpharmaltd.co.uk', 'info@roytoncivilandstructuralltd.co.uk', 'info@s&dsupermarketwolverhamptonltdt/as&dsupermarket.co.uk', 'info@sabacapitalmanagement(uk)limited.co.uk', 'info@safariukbidcolimited.co.uk', 'info@safeguardpmsltd.co.uk', 'info@sagatruck&vanlimited.co.uk', 'info@sahbaacademyltd.co.uk', 'info@sdrcareservices.co.uk', 'info@seachilluklimitedtradingashiltonseafooduk.co.uk', 'info@shivsailtd.co.uk', 'info@shreejisupermarketlimitedt/anisalocal.co.uk', 'info@signaturehealthcareserviceslimited.co.uk', 'info@signatureofthailtd.co.uk', 'info@skprotectionlimited.co.uk', 'info@slowtouchltd.co.uk', 'info@smallworldconsultingltd.co.uk', 'info@smartcityconsultancyltd.co.uk', 'info@smartpointgroupuklimited.co.uk', 'info@sofinishtechnologieslimited.co.uk', 'info@soloagencyltd.co.uk', 'info@specialisedpolymerengineeringltd.co.uk', "info@speed'sjuiceukltd.co.uk", 'info@springstaffinglimited.co.uk', 'info@sturrockandrobsonservicesltd.co.uk', 'info@sudburyedgelimitedt/ajilani.co.uk', 'info@surethingconstructionsltd.co.uk', "info@suthaharannadesapillait/atoday'sexpress-inglemire.co.uk", "info@sutharshantharmasekarant/asmorley's.co.uk", 'info@swspiceltdt/abombayblue.co.uk', 'info@swallowsmeadowcourt.co.uk', 'info@swiftgrouplondonlimited.co.uk', 'info@taalstoresltd.co.uk', 'info@tagaviation(uk)limited.co.uk', 'info@tapcoenproukltd.co.uk', 'info@taxeffectiveltd.co.uk', 'info@tekuchilimited.co.uk', 'info@thebatterseacliniclimited.co.uk', 'info@thegalleyfish&chipshopltd.co.uk', 'info@themaryhillgrouppractice.co.uk', 'info@theoaksspecialistcollege.co.uk', 'info@thepizzahousepeterboroughlimited.co.uk', 'info@theriversidepublichouselimited.co.uk', 'info@tierneyhomesltdt/aslieveleague.co.uk', 'info@tiyanltd.co.uk', 'info@tlscareltd.co.uk', 'info@tmtfinance.co.uk', 'info@touchofloveoutreach.co.uk', 'info@touchofloveoutreach.co.uk', 'info@towerbridgelegalltdt/atowerbridgelegal.co.uk', 'info@treeoflifeministries.co.uk', 'info@trustedtechnologylimited.co.uk', 'info@umadalimitedt/aheavenlydessertshull.co.uk', 'info@universalserviceslondonlimited.co.uk', 'info@universityhealthservicesouthampton.co.uk', 'info@universityoflancashire.co.uk', 'info@universityoflancashire.co.uk', 'info@ustmlimited.co.uk', 'info@valorhospitalityeuropelimited.co.uk', 'info@valuechainmanagementltd.co.uk', 'info@violettastarlinkltd.co.uk', 'info@watlingstreetpractice.co.uk', 'info@wbcsduk.co.uk', 'info@wedgwoodcricketclub.co.uk', 'info@windrushsurgery.co.uk', "info@wolverhamptongirls'highschool.co.uk", 'info@woodhouseconvenienceltdt/awoodhouseconveniencestore&premier.co.uk', 'info@wrenlaboratorieslimited.co.uk', 'info@wsmpartnersllp.co.uk', 'info@wysefoodltd.co.uk', 'info@yaarhaulagelimited.co.uk', 'info@ygfedinburghltd.co.uk', 'info@yghplimited.co.uk', 'info@yologrouprestaurantslimited.co.uk', 'info@y-yito(uk)ltd.co.uk', 'info@zeeconsultinglimited.co.uk', 'info@zincnetworklimited.co.uk', 'info@zpgroupltd.co.uk']
2025-04-15 19:25:18,118 - CRITICAL - ❌ Unexpected error: 'NoneType' object has no attribute 'get'
Traceback (most recent call last):
  File "/home/shayon/Documents/web/sponsor-reach/scheduler/daily_workflow.py", line 64, in daily_pipeline
    logger.info(f"✉️ Email results: {email_stats.get('success', 0)} sent, {email_stats.get('failed', 0)} failed")
                                     ^^^^^^^^^^^^^^^
AttributeError: 'NoneType' object has no attribute 'get'
2025-04-15 19:25:18,118 - CRITICAL - ❌ Unexpected error: 'NoneType' object has no attribute 'get'
Traceback (most recent call last):
  File "/home/shayon/Documents/web/sponsor-reach/scheduler/daily_workflow.py", line 64, in daily_pipeline
    logger.info(f"✉️ Email results: {email_stats.get('success', 0)} sent, {email_stats.get('failed', 0)} failed")
                                     ^^^^^^^^^^^^^^^
AttributeError: 'NoneType' object has no attribute 'get'
2025-04-15 19:25:55,996 - INFO - Logger set up successfully!
2025-04-15 19:25:55,996 - INFO - Logger set up successfully!
2025-04-15 19:25:55,996 - INFO - Logger set up successfully!
2025-04-15 19:25:55,996 - INFO - 🚀 Starting UK Sponsor Reach daily pipeline
2025-04-15 19:25:55,996 - INFO - 🚀 Starting UK Sponsor Reach daily pipeline
2025-04-15 19:25:55,996 - INFO - ⬇️ Downloading latest sponsor CSV
2025-04-15 19:25:55,996 - INFO - ⬇️ Downloading latest sponsor CSV
2025-04-15 19:25:55,997 - INFO - 🔍 Preprocessing and comparing with previous data
2025-04-15 19:25:55,997 - INFO - 🔍 Preprocessing and comparing with previous data
2025-04-15 19:26:10,134 - INFO - Logger set up successfully!
2025-04-15 19:26:10,134 - INFO - Logger set up successfully!
2025-04-15 19:26:10,134 - INFO - Logger set up successfully!
2025-04-15 19:26:10,134 - INFO - 🚀 Starting UK Sponsor Reach daily pipeline
2025-04-15 19:26:10,134 - INFO - 🚀 Starting UK Sponsor Reach daily pipeline
2025-04-15 19:26:10,134 - INFO - ⬇️ Downloading latest sponsor CSV
2025-04-15 19:26:10,134 - INFO - ⬇️ Downloading latest sponsor CSV
2025-04-15 19:26:10,135 - INFO - 🔍 Preprocessing and comparing with previous data
2025-04-15 19:26:10,135 - INFO - 🔍 Preprocessing and comparing with previous data
2025-04-15 19:26:13,097 - INFO - 🎯 Found 276 new sponsors
2025-04-15 19:26:13,097 - INFO - 🎯 Found 276 new sponsors
2025-04-15 19:26:13,097 - INFO - ✨ Enriching new sponsor data
2025-04-15 19:26:13,097 - INFO - ✨ Enriching new sponsor data
2025-04-15 19:26:13,097 - INFO - 🔍 Starting enrichment for new sponsors...
2025-04-15 19:26:13,097 - INFO - 🔍 Starting enrichment for new sponsors...
2025-04-15 19:26:13,098 - INFO - ✅ Enriched 276 companies successfully.
2025-04-15 19:26:13,098 - INFO - ✅ Enriched 276 companies successfully.
2025-04-15 19:26:13,098 - INFO - 📧 Sending outreach emails
2025-04-15 19:26:13,098 - INFO - 📧 Sending outreach emails
2025-04-15 19:26:13,098 - INFO - 🔄 Syncing with Salesforce
2025-04-15 19:26:13,098 - INFO - 🔄 Syncing with Salesforce
2025-04-15 19:26:41,435 - INFO - Logger set up successfully!
2025-04-15 19:26:41,436 - INFO - Logger set up successfully!
2025-04-15 19:26:41,436 - INFO - Logger set up successfully!
2025-04-15 19:26:41,436 - INFO - 🚀 Starting UK Sponsor Reach daily pipeline
2025-04-15 19:26:41,436 - INFO - 🚀 Starting UK Sponsor Reach daily pipeline
2025-04-15 19:26:41,436 - INFO - ⬇️ Downloading latest sponsor CSV
2025-04-15 19:26:41,436 - INFO - ⬇️ Downloading latest sponsor CSV
2025-04-15 19:26:41,436 - INFO - 🔍 Preprocessing and comparing with previous data
2025-04-15 19:26:41,436 - INFO - 🔍 Preprocessing and comparing with previous data
2025-04-15 19:26:44,403 - INFO - 🎯 Found 276 new sponsors
2025-04-15 19:26:44,403 - INFO - 🎯 Found 276 new sponsors
2025-04-15 19:26:44,403 - INFO - ✨ Enriching new sponsor data
2025-04-15 19:26:44,403 - INFO - ✨ Enriching new sponsor data
2025-04-15 19:26:44,404 - INFO - 🔍 Starting enrichment for new sponsors...
2025-04-15 19:26:44,404 - INFO - 🔍 Starting enrichment for new sponsors...
2025-04-15 19:26:44,404 - INFO - ✅ Enriched 276 companies successfully.
2025-04-15 19:26:44,404 - INFO - ✅ Enriched 276 companies successfully.
2025-04-15 19:26:44,404 - INFO - 📧 Sending outreach emails
2025-04-15 19:26:44,404 - INFO - 📧 Sending outreach emails
2025-04-15 19:26:44,404 - INFO - 🔄 Syncing with Salesforce
2025-04-15 19:26:44,404 - INFO - 🔄 Syncing with Salesforce
2025-04-15 19:49:28,524 - INFO - Logger set up successfully!
2025-04-15 19:49:28,538 - INFO - Logger set up successfully!
2025-04-15 19:49:28,538 - INFO - Logger set up successfully!
2025-04-15 19:49:28,539 - INFO - 🚀 Starting UK Sponsor Reach daily pipeline
2025-04-15 19:49:28,539 - INFO - 🚀 Starting UK Sponsor Reach daily pipeline
2025-04-15 19:49:28,539 - INFO - ⬇️ Downloading latest sponsor CSV
2025-04-15 19:49:28,539 - INFO - ⬇️ Downloading latest sponsor CSV
2025-04-15 19:49:28,539 - INFO - 🔍 Preprocessing and comparing with previous data
2025-04-15 19:49:28,539 - INFO - 🔍 Preprocessing and comparing with previous data
2025-04-15 19:49:31,454 - INFO - 🎯 Found 276 new sponsors
2025-04-15 19:49:31,454 - INFO - 🎯 Found 276 new sponsors
2025-04-15 19:49:31,454 - INFO - ✨ Enriching new sponsor data
2025-04-15 19:49:31,454 - INFO - ✨ Enriching new sponsor data
2025-04-15 19:49:31,455 - INFO - 🔍 Starting enrichment for new sponsors...
2025-04-15 19:49:31,455 - INFO - 🔍 Starting enrichment for new sponsors...
2025-04-15 19:49:31,455 - INFO - ✅ Enriched 276 companies successfully.
2025-04-15 19:49:31,455 - INFO - ✅ Enriched 276 companies successfully.
2025-04-15 19:49:31,455 - INFO - 📧 Sending outreach emails
2025-04-15 19:49:31,455 - INFO - 📧 Sending outreach emails
2025-04-15 19:49:31,456 - INFO - 🔄 Syncing with Salesforce
2025-04-15 19:49:31,456 - INFO - 🔄 Syncing with Salesforce
2025-04-15 19:59:49,463 - INFO - Logger set up successfully!
2025-04-15 19:59:49,477 - INFO - Logger set up successfully!
2025-04-15 19:59:49,477 - INFO - Logger set up successfully!
2025-04-15 19:59:49,478 - INFO - 🚀 Starting UK Sponsor Reach daily pipeline
2025-04-15 19:59:49,478 - INFO - 🚀 Starting UK Sponsor Reach daily pipeline
2025-04-15 19:59:49,478 - INFO - ⬇️ Downloading latest sponsor CSV
2025-04-15 19:59:49,478 - INFO - ⬇️ Downloading latest sponsor CSV
2025-04-15 19:59:49,478 - INFO - 🔍 Preprocessing and comparing with previous data
2025-04-15 19:59:49,478 - INFO - 🔍 Preprocessing and comparing with previous data
2025-04-15 19:59:52,220 - INFO - 🎯 Found 276 new sponsors
2025-04-15 19:59:52,220 - INFO - 🎯 Found 276 new sponsors
2025-04-15 19:59:52,220 - INFO - ✨ Enriching new sponsor data
2025-04-15 19:59:52,220 - INFO - ✨ Enriching new sponsor data
2025-04-15 19:59:52,220 - INFO - 🔍 Starting enrichment for new sponsors...
2025-04-15 19:59:52,220 - INFO - 🔍 Starting enrichment for new sponsors...
2025-04-15 19:59:52,221 - INFO - ✅ Enriched 276 companies successfully.
2025-04-15 19:59:52,221 - INFO - ✅ Enriched 276 companies successfully.
2025-04-16 18:29:13,721 - INFO - Logger set up successfully!
2025-04-16 18:29:13,722 - INFO - Logger set up successfully!
2025-04-16 18:29:13,722 - INFO - Logger set up successfully!
2025-04-16 18:29:13,722 - INFO - 🚀 Starting UK Sponsor Reach daily pipeline
2025-04-16 18:29:13,722 - INFO - 🚀 Starting UK Sponsor Reach daily pipeline
2025-04-16 18:29:24,873 - INFO - ⬇️ Downloading latest sponsor CSV
2025-04-16 18:29:24,873 - INFO - ⬇️ Downloading latest sponsor CSV
2025-04-16 18:30:13,974 - INFO - 🔍 Preprocessing and comparing with previous data
2025-04-16 18:30:13,974 - INFO - 🔍 Preprocessing and comparing with previous data
2025-04-16 18:30:17,195 - INFO - 🎯 Found 62 new sponsors
2025-04-16 18:30:17,195 - INFO - 🎯 Found 62 new sponsors
2025-04-16 18:30:17,196 - INFO - ✨ Enriching new sponsor data
2025-04-16 18:30:17,196 - INFO - ✨ Enriching new sponsor data
2025-04-16 18:30:17,196 - INFO - 🔍 Starting enrichment for new sponsors...
2025-04-16 18:30:17,196 - INFO - 🔍 Starting enrichment for new sponsors...
2025-04-16 18:30:17,197 - INFO - ✅ Enriched 62 companies successfully.
2025-04-16 18:30:17,197 - INFO - ✅ Enriched 62 companies successfully.
2025-04-16 18:30:40,619 - INFO - 📧 Sending outreach emails
2025-04-16 18:30:40,619 - INFO - 📧 Sending outreach emails
2025-04-16 18:30:42,371 - INFO - 🔄 Syncing with Salesforce
2025-04-16 18:30:42,371 - INFO - 🔄 Syncing with Salesforce
2025-04-16 18:30:43,696 - INFO - 🔑 No saved Salesforce token found — fetching a new one.
2025-04-16 18:30:43,696 - INFO - 🔑 No saved Salesforce token found — fetching a new one.
2025-04-16 18:30:52,219 - CRITICAL - ❌ Unexpected error: 'Organisation Name'
Traceback (most recent call last):
  File "/home/shayon/Documents/web/sponsor-reach/crm/sync_crm.py", line 46, in sync_with_salesforce
    response = requests.post(
        url,
        headers=headers,
        json=sponsor
    )
  File "/home/shayon/Documents/web/sponsor-reach/.venv/lib64/python3.13/site-packages/requests/api.py", line 115, in post
    return request("post", url, data=data, json=json, **kwargs)
  File "/home/shayon/Documents/web/sponsor-reach/.venv/lib64/python3.13/site-packages/requests/api.py", line 59, in request
    return session.request(method=method, url=url, **kwargs)
           ~~~~~~~~~~~~~~~^^^^^^^^^^^^^^^^^^^^^^^^^^^^^^^^^^
  File "/home/shayon/Documents/web/sponsor-reach/.venv/lib64/python3.13/site-packages/requests/sessions.py", line 575, in request
    prep = self.prepare_request(req)
  File "/home/shayon/Documents/web/sponsor-reach/.venv/lib64/python3.13/site-packages/requests/sessions.py", line 484, in prepare_request
    p.prepare(
    ~~~~~~~~~^
        method=request.method.upper(),
        ^^^^^^^^^^^^^^^^^^^^^^^^^^^^^^
    ...<10 lines>...
        hooks=merge_hooks(request.hooks, self.hooks),
        ^^^^^^^^^^^^^^^^^^^^^^^^^^^^^^^^^^^^^^^^^^^^^
    )
    ^
  File "/home/shayon/Documents/web/sponsor-reach/.venv/lib64/python3.13/site-packages/requests/models.py", line 367, in prepare
    self.prepare_url(url, params)
    ~~~~~~~~~~~~~~~~^^^^^^^^^^^^^
  File "/home/shayon/Documents/web/sponsor-reach/.venv/lib64/python3.13/site-packages/requests/models.py", line 438, in prepare_url
    raise MissingSchema(
    ...<2 lines>...
    )
requests.exceptions.MissingSchema: Invalid URL '00DgK000002A7a9!AQEAQL020hkv.xrMJsFHFEnSDaNzSIHFPRAXG5sauml5vRLR._dVbva_sMXs4Px.TsBiEZCZtIHHvrH_RZCZICvYx4YA8FCK/data/v63.0/sobjects/Organization_Contracts__c/': No scheme supplied. Perhaps you meant https://00DgK000002A7a9!AQEAQL020hkv.xrMJsFHFEnSDaNzSIHFPRAXG5sauml5vRLR._dVbva_sMXs4Px.TsBiEZCZtIHHvrH_RZCZICvYx4YA8FCK/data/v63.0/sobjects/Organization_Contracts__c/?

During handling of the above exception, another exception occurred:

Traceback (most recent call last):
  File "/home/shayon/Documents/web/sponsor-reach/scheduler/daily_workflow.py", line 68, in daily_pipeline
    crm_results = sync_with_salesforce(enriched_sponsors)
  File "/home/shayon/Documents/web/sponsor-reach/crm/sync_crm.py", line 80, in sync_with_salesforce
    logger.error(f"❌ Unexpected error syncing {sponsor[ORGANIZATION_NAME]}: {err}")
                                                ~~~~~~~^^^^^^^^^^^^^^^^^^^
KeyError: 'Organisation Name'
2025-04-16 18:30:52,219 - CRITICAL - ❌ Unexpected error: 'Organisation Name'
Traceback (most recent call last):
  File "/home/shayon/Documents/web/sponsor-reach/crm/sync_crm.py", line 46, in sync_with_salesforce
    response = requests.post(
        url,
        headers=headers,
        json=sponsor
    )
  File "/home/shayon/Documents/web/sponsor-reach/.venv/lib64/python3.13/site-packages/requests/api.py", line 115, in post
    return request("post", url, data=data, json=json, **kwargs)
  File "/home/shayon/Documents/web/sponsor-reach/.venv/lib64/python3.13/site-packages/requests/api.py", line 59, in request
    return session.request(method=method, url=url, **kwargs)
           ~~~~~~~~~~~~~~~^^^^^^^^^^^^^^^^^^^^^^^^^^^^^^^^^^
  File "/home/shayon/Documents/web/sponsor-reach/.venv/lib64/python3.13/site-packages/requests/sessions.py", line 575, in request
    prep = self.prepare_request(req)
  File "/home/shayon/Documents/web/sponsor-reach/.venv/lib64/python3.13/site-packages/requests/sessions.py", line 484, in prepare_request
    p.prepare(
    ~~~~~~~~~^
        method=request.method.upper(),
        ^^^^^^^^^^^^^^^^^^^^^^^^^^^^^^
    ...<10 lines>...
        hooks=merge_hooks(request.hooks, self.hooks),
        ^^^^^^^^^^^^^^^^^^^^^^^^^^^^^^^^^^^^^^^^^^^^^
    )
    ^
  File "/home/shayon/Documents/web/sponsor-reach/.venv/lib64/python3.13/site-packages/requests/models.py", line 367, in prepare
    self.prepare_url(url, params)
    ~~~~~~~~~~~~~~~~^^^^^^^^^^^^^
  File "/home/shayon/Documents/web/sponsor-reach/.venv/lib64/python3.13/site-packages/requests/models.py", line 438, in prepare_url
    raise MissingSchema(
    ...<2 lines>...
    )
requests.exceptions.MissingSchema: Invalid URL '00DgK000002A7a9!AQEAQL020hkv.xrMJsFHFEnSDaNzSIHFPRAXG5sauml5vRLR._dVbva_sMXs4Px.TsBiEZCZtIHHvrH_RZCZICvYx4YA8FCK/data/v63.0/sobjects/Organization_Contracts__c/': No scheme supplied. Perhaps you meant https://00DgK000002A7a9!AQEAQL020hkv.xrMJsFHFEnSDaNzSIHFPRAXG5sauml5vRLR._dVbva_sMXs4Px.TsBiEZCZtIHHvrH_RZCZICvYx4YA8FCK/data/v63.0/sobjects/Organization_Contracts__c/?

During handling of the above exception, another exception occurred:

Traceback (most recent call last):
  File "/home/shayon/Documents/web/sponsor-reach/scheduler/daily_workflow.py", line 68, in daily_pipeline
    crm_results = sync_with_salesforce(enriched_sponsors)
  File "/home/shayon/Documents/web/sponsor-reach/crm/sync_crm.py", line 80, in sync_with_salesforce
    logger.error(f"❌ Unexpected error syncing {sponsor[ORGANIZATION_NAME]}: {err}")
                                                ~~~~~~~^^^^^^^^^^^^^^^^^^^
KeyError: 'Organisation Name'
2025-04-16 18:32:17,195 - INFO - Logger set up successfully!
2025-04-16 18:32:17,196 - INFO - Logger set up successfully!
2025-04-16 18:32:17,196 - INFO - Logger set up successfully!
2025-04-16 18:32:17,196 - INFO - 🚀 Starting UK Sponsor Reach daily pipeline
2025-04-16 18:32:17,196 - INFO - 🚀 Starting UK Sponsor Reach daily pipeline
2025-04-16 18:32:23,880 - INFO - ⬇️ Downloading latest sponsor CSV
2025-04-16 18:32:23,880 - INFO - ⬇️ Downloading latest sponsor CSV
2025-04-16 18:32:23,888 - INFO - 🔍 Preprocessing and comparing with previous data
2025-04-16 18:32:23,888 - INFO - 🔍 Preprocessing and comparing with previous data
2025-04-16 18:34:12,839 - INFO - 🎯 Found 62 new sponsors
2025-04-16 18:34:12,839 - INFO - 🎯 Found 62 new sponsors
2025-04-16 18:34:14,295 - INFO - ✨ Enriching new sponsor data
2025-04-16 18:34:14,295 - INFO - ✨ Enriching new sponsor data
2025-04-16 18:34:21,250 - INFO - 🔍 Starting enrichment for new sponsors...
2025-04-16 18:34:21,250 - INFO - 🔍 Starting enrichment for new sponsors...
2025-04-16 18:34:21,267 - INFO - ✅ Enriched 62 companies successfully.
2025-04-16 18:34:21,267 - INFO - ✅ Enriched 62 companies successfully.
2025-04-16 18:34:23,363 - INFO - 📧 Sending outreach emails
2025-04-16 18:34:23,363 - INFO - 📧 Sending outreach emails
2025-04-16 18:34:24,473 - INFO - 🔄 Syncing with Salesforce
2025-04-16 18:34:24,473 - INFO - 🔄 Syncing with Salesforce
2025-04-16 18:36:32,770 - INFO - Logger set up successfully!
2025-04-16 18:36:32,771 - INFO - Logger set up successfully!
2025-04-16 18:36:32,771 - INFO - Logger set up successfully!
2025-04-16 18:36:32,771 - INFO - 🚀 Starting UK Sponsor Reach daily pipeline
2025-04-16 18:36:32,771 - INFO - 🚀 Starting UK Sponsor Reach daily pipeline
2025-04-16 18:36:46,446 - INFO - ⬇️ Downloading latest sponsor CSV
2025-04-16 18:36:46,446 - INFO - ⬇️ Downloading latest sponsor CSV
2025-04-16 18:36:46,447 - INFO - 🔍 Preprocessing and comparing with previous data
2025-04-16 18:36:46,447 - INFO - 🔍 Preprocessing and comparing with previous data
2025-04-16 18:36:50,030 - INFO - 🎯 Found 62 new sponsors
2025-04-16 18:36:50,030 - INFO - 🎯 Found 62 new sponsors
2025-04-16 18:36:50,030 - INFO - ✨ Enriching new sponsor data
2025-04-16 18:36:50,030 - INFO - ✨ Enriching new sponsor data
2025-04-16 18:36:50,030 - INFO - 🔍 Starting enrichment for new sponsors...
2025-04-16 18:36:50,030 - INFO - 🔍 Starting enrichment for new sponsors...
2025-04-16 18:36:50,030 - INFO - ✅ Enriched 62 companies successfully.
2025-04-16 18:36:50,030 - INFO - ✅ Enriched 62 companies successfully.
2025-04-16 18:36:50,031 - INFO - 📧 Sending outreach emails
2025-04-16 18:36:50,031 - INFO - 📧 Sending outreach emails
2025-04-16 18:36:50,031 - INFO - 🔄 Syncing with Salesforce
2025-04-16 18:36:50,031 - INFO - 🔄 Syncing with Salesforce
2025-04-16 18:44:51,820 - INFO - Logger set up successfully!
2025-04-16 18:44:51,821 - INFO - Logger set up successfully!
2025-04-16 18:44:51,821 - INFO - Logger set up successfully!
2025-04-16 18:44:51,821 - INFO - 🚀 Starting UK Sponsor Reach daily pipeline
2025-04-16 18:44:51,821 - INFO - 🚀 Starting UK Sponsor Reach daily pipeline
2025-04-16 18:44:51,821 - INFO - ⬇️ Downloading latest sponsor CSV
2025-04-16 18:44:51,821 - INFO - ⬇️ Downloading latest sponsor CSV
2025-04-16 18:44:51,821 - INFO - 🔍 Preprocessing and comparing with previous data
2025-04-16 18:44:51,821 - INFO - 🔍 Preprocessing and comparing with previous data
2025-04-16 18:44:54,535 - INFO - 🎯 Found 62 new sponsors
2025-04-16 18:44:54,535 - INFO - 🎯 Found 62 new sponsors
2025-04-16 18:44:54,535 - INFO - ✨ Enriching new sponsor data
2025-04-16 18:44:54,535 - INFO - ✨ Enriching new sponsor data
2025-04-16 18:44:54,535 - INFO - 🔍 Starting enrichment for new sponsors...
2025-04-16 18:44:54,535 - INFO - 🔍 Starting enrichment for new sponsors...
2025-04-16 18:44:54,536 - INFO - ✅ Enriched 62 companies successfully.
2025-04-16 18:44:54,536 - INFO - ✅ Enriched 62 companies successfully.
2025-04-16 18:44:54,536 - INFO - 📧 Sending outreach emails
2025-04-16 18:44:54,536 - INFO - 📧 Sending outreach emails
2025-04-16 18:44:54,536 - INFO - 🔄 Syncing with Salesforce
2025-04-16 18:44:54,536 - INFO - 🔄 Syncing with Salesforce
2025-04-16 18:47:17,541 - INFO - Logger set up successfully!
2025-04-16 18:47:17,541 - INFO - Logger set up successfully!
2025-04-16 18:47:17,541 - INFO - Logger set up successfully!
2025-04-16 18:47:17,542 - INFO - 🚀 Starting UK Sponsor Reach daily pipeline
2025-04-16 18:47:17,542 - INFO - 🚀 Starting UK Sponsor Reach daily pipeline
2025-04-16 18:47:17,542 - INFO - ⬇️ Downloading latest sponsor CSV
2025-04-16 18:47:17,542 - INFO - ⬇️ Downloading latest sponsor CSV
2025-04-16 18:47:17,542 - INFO - 🔍 Preprocessing and comparing with previous data
2025-04-16 18:47:17,542 - INFO - 🔍 Preprocessing and comparing with previous data
2025-04-16 18:47:20,243 - INFO - 🎯 Found 62 new sponsors
2025-04-16 18:47:20,243 - INFO - 🎯 Found 62 new sponsors
2025-04-16 18:47:20,243 - INFO - ✨ Enriching new sponsor data
2025-04-16 18:47:20,243 - INFO - ✨ Enriching new sponsor data
2025-04-16 18:47:20,243 - INFO - 🔍 Starting enrichment for new sponsors...
2025-04-16 18:47:20,243 - INFO - 🔍 Starting enrichment for new sponsors...
2025-04-16 18:47:20,243 - INFO - ✅ Enriched 62 companies successfully.
2025-04-16 18:47:20,243 - INFO - ✅ Enriched 62 companies successfully.
2025-04-16 18:47:20,243 - INFO - 📧 Sending outreach emails
2025-04-16 18:47:20,243 - INFO - 📧 Sending outreach emails
2025-04-16 18:47:20,244 - INFO - 🔄 Syncing with Salesforce
2025-04-16 18:47:20,244 - INFO - 🔄 Syncing with Salesforce
2025-04-16 18:47:24,763 - INFO - ✅ Synced sponsor: Aelml Limited (Skilled Worker)
2025-04-16 18:47:24,763 - INFO - ✅ Synced sponsor: Aelml Limited (Skilled Worker)
2025-04-16 18:47:35,363 - INFO - ✅ Synced sponsor: Aethel Care Homes Ltd (Skilled Worker)
2025-04-16 18:47:35,363 - INFO - ✅ Synced sponsor: Aethel Care Homes Ltd (Skilled Worker)
2025-04-16 19:04:07,032 - INFO - Logger set up successfully!
2025-04-16 19:04:07,033 - INFO - Logger set up successfully!
2025-04-16 19:04:07,033 - INFO - Logger set up successfully!
2025-04-16 19:04:07,033 - INFO - 🚀 Starting UK Sponsor Reach daily pipeline
2025-04-16 19:04:07,033 - INFO - 🚀 Starting UK Sponsor Reach daily pipeline
2025-04-16 19:04:07,033 - INFO - ⬇️ Downloading latest sponsor CSV
2025-04-16 19:04:07,033 - INFO - ⬇️ Downloading latest sponsor CSV
2025-04-16 19:04:07,033 - INFO - 🔍 Preprocessing and comparing with previous data
2025-04-16 19:04:07,033 - INFO - 🔍 Preprocessing and comparing with previous data
2025-04-16 19:04:09,991 - INFO - 🎯 Found 62 new sponsors
2025-04-16 19:04:09,991 - INFO - 🎯 Found 62 new sponsors
2025-04-16 19:04:09,992 - INFO - ✨ Enriching new sponsor data
2025-04-16 19:04:09,992 - INFO - ✨ Enriching new sponsor data
2025-04-16 19:04:09,992 - INFO - 🔍 Starting enrichment for new sponsors...
2025-04-16 19:04:09,992 - INFO - 🔍 Starting enrichment for new sponsors...
2025-04-16 19:04:09,992 - INFO - ✅ Enriched 62 companies successfully.
2025-04-16 19:04:09,992 - INFO - ✅ Enriched 62 companies successfully.
2025-04-16 19:04:09,992 - INFO - 📧 Sending outreach emails
2025-04-16 19:04:09,992 - INFO - 📧 Sending outreach emails
2025-04-16 19:04:09,992 - INFO - 🔄 Syncing with Salesforce
2025-04-16 19:04:09,992 - INFO - 🔄 Syncing with Salesforce
2025-04-16 19:04:10,711 - ERROR - ❌ HTTP error during bulk sync: 400 Client Error: Bad Request for url: https://orgfarm-65af3e6e29-dev-ed.develop.my.salesforce.com/services/data/v63.0/sobjects/Organization_Contracts__c/
2025-04-16 19:04:10,711 - ERROR - ❌ HTTP error during bulk sync: 400 Client Error: Bad Request for url: https://orgfarm-65af3e6e29-dev-ed.develop.my.salesforce.com/services/data/v63.0/sobjects/Organization_Contracts__c/
2025-04-16 19:05:01,171 - INFO - Logger set up successfully!
2025-04-16 19:05:01,172 - INFO - Logger set up successfully!
2025-04-16 19:05:01,172 - INFO - Logger set up successfully!
2025-04-16 19:05:01,172 - INFO - 🚀 Starting UK Sponsor Reach daily pipeline
2025-04-16 19:05:01,172 - INFO - 🚀 Starting UK Sponsor Reach daily pipeline
2025-04-16 19:05:01,172 - INFO - ⬇️ Downloading latest sponsor CSV
2025-04-16 19:05:01,172 - INFO - ⬇️ Downloading latest sponsor CSV
2025-04-16 19:05:01,172 - INFO - 🔍 Preprocessing and comparing with previous data
2025-04-16 19:05:01,172 - INFO - 🔍 Preprocessing and comparing with previous data
2025-04-16 19:05:03,891 - INFO - 🎯 Found 62 new sponsors
2025-04-16 19:05:03,891 - INFO - 🎯 Found 62 new sponsors
2025-04-16 19:05:03,892 - INFO - ✨ Enriching new sponsor data
2025-04-16 19:05:03,892 - INFO - ✨ Enriching new sponsor data
2025-04-16 19:05:03,892 - INFO - 🔍 Starting enrichment for new sponsors...
2025-04-16 19:05:03,892 - INFO - 🔍 Starting enrichment for new sponsors...
2025-04-16 19:05:03,892 - INFO - ✅ Enriched 62 companies successfully.
2025-04-16 19:05:03,892 - INFO - ✅ Enriched 62 companies successfully.
2025-04-16 19:05:03,892 - INFO - 📧 Sending outreach emails
2025-04-16 19:05:03,892 - INFO - 📧 Sending outreach emails
2025-04-16 19:05:03,892 - INFO - 🔄 Syncing with Salesforce
2025-04-16 19:05:03,892 - INFO - 🔄 Syncing with Salesforce
2025-04-16 19:05:04,443 - ERROR - ❌ HTTP error during bulk sync: 400 Client Error: Bad Request for url: https://orgfarm-65af3e6e29-dev-ed.develop.my.salesforce.com/services/data/v63.0/sobjects/Organization_Contracts__c/
2025-04-16 19:05:04,443 - ERROR - ❌ HTTP error during bulk sync: 400 Client Error: Bad Request for url: https://orgfarm-65af3e6e29-dev-ed.develop.my.salesforce.com/services/data/v63.0/sobjects/Organization_Contracts__c/
2025-04-16 19:05:04,445 - INFO - 🏁 Pipeline completed in 0.05 minutes
2025-04-16 19:05:04,445 - INFO - 🏁 Pipeline completed in 0.05 minutes
2025-04-16 19:06:07,704 - INFO - Logger set up successfully!
2025-04-16 19:06:07,704 - INFO - Logger set up successfully!
2025-04-16 19:06:07,704 - INFO - Logger set up successfully!
2025-04-16 19:06:07,704 - INFO - 🚀 Starting UK Sponsor Reach daily pipeline
2025-04-16 19:06:07,704 - INFO - 🚀 Starting UK Sponsor Reach daily pipeline
2025-04-16 19:06:07,704 - INFO - ⬇️ Downloading latest sponsor CSV
2025-04-16 19:06:07,704 - INFO - ⬇️ Downloading latest sponsor CSV
2025-04-16 19:06:07,705 - INFO - 🔍 Preprocessing and comparing with previous data
2025-04-16 19:06:07,705 - INFO - 🔍 Preprocessing and comparing with previous data
2025-04-16 19:06:10,446 - INFO - 🎯 Found 62 new sponsors
2025-04-16 19:06:10,446 - INFO - 🎯 Found 62 new sponsors
2025-04-16 19:06:10,446 - INFO - ✨ Enriching new sponsor data
2025-04-16 19:06:10,446 - INFO - ✨ Enriching new sponsor data
2025-04-16 19:06:10,446 - INFO - 🔍 Starting enrichment for new sponsors...
2025-04-16 19:06:10,446 - INFO - 🔍 Starting enrichment for new sponsors...
2025-04-16 19:06:10,447 - INFO - ✅ Enriched 62 companies successfully.
2025-04-16 19:06:10,447 - INFO - ✅ Enriched 62 companies successfully.
2025-04-16 19:06:10,447 - INFO - 📧 Sending outreach emails
2025-04-16 19:06:10,447 - INFO - 📧 Sending outreach emails
2025-04-16 19:06:10,447 - INFO - 🔄 Syncing with Salesforce
2025-04-16 19:06:10,447 - INFO - 🔄 Syncing with Salesforce
2025-04-16 19:07:33,353 - INFO - Logger set up successfully!
2025-04-16 19:07:33,353 - INFO - Logger set up successfully!
2025-04-16 19:07:33,353 - INFO - Logger set up successfully!
2025-04-16 19:07:33,353 - INFO - 🚀 Starting UK Sponsor Reach daily pipeline
2025-04-16 19:07:33,353 - INFO - 🚀 Starting UK Sponsor Reach daily pipeline
2025-04-16 19:07:33,354 - INFO - ⬇️ Downloading latest sponsor CSV
2025-04-16 19:07:33,354 - INFO - ⬇️ Downloading latest sponsor CSV
2025-04-16 19:07:33,354 - INFO - 🔍 Preprocessing and comparing with previous data
2025-04-16 19:07:33,354 - INFO - 🔍 Preprocessing and comparing with previous data
2025-04-16 19:07:36,221 - INFO - 🎯 Found 62 new sponsors
2025-04-16 19:07:36,221 - INFO - 🎯 Found 62 new sponsors
2025-04-16 19:07:36,222 - INFO - ✨ Enriching new sponsor data
2025-04-16 19:07:36,222 - INFO - ✨ Enriching new sponsor data
2025-04-16 19:07:36,222 - INFO - 🔍 Starting enrichment for new sponsors...
2025-04-16 19:07:36,222 - INFO - 🔍 Starting enrichment for new sponsors...
2025-04-16 19:07:36,222 - INFO - ✅ Enriched 62 companies successfully.
2025-04-16 19:07:36,222 - INFO - ✅ Enriched 62 companies successfully.
2025-04-16 19:07:36,222 - INFO - 📧 Sending outreach emails
2025-04-16 19:07:36,222 - INFO - 📧 Sending outreach emails
2025-04-16 19:07:36,222 - INFO - 🔄 Syncing with Salesforce
2025-04-16 19:07:36,222 - INFO - 🔄 Syncing with Salesforce
2025-04-16 19:08:59,303 - INFO - Logger set up successfully!
2025-04-16 19:08:59,303 - INFO - Logger set up successfully!
2025-04-16 19:08:59,303 - INFO - Logger set up successfully!
2025-04-16 19:08:59,303 - INFO - 🚀 Starting UK Sponsor Reach daily pipeline
2025-04-16 19:08:59,303 - INFO - 🚀 Starting UK Sponsor Reach daily pipeline
2025-04-16 19:08:59,303 - INFO - ⬇️ Downloading latest sponsor CSV
2025-04-16 19:08:59,303 - INFO - ⬇️ Downloading latest sponsor CSV
2025-04-16 19:08:59,304 - INFO - 🔍 Preprocessing and comparing with previous data
2025-04-16 19:08:59,304 - INFO - 🔍 Preprocessing and comparing with previous data
2025-04-16 19:09:02,041 - INFO - 🎯 Found 62 new sponsors
2025-04-16 19:09:02,041 - INFO - 🎯 Found 62 new sponsors
2025-04-16 19:09:02,041 - INFO - ✨ Enriching new sponsor data
2025-04-16 19:09:02,041 - INFO - ✨ Enriching new sponsor data
2025-04-16 19:09:02,041 - INFO - 🔍 Starting enrichment for new sponsors...
2025-04-16 19:09:02,041 - INFO - 🔍 Starting enrichment for new sponsors...
2025-04-16 19:09:02,041 - INFO - ✅ Enriched 62 companies successfully.
2025-04-16 19:09:02,041 - INFO - ✅ Enriched 62 companies successfully.
2025-04-16 19:09:02,042 - INFO - 📧 Sending outreach emails
2025-04-16 19:09:02,042 - INFO - 📧 Sending outreach emails
2025-04-16 19:09:02,042 - INFO - 🔄 Syncing with Salesforce
2025-04-16 19:09:02,042 - INFO - 🔄 Syncing with Salesforce
2025-04-16 19:09:12,342 - INFO - ✅ Synced 0 sponsors successfully.
2025-04-16 19:09:12,342 - INFO - ✅ Synced 0 sponsors successfully.
2025-04-16 19:09:12,343 - WARNING - ⚠️ 62 sponsors failed to sync: [{'referenceId': 'ref1', 'id': 'a01gK000004HwQHQA0'}, {'referenceId': 'ref2', 'id': 'a01gK000004HwQIQA0'}, {'referenceId': 'ref3', 'id': 'a01gK000004HwQJQA0'}, {'referenceId': 'ref4', 'id': 'a01gK000004HwQKQA0'}, {'referenceId': 'ref5', 'id': 'a01gK000004HwQLQA0'}, {'referenceId': 'ref6', 'id': 'a01gK000004HwQMQA0'}, {'referenceId': 'ref7', 'id': 'a01gK000004HwQNQA0'}, {'referenceId': 'ref8', 'id': 'a01gK000004HwQOQA0'}, {'referenceId': 'ref9', 'id': 'a01gK000004HwQPQA0'}, {'referenceId': 'ref10', 'id': 'a01gK000004HwQQQA0'}, {'referenceId': 'ref11', 'id': 'a01gK000004HwQRQA0'}, {'referenceId': 'ref12', 'id': 'a01gK000004HwQSQA0'}, {'referenceId': 'ref13', 'id': 'a01gK000004HwQTQA0'}, {'referenceId': 'ref14', 'id': 'a01gK000004HwQUQA0'}, {'referenceId': 'ref15', 'id': 'a01gK000004HwQVQA0'}, {'referenceId': 'ref16', 'id': 'a01gK000004HwQWQA0'}, {'referenceId': 'ref17', 'id': 'a01gK000004HwQXQA0'}, {'referenceId': 'ref18', 'id': 'a01gK000004HwQYQA0'}, {'referenceId': 'ref19', 'id': 'a01gK000004HwQZQA0'}, {'referenceId': 'ref20', 'id': 'a01gK000004HwQaQAK'}, {'referenceId': 'ref21', 'id': 'a01gK000004HwQbQAK'}, {'referenceId': 'ref22', 'id': 'a01gK000004HwQcQAK'}, {'referenceId': 'ref23', 'id': 'a01gK000004HwQdQAK'}, {'referenceId': 'ref24', 'id': 'a01gK000004HwQeQAK'}, {'referenceId': 'ref25', 'id': 'a01gK000004HwQfQAK'}, {'referenceId': 'ref26', 'id': 'a01gK000004HwQgQAK'}, {'referenceId': 'ref27', 'id': 'a01gK000004HwQhQAK'}, {'referenceId': 'ref28', 'id': 'a01gK000004HwQiQAK'}, {'referenceId': 'ref29', 'id': 'a01gK000004HwQjQAK'}, {'referenceId': 'ref30', 'id': 'a01gK000004HwQkQAK'}, {'referenceId': 'ref31', 'id': 'a01gK000004HwQlQAK'}, {'referenceId': 'ref32', 'id': 'a01gK000004HwQmQAK'}, {'referenceId': 'ref33', 'id': 'a01gK000004HwQnQAK'}, {'referenceId': 'ref34', 'id': 'a01gK000004HwQoQAK'}, {'referenceId': 'ref35', 'id': 'a01gK000004HwQpQAK'}, {'referenceId': 'ref36', 'id': 'a01gK000004HwQqQAK'}, {'referenceId': 'ref37', 'id': 'a01gK000004HwQrQAK'}, {'referenceId': 'ref38', 'id': 'a01gK000004HwQsQAK'}, {'referenceId': 'ref39', 'id': 'a01gK000004HwQtQAK'}, {'referenceId': 'ref40', 'id': 'a01gK000004HwQuQAK'}, {'referenceId': 'ref41', 'id': 'a01gK000004HwQvQAK'}, {'referenceId': 'ref42', 'id': 'a01gK000004HwQwQAK'}, {'referenceId': 'ref43', 'id': 'a01gK000004HwQxQAK'}, {'referenceId': 'ref44', 'id': 'a01gK000004HwQyQAK'}, {'referenceId': 'ref45', 'id': 'a01gK000004HwQzQAK'}, {'referenceId': 'ref46', 'id': 'a01gK000004HwR0QAK'}, {'referenceId': 'ref47', 'id': 'a01gK000004HwR1QAK'}, {'referenceId': 'ref48', 'id': 'a01gK000004HwR2QAK'}, {'referenceId': 'ref49', 'id': 'a01gK000004HwR3QAK'}, {'referenceId': 'ref50', 'id': 'a01gK000004HwR4QAK'}, {'referenceId': 'ref51', 'id': 'a01gK000004HwR5QAK'}, {'referenceId': 'ref52', 'id': 'a01gK000004HwR6QAK'}, {'referenceId': 'ref53', 'id': 'a01gK000004HwR7QAK'}, {'referenceId': 'ref54', 'id': 'a01gK000004HwR8QAK'}, {'referenceId': 'ref55', 'id': 'a01gK000004HwR9QAK'}, {'referenceId': 'ref56', 'id': 'a01gK000004HwRAQA0'}, {'referenceId': 'ref57', 'id': 'a01gK000004HwRBQA0'}, {'referenceId': 'ref58', 'id': 'a01gK000004HwRCQA0'}, {'referenceId': 'ref59', 'id': 'a01gK000004HwRDQA0'}, {'referenceId': 'ref60', 'id': 'a01gK000004HwREQA0'}, {'referenceId': 'ref61', 'id': 'a01gK000004HwRFQA0'}, {'referenceId': 'ref62', 'id': 'a01gK000004HwRGQA0'}]
2025-04-16 19:09:12,343 - WARNING - ⚠️ 62 sponsors failed to sync: [{'referenceId': 'ref1', 'id': 'a01gK000004HwQHQA0'}, {'referenceId': 'ref2', 'id': 'a01gK000004HwQIQA0'}, {'referenceId': 'ref3', 'id': 'a01gK000004HwQJQA0'}, {'referenceId': 'ref4', 'id': 'a01gK000004HwQKQA0'}, {'referenceId': 'ref5', 'id': 'a01gK000004HwQLQA0'}, {'referenceId': 'ref6', 'id': 'a01gK000004HwQMQA0'}, {'referenceId': 'ref7', 'id': 'a01gK000004HwQNQA0'}, {'referenceId': 'ref8', 'id': 'a01gK000004HwQOQA0'}, {'referenceId': 'ref9', 'id': 'a01gK000004HwQPQA0'}, {'referenceId': 'ref10', 'id': 'a01gK000004HwQQQA0'}, {'referenceId': 'ref11', 'id': 'a01gK000004HwQRQA0'}, {'referenceId': 'ref12', 'id': 'a01gK000004HwQSQA0'}, {'referenceId': 'ref13', 'id': 'a01gK000004HwQTQA0'}, {'referenceId': 'ref14', 'id': 'a01gK000004HwQUQA0'}, {'referenceId': 'ref15', 'id': 'a01gK000004HwQVQA0'}, {'referenceId': 'ref16', 'id': 'a01gK000004HwQWQA0'}, {'referenceId': 'ref17', 'id': 'a01gK000004HwQXQA0'}, {'referenceId': 'ref18', 'id': 'a01gK000004HwQYQA0'}, {'referenceId': 'ref19', 'id': 'a01gK000004HwQZQA0'}, {'referenceId': 'ref20', 'id': 'a01gK000004HwQaQAK'}, {'referenceId': 'ref21', 'id': 'a01gK000004HwQbQAK'}, {'referenceId': 'ref22', 'id': 'a01gK000004HwQcQAK'}, {'referenceId': 'ref23', 'id': 'a01gK000004HwQdQAK'}, {'referenceId': 'ref24', 'id': 'a01gK000004HwQeQAK'}, {'referenceId': 'ref25', 'id': 'a01gK000004HwQfQAK'}, {'referenceId': 'ref26', 'id': 'a01gK000004HwQgQAK'}, {'referenceId': 'ref27', 'id': 'a01gK000004HwQhQAK'}, {'referenceId': 'ref28', 'id': 'a01gK000004HwQiQAK'}, {'referenceId': 'ref29', 'id': 'a01gK000004HwQjQAK'}, {'referenceId': 'ref30', 'id': 'a01gK000004HwQkQAK'}, {'referenceId': 'ref31', 'id': 'a01gK000004HwQlQAK'}, {'referenceId': 'ref32', 'id': 'a01gK000004HwQmQAK'}, {'referenceId': 'ref33', 'id': 'a01gK000004HwQnQAK'}, {'referenceId': 'ref34', 'id': 'a01gK000004HwQoQAK'}, {'referenceId': 'ref35', 'id': 'a01gK000004HwQpQAK'}, {'referenceId': 'ref36', 'id': 'a01gK000004HwQqQAK'}, {'referenceId': 'ref37', 'id': 'a01gK000004HwQrQAK'}, {'referenceId': 'ref38', 'id': 'a01gK000004HwQsQAK'}, {'referenceId': 'ref39', 'id': 'a01gK000004HwQtQAK'}, {'referenceId': 'ref40', 'id': 'a01gK000004HwQuQAK'}, {'referenceId': 'ref41', 'id': 'a01gK000004HwQvQAK'}, {'referenceId': 'ref42', 'id': 'a01gK000004HwQwQAK'}, {'referenceId': 'ref43', 'id': 'a01gK000004HwQxQAK'}, {'referenceId': 'ref44', 'id': 'a01gK000004HwQyQAK'}, {'referenceId': 'ref45', 'id': 'a01gK000004HwQzQAK'}, {'referenceId': 'ref46', 'id': 'a01gK000004HwR0QAK'}, {'referenceId': 'ref47', 'id': 'a01gK000004HwR1QAK'}, {'referenceId': 'ref48', 'id': 'a01gK000004HwR2QAK'}, {'referenceId': 'ref49', 'id': 'a01gK000004HwR3QAK'}, {'referenceId': 'ref50', 'id': 'a01gK000004HwR4QAK'}, {'referenceId': 'ref51', 'id': 'a01gK000004HwR5QAK'}, {'referenceId': 'ref52', 'id': 'a01gK000004HwR6QAK'}, {'referenceId': 'ref53', 'id': 'a01gK000004HwR7QAK'}, {'referenceId': 'ref54', 'id': 'a01gK000004HwR8QAK'}, {'referenceId': 'ref55', 'id': 'a01gK000004HwR9QAK'}, {'referenceId': 'ref56', 'id': 'a01gK000004HwRAQA0'}, {'referenceId': 'ref57', 'id': 'a01gK000004HwRBQA0'}, {'referenceId': 'ref58', 'id': 'a01gK000004HwRCQA0'}, {'referenceId': 'ref59', 'id': 'a01gK000004HwRDQA0'}, {'referenceId': 'ref60', 'id': 'a01gK000004HwREQA0'}, {'referenceId': 'ref61', 'id': 'a01gK000004HwRFQA0'}, {'referenceId': 'ref62', 'id': 'a01gK000004HwRGQA0'}]
2025-04-16 19:09:12,343 - INFO - 🏁 Pipeline completed in 0.22 minutes
2025-04-16 19:09:12,343 - INFO - 🏁 Pipeline completed in 0.22 minutes
2025-04-16 19:09:22,762 - INFO - Logger set up successfully!
2025-04-16 19:09:22,762 - INFO - Logger set up successfully!
2025-04-16 19:09:22,762 - INFO - Logger set up successfully!
2025-04-16 19:09:22,762 - INFO - 🚀 Starting UK Sponsor Reach daily pipeline
2025-04-16 19:09:22,762 - INFO - 🚀 Starting UK Sponsor Reach daily pipeline
2025-04-16 19:09:22,762 - INFO - ⬇️ Downloading latest sponsor CSV
2025-04-16 19:09:22,762 - INFO - ⬇️ Downloading latest sponsor CSV
2025-04-16 19:09:22,763 - INFO - 🔍 Preprocessing and comparing with previous data
2025-04-16 19:09:22,763 - INFO - 🔍 Preprocessing and comparing with previous data
2025-04-16 19:09:25,461 - INFO - 🎯 Found 62 new sponsors
2025-04-16 19:09:25,461 - INFO - 🎯 Found 62 new sponsors
2025-04-16 19:09:25,461 - INFO - ✨ Enriching new sponsor data
2025-04-16 19:09:25,461 - INFO - ✨ Enriching new sponsor data
2025-04-16 19:09:25,462 - INFO - 🔍 Starting enrichment for new sponsors...
2025-04-16 19:09:25,462 - INFO - 🔍 Starting enrichment for new sponsors...
2025-04-16 19:09:25,462 - INFO - ✅ Enriched 62 companies successfully.
2025-04-16 19:09:25,462 - INFO - ✅ Enriched 62 companies successfully.
2025-04-16 19:09:25,462 - INFO - 📧 Sending outreach emails
2025-04-16 19:09:25,462 - INFO - 📧 Sending outreach emails
2025-04-16 19:09:25,462 - INFO - 🔄 Syncing with Salesforce
2025-04-16 19:09:25,462 - INFO - 🔄 Syncing with Salesforce
2025-04-16 19:09:29,769 - INFO - ✅ Synced 0 sponsors successfully.
2025-04-16 19:09:29,769 - INFO - ✅ Synced 0 sponsors successfully.
2025-04-16 19:09:29,770 - WARNING - ⚠️ 62 sponsors failed to sync: [{'referenceId': 'ref1', 'id': 'a01gK000004HhpVQAS'}, {'referenceId': 'ref2', 'id': 'a01gK000004HhpWQAS'}, {'referenceId': 'ref3', 'id': 'a01gK000004HhpXQAS'}, {'referenceId': 'ref4', 'id': 'a01gK000004HhpYQAS'}, {'referenceId': 'ref5', 'id': 'a01gK000004HhpZQAS'}, {'referenceId': 'ref6', 'id': 'a01gK000004HhpaQAC'}, {'referenceId': 'ref7', 'id': 'a01gK000004HhpbQAC'}, {'referenceId': 'ref8', 'id': 'a01gK000004HhpcQAC'}, {'referenceId': 'ref9', 'id': 'a01gK000004HhpdQAC'}, {'referenceId': 'ref10', 'id': 'a01gK000004HhpeQAC'}, {'referenceId': 'ref11', 'id': 'a01gK000004HhpfQAC'}, {'referenceId': 'ref12', 'id': 'a01gK000004HhpgQAC'}, {'referenceId': 'ref13', 'id': 'a01gK000004HhphQAC'}, {'referenceId': 'ref14', 'id': 'a01gK000004HhpiQAC'}, {'referenceId': 'ref15', 'id': 'a01gK000004HhpjQAC'}, {'referenceId': 'ref16', 'id': 'a01gK000004HhpkQAC'}, {'referenceId': 'ref17', 'id': 'a01gK000004HhplQAC'}, {'referenceId': 'ref18', 'id': 'a01gK000004HhpmQAC'}, {'referenceId': 'ref19', 'id': 'a01gK000004HhpnQAC'}, {'referenceId': 'ref20', 'id': 'a01gK000004HhpoQAC'}, {'referenceId': 'ref21', 'id': 'a01gK000004HhppQAC'}, {'referenceId': 'ref22', 'id': 'a01gK000004HhpqQAC'}, {'referenceId': 'ref23', 'id': 'a01gK000004HhprQAC'}, {'referenceId': 'ref24', 'id': 'a01gK000004HhpsQAC'}, {'referenceId': 'ref25', 'id': 'a01gK000004HhptQAC'}, {'referenceId': 'ref26', 'id': 'a01gK000004HhpuQAC'}, {'referenceId': 'ref27', 'id': 'a01gK000004HhpvQAC'}, {'referenceId': 'ref28', 'id': 'a01gK000004HhpwQAC'}, {'referenceId': 'ref29', 'id': 'a01gK000004HhpxQAC'}, {'referenceId': 'ref30', 'id': 'a01gK000004HhpyQAC'}, {'referenceId': 'ref31', 'id': 'a01gK000004HhpzQAC'}, {'referenceId': 'ref32', 'id': 'a01gK000004Hhq0QAC'}, {'referenceId': 'ref33', 'id': 'a01gK000004Hhq1QAC'}, {'referenceId': 'ref34', 'id': 'a01gK000004Hhq2QAC'}, {'referenceId': 'ref35', 'id': 'a01gK000004Hhq3QAC'}, {'referenceId': 'ref36', 'id': 'a01gK000004Hhq4QAC'}, {'referenceId': 'ref37', 'id': 'a01gK000004Hhq5QAC'}, {'referenceId': 'ref38', 'id': 'a01gK000004Hhq6QAC'}, {'referenceId': 'ref39', 'id': 'a01gK000004Hhq7QAC'}, {'referenceId': 'ref40', 'id': 'a01gK000004Hhq8QAC'}, {'referenceId': 'ref41', 'id': 'a01gK000004Hhq9QAC'}, {'referenceId': 'ref42', 'id': 'a01gK000004HhqAQAS'}, {'referenceId': 'ref43', 'id': 'a01gK000004HhqBQAS'}, {'referenceId': 'ref44', 'id': 'a01gK000004HhqCQAS'}, {'referenceId': 'ref45', 'id': 'a01gK000004HhqDQAS'}, {'referenceId': 'ref46', 'id': 'a01gK000004HhqEQAS'}, {'referenceId': 'ref47', 'id': 'a01gK000004HhqFQAS'}, {'referenceId': 'ref48', 'id': 'a01gK000004HhqGQAS'}, {'referenceId': 'ref49', 'id': 'a01gK000004HhqHQAS'}, {'referenceId': 'ref50', 'id': 'a01gK000004HhqIQAS'}, {'referenceId': 'ref51', 'id': 'a01gK000004HhqJQAS'}, {'referenceId': 'ref52', 'id': 'a01gK000004HhqKQAS'}, {'referenceId': 'ref53', 'id': 'a01gK000004HhqLQAS'}, {'referenceId': 'ref54', 'id': 'a01gK000004HhqMQAS'}, {'referenceId': 'ref55', 'id': 'a01gK000004HhqNQAS'}, {'referenceId': 'ref56', 'id': 'a01gK000004HhqOQAS'}, {'referenceId': 'ref57', 'id': 'a01gK000004HhqPQAS'}, {'referenceId': 'ref58', 'id': 'a01gK000004HhqQQAS'}, {'referenceId': 'ref59', 'id': 'a01gK000004HhqRQAS'}, {'referenceId': 'ref60', 'id': 'a01gK000004HhqSQAS'}, {'referenceId': 'ref61', 'id': 'a01gK000004HhqTQAS'}, {'referenceId': 'ref62', 'id': 'a01gK000004HhqUQAS'}]
2025-04-16 19:09:29,770 - WARNING - ⚠️ 62 sponsors failed to sync: [{'referenceId': 'ref1', 'id': 'a01gK000004HhpVQAS'}, {'referenceId': 'ref2', 'id': 'a01gK000004HhpWQAS'}, {'referenceId': 'ref3', 'id': 'a01gK000004HhpXQAS'}, {'referenceId': 'ref4', 'id': 'a01gK000004HhpYQAS'}, {'referenceId': 'ref5', 'id': 'a01gK000004HhpZQAS'}, {'referenceId': 'ref6', 'id': 'a01gK000004HhpaQAC'}, {'referenceId': 'ref7', 'id': 'a01gK000004HhpbQAC'}, {'referenceId': 'ref8', 'id': 'a01gK000004HhpcQAC'}, {'referenceId': 'ref9', 'id': 'a01gK000004HhpdQAC'}, {'referenceId': 'ref10', 'id': 'a01gK000004HhpeQAC'}, {'referenceId': 'ref11', 'id': 'a01gK000004HhpfQAC'}, {'referenceId': 'ref12', 'id': 'a01gK000004HhpgQAC'}, {'referenceId': 'ref13', 'id': 'a01gK000004HhphQAC'}, {'referenceId': 'ref14', 'id': 'a01gK000004HhpiQAC'}, {'referenceId': 'ref15', 'id': 'a01gK000004HhpjQAC'}, {'referenceId': 'ref16', 'id': 'a01gK000004HhpkQAC'}, {'referenceId': 'ref17', 'id': 'a01gK000004HhplQAC'}, {'referenceId': 'ref18', 'id': 'a01gK000004HhpmQAC'}, {'referenceId': 'ref19', 'id': 'a01gK000004HhpnQAC'}, {'referenceId': 'ref20', 'id': 'a01gK000004HhpoQAC'}, {'referenceId': 'ref21', 'id': 'a01gK000004HhppQAC'}, {'referenceId': 'ref22', 'id': 'a01gK000004HhpqQAC'}, {'referenceId': 'ref23', 'id': 'a01gK000004HhprQAC'}, {'referenceId': 'ref24', 'id': 'a01gK000004HhpsQAC'}, {'referenceId': 'ref25', 'id': 'a01gK000004HhptQAC'}, {'referenceId': 'ref26', 'id': 'a01gK000004HhpuQAC'}, {'referenceId': 'ref27', 'id': 'a01gK000004HhpvQAC'}, {'referenceId': 'ref28', 'id': 'a01gK000004HhpwQAC'}, {'referenceId': 'ref29', 'id': 'a01gK000004HhpxQAC'}, {'referenceId': 'ref30', 'id': 'a01gK000004HhpyQAC'}, {'referenceId': 'ref31', 'id': 'a01gK000004HhpzQAC'}, {'referenceId': 'ref32', 'id': 'a01gK000004Hhq0QAC'}, {'referenceId': 'ref33', 'id': 'a01gK000004Hhq1QAC'}, {'referenceId': 'ref34', 'id': 'a01gK000004Hhq2QAC'}, {'referenceId': 'ref35', 'id': 'a01gK000004Hhq3QAC'}, {'referenceId': 'ref36', 'id': 'a01gK000004Hhq4QAC'}, {'referenceId': 'ref37', 'id': 'a01gK000004Hhq5QAC'}, {'referenceId': 'ref38', 'id': 'a01gK000004Hhq6QAC'}, {'referenceId': 'ref39', 'id': 'a01gK000004Hhq7QAC'}, {'referenceId': 'ref40', 'id': 'a01gK000004Hhq8QAC'}, {'referenceId': 'ref41', 'id': 'a01gK000004Hhq9QAC'}, {'referenceId': 'ref42', 'id': 'a01gK000004HhqAQAS'}, {'referenceId': 'ref43', 'id': 'a01gK000004HhqBQAS'}, {'referenceId': 'ref44', 'id': 'a01gK000004HhqCQAS'}, {'referenceId': 'ref45', 'id': 'a01gK000004HhqDQAS'}, {'referenceId': 'ref46', 'id': 'a01gK000004HhqEQAS'}, {'referenceId': 'ref47', 'id': 'a01gK000004HhqFQAS'}, {'referenceId': 'ref48', 'id': 'a01gK000004HhqGQAS'}, {'referenceId': 'ref49', 'id': 'a01gK000004HhqHQAS'}, {'referenceId': 'ref50', 'id': 'a01gK000004HhqIQAS'}, {'referenceId': 'ref51', 'id': 'a01gK000004HhqJQAS'}, {'referenceId': 'ref52', 'id': 'a01gK000004HhqKQAS'}, {'referenceId': 'ref53', 'id': 'a01gK000004HhqLQAS'}, {'referenceId': 'ref54', 'id': 'a01gK000004HhqMQAS'}, {'referenceId': 'ref55', 'id': 'a01gK000004HhqNQAS'}, {'referenceId': 'ref56', 'id': 'a01gK000004HhqOQAS'}, {'referenceId': 'ref57', 'id': 'a01gK000004HhqPQAS'}, {'referenceId': 'ref58', 'id': 'a01gK000004HhqQQAS'}, {'referenceId': 'ref59', 'id': 'a01gK000004HhqRQAS'}, {'referenceId': 'ref60', 'id': 'a01gK000004HhqSQAS'}, {'referenceId': 'ref61', 'id': 'a01gK000004HhqTQAS'}, {'referenceId': 'ref62', 'id': 'a01gK000004HhqUQAS'}]
2025-04-16 19:09:29,771 - INFO - 🏁 Pipeline completed in 0.12 minutes
2025-04-16 19:09:29,771 - INFO - 🏁 Pipeline completed in 0.12 minutes
2025-04-16 19:11:46,446 - INFO - Logger set up successfully!
2025-04-16 19:11:46,447 - INFO - Logger set up successfully!
2025-04-16 19:11:46,447 - INFO - Logger set up successfully!
2025-04-16 19:11:46,447 - INFO - 🚀 Starting UK Sponsor Reach daily pipeline
2025-04-16 19:11:46,447 - INFO - 🚀 Starting UK Sponsor Reach daily pipeline
2025-04-16 19:11:46,447 - INFO - ⬇️ Downloading latest sponsor CSV
2025-04-16 19:11:46,447 - INFO - ⬇️ Downloading latest sponsor CSV
2025-04-16 19:11:46,447 - INFO - 🔍 Preprocessing and comparing with previous data
2025-04-16 19:11:46,447 - INFO - 🔍 Preprocessing and comparing with previous data
2025-04-16 19:11:49,202 - INFO - 🎯 Found 62 new sponsors
2025-04-16 19:11:49,202 - INFO - 🎯 Found 62 new sponsors
2025-04-16 19:11:49,203 - INFO - ✨ Enriching new sponsor data
2025-04-16 19:11:49,203 - INFO - ✨ Enriching new sponsor data
2025-04-16 19:11:49,203 - INFO - 🔍 Starting enrichment for new sponsors...
2025-04-16 19:11:49,203 - INFO - 🔍 Starting enrichment for new sponsors...
2025-04-16 19:11:49,203 - INFO - ✅ Enriched 62 companies successfully.
2025-04-16 19:11:49,203 - INFO - ✅ Enriched 62 companies successfully.
2025-04-16 19:11:49,203 - INFO - 📧 Sending outreach emails
2025-04-16 19:11:49,203 - INFO - 📧 Sending outreach emails
2025-04-16 19:11:49,203 - INFO - 🔄 Syncing with Salesforce
2025-04-16 19:11:49,203 - INFO - 🔄 Syncing with Salesforce
2025-04-16 19:11:49,992 - INFO - ✅ Synced 0 sponsors successfully.
2025-04-16 19:11:49,992 - INFO - ✅ Synced 0 sponsors successfully.
2025-04-16 19:11:49,993 - WARNING - ⚠️ 62 sponsors failed to sync: [{'referenceId': 'ref1', 'id': 'a01gK000004HiQYQA0'}, {'referenceId': 'ref2', 'id': 'a01gK000004HiQZQA0'}, {'referenceId': 'ref3', 'id': 'a01gK000004HiQaQAK'}, {'referenceId': 'ref4', 'id': 'a01gK000004HiQbQAK'}, {'referenceId': 'ref5', 'id': 'a01gK000004HiQcQAK'}, {'referenceId': 'ref6', 'id': 'a01gK000004HiQdQAK'}, {'referenceId': 'ref7', 'id': 'a01gK000004HiQeQAK'}, {'referenceId': 'ref8', 'id': 'a01gK000004HiQfQAK'}, {'referenceId': 'ref9', 'id': 'a01gK000004HiQgQAK'}, {'referenceId': 'ref10', 'id': 'a01gK000004HiQhQAK'}, {'referenceId': 'ref11', 'id': 'a01gK000004HiQiQAK'}, {'referenceId': 'ref12', 'id': 'a01gK000004HiQjQAK'}, {'referenceId': 'ref13', 'id': 'a01gK000004HiQkQAK'}, {'referenceId': 'ref14', 'id': 'a01gK000004HiQlQAK'}, {'referenceId': 'ref15', 'id': 'a01gK000004HiQmQAK'}, {'referenceId': 'ref16', 'id': 'a01gK000004HiQnQAK'}, {'referenceId': 'ref17', 'id': 'a01gK000004HiQoQAK'}, {'referenceId': 'ref18', 'id': 'a01gK000004HiQpQAK'}, {'referenceId': 'ref19', 'id': 'a01gK000004HiQqQAK'}, {'referenceId': 'ref20', 'id': 'a01gK000004HiQrQAK'}, {'referenceId': 'ref21', 'id': 'a01gK000004HiQsQAK'}, {'referenceId': 'ref22', 'id': 'a01gK000004HiQtQAK'}, {'referenceId': 'ref23', 'id': 'a01gK000004HiQuQAK'}, {'referenceId': 'ref24', 'id': 'a01gK000004HiQvQAK'}, {'referenceId': 'ref25', 'id': 'a01gK000004HiQwQAK'}, {'referenceId': 'ref26', 'id': 'a01gK000004HiQxQAK'}, {'referenceId': 'ref27', 'id': 'a01gK000004HiQyQAK'}, {'referenceId': 'ref28', 'id': 'a01gK000004HiQzQAK'}, {'referenceId': 'ref29', 'id': 'a01gK000004HiR0QAK'}, {'referenceId': 'ref30', 'id': 'a01gK000004HiR1QAK'}, {'referenceId': 'ref31', 'id': 'a01gK000004HiR2QAK'}, {'referenceId': 'ref32', 'id': 'a01gK000004HiR3QAK'}, {'referenceId': 'ref33', 'id': 'a01gK000004HiR4QAK'}, {'referenceId': 'ref34', 'id': 'a01gK000004HiR5QAK'}, {'referenceId': 'ref35', 'id': 'a01gK000004HiR6QAK'}, {'referenceId': 'ref36', 'id': 'a01gK000004HiR7QAK'}, {'referenceId': 'ref37', 'id': 'a01gK000004HiR8QAK'}, {'referenceId': 'ref38', 'id': 'a01gK000004HiR9QAK'}, {'referenceId': 'ref39', 'id': 'a01gK000004HiRAQA0'}, {'referenceId': 'ref40', 'id': 'a01gK000004HiRBQA0'}, {'referenceId': 'ref41', 'id': 'a01gK000004HiRCQA0'}, {'referenceId': 'ref42', 'id': 'a01gK000004HiRDQA0'}, {'referenceId': 'ref43', 'id': 'a01gK000004HiREQA0'}, {'referenceId': 'ref44', 'id': 'a01gK000004HiRFQA0'}, {'referenceId': 'ref45', 'id': 'a01gK000004HiRGQA0'}, {'referenceId': 'ref46', 'id': 'a01gK000004HiRHQA0'}, {'referenceId': 'ref47', 'id': 'a01gK000004HiRIQA0'}, {'referenceId': 'ref48', 'id': 'a01gK000004HiRJQA0'}, {'referenceId': 'ref49', 'id': 'a01gK000004HiRKQA0'}, {'referenceId': 'ref50', 'id': 'a01gK000004HiRLQA0'}, {'referenceId': 'ref51', 'id': 'a01gK000004HiRMQA0'}, {'referenceId': 'ref52', 'id': 'a01gK000004HiRNQA0'}, {'referenceId': 'ref53', 'id': 'a01gK000004HiROQA0'}, {'referenceId': 'ref54', 'id': 'a01gK000004HiRPQA0'}, {'referenceId': 'ref55', 'id': 'a01gK000004HiRQQA0'}, {'referenceId': 'ref56', 'id': 'a01gK000004HiRRQA0'}, {'referenceId': 'ref57', 'id': 'a01gK000004HiRSQA0'}, {'referenceId': 'ref58', 'id': 'a01gK000004HiRTQA0'}, {'referenceId': 'ref59', 'id': 'a01gK000004HiRUQA0'}, {'referenceId': 'ref60', 'id': 'a01gK000004HiRVQA0'}, {'referenceId': 'ref61', 'id': 'a01gK000004HiRWQA0'}, {'referenceId': 'ref62', 'id': 'a01gK000004HiRXQA0'}]
2025-04-16 19:11:49,993 - WARNING - ⚠️ 62 sponsors failed to sync: [{'referenceId': 'ref1', 'id': 'a01gK000004HiQYQA0'}, {'referenceId': 'ref2', 'id': 'a01gK000004HiQZQA0'}, {'referenceId': 'ref3', 'id': 'a01gK000004HiQaQAK'}, {'referenceId': 'ref4', 'id': 'a01gK000004HiQbQAK'}, {'referenceId': 'ref5', 'id': 'a01gK000004HiQcQAK'}, {'referenceId': 'ref6', 'id': 'a01gK000004HiQdQAK'}, {'referenceId': 'ref7', 'id': 'a01gK000004HiQeQAK'}, {'referenceId': 'ref8', 'id': 'a01gK000004HiQfQAK'}, {'referenceId': 'ref9', 'id': 'a01gK000004HiQgQAK'}, {'referenceId': 'ref10', 'id': 'a01gK000004HiQhQAK'}, {'referenceId': 'ref11', 'id': 'a01gK000004HiQiQAK'}, {'referenceId': 'ref12', 'id': 'a01gK000004HiQjQAK'}, {'referenceId': 'ref13', 'id': 'a01gK000004HiQkQAK'}, {'referenceId': 'ref14', 'id': 'a01gK000004HiQlQAK'}, {'referenceId': 'ref15', 'id': 'a01gK000004HiQmQAK'}, {'referenceId': 'ref16', 'id': 'a01gK000004HiQnQAK'}, {'referenceId': 'ref17', 'id': 'a01gK000004HiQoQAK'}, {'referenceId': 'ref18', 'id': 'a01gK000004HiQpQAK'}, {'referenceId': 'ref19', 'id': 'a01gK000004HiQqQAK'}, {'referenceId': 'ref20', 'id': 'a01gK000004HiQrQAK'}, {'referenceId': 'ref21', 'id': 'a01gK000004HiQsQAK'}, {'referenceId': 'ref22', 'id': 'a01gK000004HiQtQAK'}, {'referenceId': 'ref23', 'id': 'a01gK000004HiQuQAK'}, {'referenceId': 'ref24', 'id': 'a01gK000004HiQvQAK'}, {'referenceId': 'ref25', 'id': 'a01gK000004HiQwQAK'}, {'referenceId': 'ref26', 'id': 'a01gK000004HiQxQAK'}, {'referenceId': 'ref27', 'id': 'a01gK000004HiQyQAK'}, {'referenceId': 'ref28', 'id': 'a01gK000004HiQzQAK'}, {'referenceId': 'ref29', 'id': 'a01gK000004HiR0QAK'}, {'referenceId': 'ref30', 'id': 'a01gK000004HiR1QAK'}, {'referenceId': 'ref31', 'id': 'a01gK000004HiR2QAK'}, {'referenceId': 'ref32', 'id': 'a01gK000004HiR3QAK'}, {'referenceId': 'ref33', 'id': 'a01gK000004HiR4QAK'}, {'referenceId': 'ref34', 'id': 'a01gK000004HiR5QAK'}, {'referenceId': 'ref35', 'id': 'a01gK000004HiR6QAK'}, {'referenceId': 'ref36', 'id': 'a01gK000004HiR7QAK'}, {'referenceId': 'ref37', 'id': 'a01gK000004HiR8QAK'}, {'referenceId': 'ref38', 'id': 'a01gK000004HiR9QAK'}, {'referenceId': 'ref39', 'id': 'a01gK000004HiRAQA0'}, {'referenceId': 'ref40', 'id': 'a01gK000004HiRBQA0'}, {'referenceId': 'ref41', 'id': 'a01gK000004HiRCQA0'}, {'referenceId': 'ref42', 'id': 'a01gK000004HiRDQA0'}, {'referenceId': 'ref43', 'id': 'a01gK000004HiREQA0'}, {'referenceId': 'ref44', 'id': 'a01gK000004HiRFQA0'}, {'referenceId': 'ref45', 'id': 'a01gK000004HiRGQA0'}, {'referenceId': 'ref46', 'id': 'a01gK000004HiRHQA0'}, {'referenceId': 'ref47', 'id': 'a01gK000004HiRIQA0'}, {'referenceId': 'ref48', 'id': 'a01gK000004HiRJQA0'}, {'referenceId': 'ref49', 'id': 'a01gK000004HiRKQA0'}, {'referenceId': 'ref50', 'id': 'a01gK000004HiRLQA0'}, {'referenceId': 'ref51', 'id': 'a01gK000004HiRMQA0'}, {'referenceId': 'ref52', 'id': 'a01gK000004HiRNQA0'}, {'referenceId': 'ref53', 'id': 'a01gK000004HiROQA0'}, {'referenceId': 'ref54', 'id': 'a01gK000004HiRPQA0'}, {'referenceId': 'ref55', 'id': 'a01gK000004HiRQQA0'}, {'referenceId': 'ref56', 'id': 'a01gK000004HiRRQA0'}, {'referenceId': 'ref57', 'id': 'a01gK000004HiRSQA0'}, {'referenceId': 'ref58', 'id': 'a01gK000004HiRTQA0'}, {'referenceId': 'ref59', 'id': 'a01gK000004HiRUQA0'}, {'referenceId': 'ref60', 'id': 'a01gK000004HiRVQA0'}, {'referenceId': 'ref61', 'id': 'a01gK000004HiRWQA0'}, {'referenceId': 'ref62', 'id': 'a01gK000004HiRXQA0'}]
2025-04-16 19:11:49,994 - INFO - 🏁 Pipeline completed in 0.06 minutes
2025-04-16 19:11:49,994 - INFO - 🏁 Pipeline completed in 0.06 minutes
2025-04-16 21:08:00,559 - INFO - Logger set up successfully!
2025-04-16 21:08:00,560 - INFO - Logger set up successfully!
2025-04-16 21:08:00,560 - INFO - Logger set up successfully!
2025-04-16 21:08:00,560 - INFO - 🚀 Starting UK Sponsor Reach daily pipeline
2025-04-16 21:08:00,560 - INFO - 🚀 Starting UK Sponsor Reach daily pipeline
2025-04-16 21:08:00,560 - INFO - ⬇️ Downloading latest sponsor CSV
2025-04-16 21:08:00,560 - INFO - ⬇️ Downloading latest sponsor CSV
2025-04-16 21:08:06,373 - INFO - 🔍 Preprocessing and comparing with previous data
2025-04-16 21:08:06,373 - INFO - 🔍 Preprocessing and comparing with previous data
2025-04-16 21:08:09,913 - INFO - 🎯 Found 62 new sponsors
2025-04-16 21:08:09,913 - INFO - 🎯 Found 62 new sponsors
2025-04-16 21:08:09,913 - INFO - ✨ Enriching new sponsor data
2025-04-16 21:08:09,913 - INFO - ✨ Enriching new sponsor data
2025-04-16 21:08:09,913 - INFO - 🔍 Starting enrichment for new sponsors...
2025-04-16 21:08:09,913 - INFO - 🔍 Starting enrichment for new sponsors...
2025-04-16 21:08:09,913 - INFO - ✅ Enriched 62 companies successfully.
2025-04-16 21:08:09,913 - INFO - ✅ Enriched 62 companies successfully.
2025-04-16 21:08:09,913 - INFO - 📧 Sending outreach emails
2025-04-16 21:08:09,913 - INFO - 📧 Sending outreach emails
2025-04-16 21:08:09,914 - INFO - 🔄 Syncing with Salesforce
2025-04-16 21:08:09,914 - INFO - 🔄 Syncing with Salesforce
2025-04-16 21:08:10,880 - INFO - ✅ Synced 0 sponsors successfully.
2025-04-16 21:08:10,880 - INFO - ✅ Synced 0 sponsors successfully.
2025-04-16 21:08:10,880 - WARNING - ⚠️ 62 sponsors failed to sync: [{'referenceId': 'ref1', 'id': 'a01gK000004IMpPQAW'}, {'referenceId': 'ref2', 'id': 'a01gK000004IMpQQAW'}, {'referenceId': 'ref3', 'id': 'a01gK000004IMpRQAW'}, {'referenceId': 'ref4', 'id': 'a01gK000004IMpSQAW'}, {'referenceId': 'ref5', 'id': 'a01gK000004IMpTQAW'}, {'referenceId': 'ref6', 'id': 'a01gK000004IMpUQAW'}, {'referenceId': 'ref7', 'id': 'a01gK000004IMpVQAW'}, {'referenceId': 'ref8', 'id': 'a01gK000004IMpWQAW'}, {'referenceId': 'ref9', 'id': 'a01gK000004IMpXQAW'}, {'referenceId': 'ref10', 'id': 'a01gK000004IMpYQAW'}, {'referenceId': 'ref11', 'id': 'a01gK000004IMpZQAW'}, {'referenceId': 'ref12', 'id': 'a01gK000004IMpaQAG'}, {'referenceId': 'ref13', 'id': 'a01gK000004IMpbQAG'}, {'referenceId': 'ref14', 'id': 'a01gK000004IMpcQAG'}, {'referenceId': 'ref15', 'id': 'a01gK000004IMpdQAG'}, {'referenceId': 'ref16', 'id': 'a01gK000004IMpeQAG'}, {'referenceId': 'ref17', 'id': 'a01gK000004IMpfQAG'}, {'referenceId': 'ref18', 'id': 'a01gK000004IMpgQAG'}, {'referenceId': 'ref19', 'id': 'a01gK000004IMphQAG'}, {'referenceId': 'ref20', 'id': 'a01gK000004IMpiQAG'}, {'referenceId': 'ref21', 'id': 'a01gK000004IMpjQAG'}, {'referenceId': 'ref22', 'id': 'a01gK000004IMpkQAG'}, {'referenceId': 'ref23', 'id': 'a01gK000004IMplQAG'}, {'referenceId': 'ref24', 'id': 'a01gK000004IMpmQAG'}, {'referenceId': 'ref25', 'id': 'a01gK000004IMpnQAG'}, {'referenceId': 'ref26', 'id': 'a01gK000004IMpoQAG'}, {'referenceId': 'ref27', 'id': 'a01gK000004IMppQAG'}, {'referenceId': 'ref28', 'id': 'a01gK000004IMpqQAG'}, {'referenceId': 'ref29', 'id': 'a01gK000004IMprQAG'}, {'referenceId': 'ref30', 'id': 'a01gK000004IMpsQAG'}, {'referenceId': 'ref31', 'id': 'a01gK000004IMptQAG'}, {'referenceId': 'ref32', 'id': 'a01gK000004IMpuQAG'}, {'referenceId': 'ref33', 'id': 'a01gK000004IMpvQAG'}, {'referenceId': 'ref34', 'id': 'a01gK000004IMpwQAG'}, {'referenceId': 'ref35', 'id': 'a01gK000004IMpxQAG'}, {'referenceId': 'ref36', 'id': 'a01gK000004IMpyQAG'}, {'referenceId': 'ref37', 'id': 'a01gK000004IMpzQAG'}, {'referenceId': 'ref38', 'id': 'a01gK000004IMq0QAG'}, {'referenceId': 'ref39', 'id': 'a01gK000004IMq1QAG'}, {'referenceId': 'ref40', 'id': 'a01gK000004IMq2QAG'}, {'referenceId': 'ref41', 'id': 'a01gK000004IMq3QAG'}, {'referenceId': 'ref42', 'id': 'a01gK000004IMq4QAG'}, {'referenceId': 'ref43', 'id': 'a01gK000004IMq5QAG'}, {'referenceId': 'ref44', 'id': 'a01gK000004IMq6QAG'}, {'referenceId': 'ref45', 'id': 'a01gK000004IMq7QAG'}, {'referenceId': 'ref46', 'id': 'a01gK000004IMq8QAG'}, {'referenceId': 'ref47', 'id': 'a01gK000004IMq9QAG'}, {'referenceId': 'ref48', 'id': 'a01gK000004IMqAQAW'}, {'referenceId': 'ref49', 'id': 'a01gK000004IMqBQAW'}, {'referenceId': 'ref50', 'id': 'a01gK000004IMqCQAW'}, {'referenceId': 'ref51', 'id': 'a01gK000004IMqDQAW'}, {'referenceId': 'ref52', 'id': 'a01gK000004IMqEQAW'}, {'referenceId': 'ref53', 'id': 'a01gK000004IMqFQAW'}, {'referenceId': 'ref54', 'id': 'a01gK000004IMqGQAW'}, {'referenceId': 'ref55', 'id': 'a01gK000004IMqHQAW'}, {'referenceId': 'ref56', 'id': 'a01gK000004IMqIQAW'}, {'referenceId': 'ref57', 'id': 'a01gK000004IMqJQAW'}, {'referenceId': 'ref58', 'id': 'a01gK000004IMqKQAW'}, {'referenceId': 'ref59', 'id': 'a01gK000004IMqLQAW'}, {'referenceId': 'ref60', 'id': 'a01gK000004IMqMQAW'}, {'referenceId': 'ref61', 'id': 'a01gK000004IMqNQAW'}, {'referenceId': 'ref62', 'id': 'a01gK000004IMqOQAW'}]
2025-04-16 21:08:10,880 - WARNING - ⚠️ 62 sponsors failed to sync: [{'referenceId': 'ref1', 'id': 'a01gK000004IMpPQAW'}, {'referenceId': 'ref2', 'id': 'a01gK000004IMpQQAW'}, {'referenceId': 'ref3', 'id': 'a01gK000004IMpRQAW'}, {'referenceId': 'ref4', 'id': 'a01gK000004IMpSQAW'}, {'referenceId': 'ref5', 'id': 'a01gK000004IMpTQAW'}, {'referenceId': 'ref6', 'id': 'a01gK000004IMpUQAW'}, {'referenceId': 'ref7', 'id': 'a01gK000004IMpVQAW'}, {'referenceId': 'ref8', 'id': 'a01gK000004IMpWQAW'}, {'referenceId': 'ref9', 'id': 'a01gK000004IMpXQAW'}, {'referenceId': 'ref10', 'id': 'a01gK000004IMpYQAW'}, {'referenceId': 'ref11', 'id': 'a01gK000004IMpZQAW'}, {'referenceId': 'ref12', 'id': 'a01gK000004IMpaQAG'}, {'referenceId': 'ref13', 'id': 'a01gK000004IMpbQAG'}, {'referenceId': 'ref14', 'id': 'a01gK000004IMpcQAG'}, {'referenceId': 'ref15', 'id': 'a01gK000004IMpdQAG'}, {'referenceId': 'ref16', 'id': 'a01gK000004IMpeQAG'}, {'referenceId': 'ref17', 'id': 'a01gK000004IMpfQAG'}, {'referenceId': 'ref18', 'id': 'a01gK000004IMpgQAG'}, {'referenceId': 'ref19', 'id': 'a01gK000004IMphQAG'}, {'referenceId': 'ref20', 'id': 'a01gK000004IMpiQAG'}, {'referenceId': 'ref21', 'id': 'a01gK000004IMpjQAG'}, {'referenceId': 'ref22', 'id': 'a01gK000004IMpkQAG'}, {'referenceId': 'ref23', 'id': 'a01gK000004IMplQAG'}, {'referenceId': 'ref24', 'id': 'a01gK000004IMpmQAG'}, {'referenceId': 'ref25', 'id': 'a01gK000004IMpnQAG'}, {'referenceId': 'ref26', 'id': 'a01gK000004IMpoQAG'}, {'referenceId': 'ref27', 'id': 'a01gK000004IMppQAG'}, {'referenceId': 'ref28', 'id': 'a01gK000004IMpqQAG'}, {'referenceId': 'ref29', 'id': 'a01gK000004IMprQAG'}, {'referenceId': 'ref30', 'id': 'a01gK000004IMpsQAG'}, {'referenceId': 'ref31', 'id': 'a01gK000004IMptQAG'}, {'referenceId': 'ref32', 'id': 'a01gK000004IMpuQAG'}, {'referenceId': 'ref33', 'id': 'a01gK000004IMpvQAG'}, {'referenceId': 'ref34', 'id': 'a01gK000004IMpwQAG'}, {'referenceId': 'ref35', 'id': 'a01gK000004IMpxQAG'}, {'referenceId': 'ref36', 'id': 'a01gK000004IMpyQAG'}, {'referenceId': 'ref37', 'id': 'a01gK000004IMpzQAG'}, {'referenceId': 'ref38', 'id': 'a01gK000004IMq0QAG'}, {'referenceId': 'ref39', 'id': 'a01gK000004IMq1QAG'}, {'referenceId': 'ref40', 'id': 'a01gK000004IMq2QAG'}, {'referenceId': 'ref41', 'id': 'a01gK000004IMq3QAG'}, {'referenceId': 'ref42', 'id': 'a01gK000004IMq4QAG'}, {'referenceId': 'ref43', 'id': 'a01gK000004IMq5QAG'}, {'referenceId': 'ref44', 'id': 'a01gK000004IMq6QAG'}, {'referenceId': 'ref45', 'id': 'a01gK000004IMq7QAG'}, {'referenceId': 'ref46', 'id': 'a01gK000004IMq8QAG'}, {'referenceId': 'ref47', 'id': 'a01gK000004IMq9QAG'}, {'referenceId': 'ref48', 'id': 'a01gK000004IMqAQAW'}, {'referenceId': 'ref49', 'id': 'a01gK000004IMqBQAW'}, {'referenceId': 'ref50', 'id': 'a01gK000004IMqCQAW'}, {'referenceId': 'ref51', 'id': 'a01gK000004IMqDQAW'}, {'referenceId': 'ref52', 'id': 'a01gK000004IMqEQAW'}, {'referenceId': 'ref53', 'id': 'a01gK000004IMqFQAW'}, {'referenceId': 'ref54', 'id': 'a01gK000004IMqGQAW'}, {'referenceId': 'ref55', 'id': 'a01gK000004IMqHQAW'}, {'referenceId': 'ref56', 'id': 'a01gK000004IMqIQAW'}, {'referenceId': 'ref57', 'id': 'a01gK000004IMqJQAW'}, {'referenceId': 'ref58', 'id': 'a01gK000004IMqKQAW'}, {'referenceId': 'ref59', 'id': 'a01gK000004IMqLQAW'}, {'referenceId': 'ref60', 'id': 'a01gK000004IMqMQAW'}, {'referenceId': 'ref61', 'id': 'a01gK000004IMqNQAW'}, {'referenceId': 'ref62', 'id': 'a01gK000004IMqOQAW'}]
2025-04-16 21:08:10,881 - INFO - 🏁 Pipeline completed in 0.17 minutes
2025-04-16 21:08:10,881 - INFO - 🏁 Pipeline completed in 0.17 minutes
2025-04-16 21:08:43,150 - INFO - Logger set up successfully!
2025-04-16 21:08:43,150 - INFO - Logger set up successfully!
2025-04-16 21:08:43,150 - INFO - Logger set up successfully!
2025-04-16 21:08:43,150 - INFO - 🚀 Starting UK Sponsor Reach daily pipeline
2025-04-16 21:08:43,150 - INFO - 🚀 Starting UK Sponsor Reach daily pipeline
2025-04-16 21:08:43,150 - INFO - ⬇️ Downloading latest sponsor CSV
2025-04-16 21:08:43,150 - INFO - ⬇️ Downloading latest sponsor CSV
2025-04-16 21:08:43,151 - INFO - 🔍 Preprocessing and comparing with previous data
2025-04-16 21:08:43,151 - INFO - 🔍 Preprocessing and comparing with previous data
2025-04-16 21:08:46,389 - INFO - 🎯 Found 62 new sponsors
2025-04-16 21:08:46,389 - INFO - 🎯 Found 62 new sponsors
2025-04-16 21:08:46,389 - INFO - ✨ Enriching new sponsor data
2025-04-16 21:08:46,389 - INFO - ✨ Enriching new sponsor data
2025-04-16 21:08:46,389 - INFO - 🔍 Starting enrichment for new sponsors...
2025-04-16 21:08:46,389 - INFO - 🔍 Starting enrichment for new sponsors...
2025-04-16 21:08:46,389 - INFO - ✅ Enriched 62 companies successfully.
2025-04-16 21:08:46,389 - INFO - ✅ Enriched 62 companies successfully.
2025-04-16 21:08:46,389 - INFO - 📧 Sending outreach emails
2025-04-16 21:08:46,389 - INFO - 📧 Sending outreach emails
2025-04-16 21:08:46,389 - INFO - 🔄 Syncing with Salesforce
2025-04-16 21:08:46,389 - INFO - 🔄 Syncing with Salesforce
2025-04-16 21:08:47,372 - INFO - ✅ Synced 0 sponsors successfully.
2025-04-16 21:08:47,372 - INFO - ✅ Synced 0 sponsors successfully.
2025-04-16 21:08:47,373 - WARNING - ⚠️ 62 sponsors failed to sync: [{'referenceId': 'ref1', 'id': 'a01gK000004I8w9QAC'}, {'referenceId': 'ref2', 'id': 'a01gK000004I8wAQAS'}, {'referenceId': 'ref3', 'id': 'a01gK000004I8wBQAS'}, {'referenceId': 'ref4', 'id': 'a01gK000004I8wCQAS'}, {'referenceId': 'ref5', 'id': 'a01gK000004I8wDQAS'}, {'referenceId': 'ref6', 'id': 'a01gK000004I8wEQAS'}, {'referenceId': 'ref7', 'id': 'a01gK000004I8wFQAS'}, {'referenceId': 'ref8', 'id': 'a01gK000004I8wGQAS'}, {'referenceId': 'ref9', 'id': 'a01gK000004I8wHQAS'}, {'referenceId': 'ref10', 'id': 'a01gK000004I8wIQAS'}, {'referenceId': 'ref11', 'id': 'a01gK000004I8wJQAS'}, {'referenceId': 'ref12', 'id': 'a01gK000004I8wKQAS'}, {'referenceId': 'ref13', 'id': 'a01gK000004I8wLQAS'}, {'referenceId': 'ref14', 'id': 'a01gK000004I8wMQAS'}, {'referenceId': 'ref15', 'id': 'a01gK000004I8wNQAS'}, {'referenceId': 'ref16', 'id': 'a01gK000004I8wOQAS'}, {'referenceId': 'ref17', 'id': 'a01gK000004I8wPQAS'}, {'referenceId': 'ref18', 'id': 'a01gK000004I8wQQAS'}, {'referenceId': 'ref19', 'id': 'a01gK000004I8wRQAS'}, {'referenceId': 'ref20', 'id': 'a01gK000004I8wSQAS'}, {'referenceId': 'ref21', 'id': 'a01gK000004I8wTQAS'}, {'referenceId': 'ref22', 'id': 'a01gK000004I8wUQAS'}, {'referenceId': 'ref23', 'id': 'a01gK000004I8wVQAS'}, {'referenceId': 'ref24', 'id': 'a01gK000004I8wWQAS'}, {'referenceId': 'ref25', 'id': 'a01gK000004I8wXQAS'}, {'referenceId': 'ref26', 'id': 'a01gK000004I8wYQAS'}, {'referenceId': 'ref27', 'id': 'a01gK000004I8wZQAS'}, {'referenceId': 'ref28', 'id': 'a01gK000004I8waQAC'}, {'referenceId': 'ref29', 'id': 'a01gK000004I8wbQAC'}, {'referenceId': 'ref30', 'id': 'a01gK000004I8wcQAC'}, {'referenceId': 'ref31', 'id': 'a01gK000004I8wdQAC'}, {'referenceId': 'ref32', 'id': 'a01gK000004I8weQAC'}, {'referenceId': 'ref33', 'id': 'a01gK000004I8wfQAC'}, {'referenceId': 'ref34', 'id': 'a01gK000004I8wgQAC'}, {'referenceId': 'ref35', 'id': 'a01gK000004I8whQAC'}, {'referenceId': 'ref36', 'id': 'a01gK000004I8wiQAC'}, {'referenceId': 'ref37', 'id': 'a01gK000004I8wjQAC'}, {'referenceId': 'ref38', 'id': 'a01gK000004I8wkQAC'}, {'referenceId': 'ref39', 'id': 'a01gK000004I8wlQAC'}, {'referenceId': 'ref40', 'id': 'a01gK000004I8wmQAC'}, {'referenceId': 'ref41', 'id': 'a01gK000004I8wnQAC'}, {'referenceId': 'ref42', 'id': 'a01gK000004I8woQAC'}, {'referenceId': 'ref43', 'id': 'a01gK000004I8wpQAC'}, {'referenceId': 'ref44', 'id': 'a01gK000004I8wqQAC'}, {'referenceId': 'ref45', 'id': 'a01gK000004I8wrQAC'}, {'referenceId': 'ref46', 'id': 'a01gK000004I8wsQAC'}, {'referenceId': 'ref47', 'id': 'a01gK000004I8wtQAC'}, {'referenceId': 'ref48', 'id': 'a01gK000004I8wuQAC'}, {'referenceId': 'ref49', 'id': 'a01gK000004I8wvQAC'}, {'referenceId': 'ref50', 'id': 'a01gK000004I8wwQAC'}, {'referenceId': 'ref51', 'id': 'a01gK000004I8wxQAC'}, {'referenceId': 'ref52', 'id': 'a01gK000004I8wyQAC'}, {'referenceId': 'ref53', 'id': 'a01gK000004I8wzQAC'}, {'referenceId': 'ref54', 'id': 'a01gK000004I8x0QAC'}, {'referenceId': 'ref55', 'id': 'a01gK000004I8x1QAC'}, {'referenceId': 'ref56', 'id': 'a01gK000004I8x2QAC'}, {'referenceId': 'ref57', 'id': 'a01gK000004I8x3QAC'}, {'referenceId': 'ref58', 'id': 'a01gK000004I8x4QAC'}, {'referenceId': 'ref59', 'id': 'a01gK000004I8x5QAC'}, {'referenceId': 'ref60', 'id': 'a01gK000004I8x6QAC'}, {'referenceId': 'ref61', 'id': 'a01gK000004I8x7QAC'}, {'referenceId': 'ref62', 'id': 'a01gK000004I8x8QAC'}]
2025-04-16 21:08:47,373 - WARNING - ⚠️ 62 sponsors failed to sync: [{'referenceId': 'ref1', 'id': 'a01gK000004I8w9QAC'}, {'referenceId': 'ref2', 'id': 'a01gK000004I8wAQAS'}, {'referenceId': 'ref3', 'id': 'a01gK000004I8wBQAS'}, {'referenceId': 'ref4', 'id': 'a01gK000004I8wCQAS'}, {'referenceId': 'ref5', 'id': 'a01gK000004I8wDQAS'}, {'referenceId': 'ref6', 'id': 'a01gK000004I8wEQAS'}, {'referenceId': 'ref7', 'id': 'a01gK000004I8wFQAS'}, {'referenceId': 'ref8', 'id': 'a01gK000004I8wGQAS'}, {'referenceId': 'ref9', 'id': 'a01gK000004I8wHQAS'}, {'referenceId': 'ref10', 'id': 'a01gK000004I8wIQAS'}, {'referenceId': 'ref11', 'id': 'a01gK000004I8wJQAS'}, {'referenceId': 'ref12', 'id': 'a01gK000004I8wKQAS'}, {'referenceId': 'ref13', 'id': 'a01gK000004I8wLQAS'}, {'referenceId': 'ref14', 'id': 'a01gK000004I8wMQAS'}, {'referenceId': 'ref15', 'id': 'a01gK000004I8wNQAS'}, {'referenceId': 'ref16', 'id': 'a01gK000004I8wOQAS'}, {'referenceId': 'ref17', 'id': 'a01gK000004I8wPQAS'}, {'referenceId': 'ref18', 'id': 'a01gK000004I8wQQAS'}, {'referenceId': 'ref19', 'id': 'a01gK000004I8wRQAS'}, {'referenceId': 'ref20', 'id': 'a01gK000004I8wSQAS'}, {'referenceId': 'ref21', 'id': 'a01gK000004I8wTQAS'}, {'referenceId': 'ref22', 'id': 'a01gK000004I8wUQAS'}, {'referenceId': 'ref23', 'id': 'a01gK000004I8wVQAS'}, {'referenceId': 'ref24', 'id': 'a01gK000004I8wWQAS'}, {'referenceId': 'ref25', 'id': 'a01gK000004I8wXQAS'}, {'referenceId': 'ref26', 'id': 'a01gK000004I8wYQAS'}, {'referenceId': 'ref27', 'id': 'a01gK000004I8wZQAS'}, {'referenceId': 'ref28', 'id': 'a01gK000004I8waQAC'}, {'referenceId': 'ref29', 'id': 'a01gK000004I8wbQAC'}, {'referenceId': 'ref30', 'id': 'a01gK000004I8wcQAC'}, {'referenceId': 'ref31', 'id': 'a01gK000004I8wdQAC'}, {'referenceId': 'ref32', 'id': 'a01gK000004I8weQAC'}, {'referenceId': 'ref33', 'id': 'a01gK000004I8wfQAC'}, {'referenceId': 'ref34', 'id': 'a01gK000004I8wgQAC'}, {'referenceId': 'ref35', 'id': 'a01gK000004I8whQAC'}, {'referenceId': 'ref36', 'id': 'a01gK000004I8wiQAC'}, {'referenceId': 'ref37', 'id': 'a01gK000004I8wjQAC'}, {'referenceId': 'ref38', 'id': 'a01gK000004I8wkQAC'}, {'referenceId': 'ref39', 'id': 'a01gK000004I8wlQAC'}, {'referenceId': 'ref40', 'id': 'a01gK000004I8wmQAC'}, {'referenceId': 'ref41', 'id': 'a01gK000004I8wnQAC'}, {'referenceId': 'ref42', 'id': 'a01gK000004I8woQAC'}, {'referenceId': 'ref43', 'id': 'a01gK000004I8wpQAC'}, {'referenceId': 'ref44', 'id': 'a01gK000004I8wqQAC'}, {'referenceId': 'ref45', 'id': 'a01gK000004I8wrQAC'}, {'referenceId': 'ref46', 'id': 'a01gK000004I8wsQAC'}, {'referenceId': 'ref47', 'id': 'a01gK000004I8wtQAC'}, {'referenceId': 'ref48', 'id': 'a01gK000004I8wuQAC'}, {'referenceId': 'ref49', 'id': 'a01gK000004I8wvQAC'}, {'referenceId': 'ref50', 'id': 'a01gK000004I8wwQAC'}, {'referenceId': 'ref51', 'id': 'a01gK000004I8wxQAC'}, {'referenceId': 'ref52', 'id': 'a01gK000004I8wyQAC'}, {'referenceId': 'ref53', 'id': 'a01gK000004I8wzQAC'}, {'referenceId': 'ref54', 'id': 'a01gK000004I8x0QAC'}, {'referenceId': 'ref55', 'id': 'a01gK000004I8x1QAC'}, {'referenceId': 'ref56', 'id': 'a01gK000004I8x2QAC'}, {'referenceId': 'ref57', 'id': 'a01gK000004I8x3QAC'}, {'referenceId': 'ref58', 'id': 'a01gK000004I8x4QAC'}, {'referenceId': 'ref59', 'id': 'a01gK000004I8x5QAC'}, {'referenceId': 'ref60', 'id': 'a01gK000004I8x6QAC'}, {'referenceId': 'ref61', 'id': 'a01gK000004I8x7QAC'}, {'referenceId': 'ref62', 'id': 'a01gK000004I8x8QAC'}]
2025-04-16 21:08:47,373 - INFO - 🏁 Pipeline completed in 0.07 minutes
2025-04-16 21:08:47,373 - INFO - 🏁 Pipeline completed in 0.07 minutes
2025-04-16 21:09:24,505 - INFO - Logger set up successfully!
2025-04-16 21:09:24,506 - INFO - Logger set up successfully!
2025-04-16 21:09:24,506 - INFO - Logger set up successfully!
2025-04-16 21:09:24,506 - INFO - 🚀 Starting UK Sponsor Reach daily pipeline
2025-04-16 21:09:24,506 - INFO - 🚀 Starting UK Sponsor Reach daily pipeline
2025-04-16 21:09:24,506 - INFO - ⬇️ Downloading latest sponsor CSV
2025-04-16 21:09:24,506 - INFO - ⬇️ Downloading latest sponsor CSV
2025-04-16 21:09:24,506 - INFO - 🔍 Preprocessing and comparing with previous data
2025-04-16 21:09:24,506 - INFO - 🔍 Preprocessing and comparing with previous data
2025-04-16 21:10:09,120 - INFO - 🎯 Found 62 new sponsors
2025-04-16 21:10:09,120 - INFO - 🎯 Found 62 new sponsors
2025-04-16 21:10:09,123 - INFO - ✨ Enriching new sponsor data
2025-04-16 21:10:09,123 - INFO - ✨ Enriching new sponsor data
2025-04-16 21:10:09,126 - INFO - 🔍 Starting enrichment for new sponsors...
2025-04-16 21:10:09,126 - INFO - 🔍 Starting enrichment for new sponsors...
2025-04-16 21:10:09,132 - INFO - ✅ Enriched 62 companies successfully.
2025-04-16 21:10:09,132 - INFO - ✅ Enriched 62 companies successfully.
2025-04-16 21:10:09,133 - INFO - 📧 Sending outreach emails
2025-04-16 21:10:09,133 - INFO - 📧 Sending outreach emails
2025-04-16 21:10:09,135 - INFO - 🔄 Syncing with Salesforce
2025-04-16 21:10:09,135 - INFO - 🔄 Syncing with Salesforce
2025-04-16 21:10:59,761 - INFO - ✅ Synced 0 sponsors successfully.
2025-04-16 21:10:59,761 - INFO - ✅ Synced 0 sponsors successfully.
2025-04-16 21:10:59,764 - WARNING - ⚠️ 62 sponsors failed to sync: [{'referenceId': 'ref1', 'id': 'a01gK000004I9CFQA0'}, {'referenceId': 'ref2', 'id': 'a01gK000004I9CGQA0'}, {'referenceId': 'ref3', 'id': 'a01gK000004I9CHQA0'}, {'referenceId': 'ref4', 'id': 'a01gK000004I9CIQA0'}, {'referenceId': 'ref5', 'id': 'a01gK000004I9CJQA0'}, {'referenceId': 'ref6', 'id': 'a01gK000004I9CKQA0'}, {'referenceId': 'ref7', 'id': 'a01gK000004I9CLQA0'}, {'referenceId': 'ref8', 'id': 'a01gK000004I9CMQA0'}, {'referenceId': 'ref9', 'id': 'a01gK000004I9CNQA0'}, {'referenceId': 'ref10', 'id': 'a01gK000004I9COQA0'}, {'referenceId': 'ref11', 'id': 'a01gK000004I9CPQA0'}, {'referenceId': 'ref12', 'id': 'a01gK000004I9CQQA0'}, {'referenceId': 'ref13', 'id': 'a01gK000004I9CRQA0'}, {'referenceId': 'ref14', 'id': 'a01gK000004I9CSQA0'}, {'referenceId': 'ref15', 'id': 'a01gK000004I9CTQA0'}, {'referenceId': 'ref16', 'id': 'a01gK000004I9CUQA0'}, {'referenceId': 'ref17', 'id': 'a01gK000004I9CVQA0'}, {'referenceId': 'ref18', 'id': 'a01gK000004I9CWQA0'}, {'referenceId': 'ref19', 'id': 'a01gK000004I9CXQA0'}, {'referenceId': 'ref20', 'id': 'a01gK000004I9CYQA0'}, {'referenceId': 'ref21', 'id': 'a01gK000004I9CZQA0'}, {'referenceId': 'ref22', 'id': 'a01gK000004I9CaQAK'}, {'referenceId': 'ref23', 'id': 'a01gK000004I9CbQAK'}, {'referenceId': 'ref24', 'id': 'a01gK000004I9CcQAK'}, {'referenceId': 'ref25', 'id': 'a01gK000004I9CdQAK'}, {'referenceId': 'ref26', 'id': 'a01gK000004I9CeQAK'}, {'referenceId': 'ref27', 'id': 'a01gK000004I9CfQAK'}, {'referenceId': 'ref28', 'id': 'a01gK000004I9CgQAK'}, {'referenceId': 'ref29', 'id': 'a01gK000004I9ChQAK'}, {'referenceId': 'ref30', 'id': 'a01gK000004I9CiQAK'}, {'referenceId': 'ref31', 'id': 'a01gK000004I9CjQAK'}, {'referenceId': 'ref32', 'id': 'a01gK000004I9CkQAK'}, {'referenceId': 'ref33', 'id': 'a01gK000004I9ClQAK'}, {'referenceId': 'ref34', 'id': 'a01gK000004I9CmQAK'}, {'referenceId': 'ref35', 'id': 'a01gK000004I9CnQAK'}, {'referenceId': 'ref36', 'id': 'a01gK000004I9CoQAK'}, {'referenceId': 'ref37', 'id': 'a01gK000004I9CpQAK'}, {'referenceId': 'ref38', 'id': 'a01gK000004I9CqQAK'}, {'referenceId': 'ref39', 'id': 'a01gK000004I9CrQAK'}, {'referenceId': 'ref40', 'id': 'a01gK000004I9CsQAK'}, {'referenceId': 'ref41', 'id': 'a01gK000004I9CtQAK'}, {'referenceId': 'ref42', 'id': 'a01gK000004I9CuQAK'}, {'referenceId': 'ref43', 'id': 'a01gK000004I9CvQAK'}, {'referenceId': 'ref44', 'id': 'a01gK000004I9CwQAK'}, {'referenceId': 'ref45', 'id': 'a01gK000004I9CxQAK'}, {'referenceId': 'ref46', 'id': 'a01gK000004I9CyQAK'}, {'referenceId': 'ref47', 'id': 'a01gK000004I9CzQAK'}, {'referenceId': 'ref48', 'id': 'a01gK000004I9D0QAK'}, {'referenceId': 'ref49', 'id': 'a01gK000004I9D1QAK'}, {'referenceId': 'ref50', 'id': 'a01gK000004I9D2QAK'}, {'referenceId': 'ref51', 'id': 'a01gK000004I9D3QAK'}, {'referenceId': 'ref52', 'id': 'a01gK000004I9D4QAK'}, {'referenceId': 'ref53', 'id': 'a01gK000004I9D5QAK'}, {'referenceId': 'ref54', 'id': 'a01gK000004I9D6QAK'}, {'referenceId': 'ref55', 'id': 'a01gK000004I9D7QAK'}, {'referenceId': 'ref56', 'id': 'a01gK000004I9D8QAK'}, {'referenceId': 'ref57', 'id': 'a01gK000004I9D9QAK'}, {'referenceId': 'ref58', 'id': 'a01gK000004I9DAQA0'}, {'referenceId': 'ref59', 'id': 'a01gK000004I9DBQA0'}, {'referenceId': 'ref60', 'id': 'a01gK000004I9DCQA0'}, {'referenceId': 'ref61', 'id': 'a01gK000004I9DDQA0'}, {'referenceId': 'ref62', 'id': 'a01gK000004I9DEQA0'}]
2025-04-16 21:10:59,764 - WARNING - ⚠️ 62 sponsors failed to sync: [{'referenceId': 'ref1', 'id': 'a01gK000004I9CFQA0'}, {'referenceId': 'ref2', 'id': 'a01gK000004I9CGQA0'}, {'referenceId': 'ref3', 'id': 'a01gK000004I9CHQA0'}, {'referenceId': 'ref4', 'id': 'a01gK000004I9CIQA0'}, {'referenceId': 'ref5', 'id': 'a01gK000004I9CJQA0'}, {'referenceId': 'ref6', 'id': 'a01gK000004I9CKQA0'}, {'referenceId': 'ref7', 'id': 'a01gK000004I9CLQA0'}, {'referenceId': 'ref8', 'id': 'a01gK000004I9CMQA0'}, {'referenceId': 'ref9', 'id': 'a01gK000004I9CNQA0'}, {'referenceId': 'ref10', 'id': 'a01gK000004I9COQA0'}, {'referenceId': 'ref11', 'id': 'a01gK000004I9CPQA0'}, {'referenceId': 'ref12', 'id': 'a01gK000004I9CQQA0'}, {'referenceId': 'ref13', 'id': 'a01gK000004I9CRQA0'}, {'referenceId': 'ref14', 'id': 'a01gK000004I9CSQA0'}, {'referenceId': 'ref15', 'id': 'a01gK000004I9CTQA0'}, {'referenceId': 'ref16', 'id': 'a01gK000004I9CUQA0'}, {'referenceId': 'ref17', 'id': 'a01gK000004I9CVQA0'}, {'referenceId': 'ref18', 'id': 'a01gK000004I9CWQA0'}, {'referenceId': 'ref19', 'id': 'a01gK000004I9CXQA0'}, {'referenceId': 'ref20', 'id': 'a01gK000004I9CYQA0'}, {'referenceId': 'ref21', 'id': 'a01gK000004I9CZQA0'}, {'referenceId': 'ref22', 'id': 'a01gK000004I9CaQAK'}, {'referenceId': 'ref23', 'id': 'a01gK000004I9CbQAK'}, {'referenceId': 'ref24', 'id': 'a01gK000004I9CcQAK'}, {'referenceId': 'ref25', 'id': 'a01gK000004I9CdQAK'}, {'referenceId': 'ref26', 'id': 'a01gK000004I9CeQAK'}, {'referenceId': 'ref27', 'id': 'a01gK000004I9CfQAK'}, {'referenceId': 'ref28', 'id': 'a01gK000004I9CgQAK'}, {'referenceId': 'ref29', 'id': 'a01gK000004I9ChQAK'}, {'referenceId': 'ref30', 'id': 'a01gK000004I9CiQAK'}, {'referenceId': 'ref31', 'id': 'a01gK000004I9CjQAK'}, {'referenceId': 'ref32', 'id': 'a01gK000004I9CkQAK'}, {'referenceId': 'ref33', 'id': 'a01gK000004I9ClQAK'}, {'referenceId': 'ref34', 'id': 'a01gK000004I9CmQAK'}, {'referenceId': 'ref35', 'id': 'a01gK000004I9CnQAK'}, {'referenceId': 'ref36', 'id': 'a01gK000004I9CoQAK'}, {'referenceId': 'ref37', 'id': 'a01gK000004I9CpQAK'}, {'referenceId': 'ref38', 'id': 'a01gK000004I9CqQAK'}, {'referenceId': 'ref39', 'id': 'a01gK000004I9CrQAK'}, {'referenceId': 'ref40', 'id': 'a01gK000004I9CsQAK'}, {'referenceId': 'ref41', 'id': 'a01gK000004I9CtQAK'}, {'referenceId': 'ref42', 'id': 'a01gK000004I9CuQAK'}, {'referenceId': 'ref43', 'id': 'a01gK000004I9CvQAK'}, {'referenceId': 'ref44', 'id': 'a01gK000004I9CwQAK'}, {'referenceId': 'ref45', 'id': 'a01gK000004I9CxQAK'}, {'referenceId': 'ref46', 'id': 'a01gK000004I9CyQAK'}, {'referenceId': 'ref47', 'id': 'a01gK000004I9CzQAK'}, {'referenceId': 'ref48', 'id': 'a01gK000004I9D0QAK'}, {'referenceId': 'ref49', 'id': 'a01gK000004I9D1QAK'}, {'referenceId': 'ref50', 'id': 'a01gK000004I9D2QAK'}, {'referenceId': 'ref51', 'id': 'a01gK000004I9D3QAK'}, {'referenceId': 'ref52', 'id': 'a01gK000004I9D4QAK'}, {'referenceId': 'ref53', 'id': 'a01gK000004I9D5QAK'}, {'referenceId': 'ref54', 'id': 'a01gK000004I9D6QAK'}, {'referenceId': 'ref55', 'id': 'a01gK000004I9D7QAK'}, {'referenceId': 'ref56', 'id': 'a01gK000004I9D8QAK'}, {'referenceId': 'ref57', 'id': 'a01gK000004I9D9QAK'}, {'referenceId': 'ref58', 'id': 'a01gK000004I9DAQA0'}, {'referenceId': 'ref59', 'id': 'a01gK000004I9DBQA0'}, {'referenceId': 'ref60', 'id': 'a01gK000004I9DCQA0'}, {'referenceId': 'ref61', 'id': 'a01gK000004I9DDQA0'}, {'referenceId': 'ref62', 'id': 'a01gK000004I9DEQA0'}]
2025-04-16 21:10:59,766 - INFO - 🏁 Pipeline completed in 1.59 minutes
2025-04-16 21:10:59,766 - INFO - 🏁 Pipeline completed in 1.59 minutes
2025-04-22 21:05:40,488 - INFO - Logger set up successfully!
2025-04-22 21:05:40,488 - INFO - Logger set up successfully!
2025-04-22 21:05:40,488 - INFO - Logger set up successfully!
2025-04-22 21:05:40,489 - INFO - 🚀 Starting UK Sponsor Reach daily pipeline
2025-04-22 21:05:40,489 - INFO - 🚀 Starting UK Sponsor Reach daily pipeline
2025-04-22 21:05:40,489 - INFO - ⬇️ Downloading latest sponsor CSV
2025-04-22 21:05:40,489 - INFO - ⬇️ Downloading latest sponsor CSV
2025-04-22 21:05:45,895 - INFO - 🔍 Preprocessing and comparing with previous data
2025-04-22 21:05:45,895 - INFO - 🔍 Preprocessing and comparing with previous data
2025-04-22 21:07:11,378 - INFO - Logger set up successfully!
2025-04-22 21:07:11,378 - INFO - Logger set up successfully!
2025-04-22 21:07:11,378 - INFO - Logger set up successfully!
2025-04-22 21:07:11,378 - INFO - 🚀 Starting UK Sponsor Reach daily pipeline
2025-04-22 21:07:11,378 - INFO - 🚀 Starting UK Sponsor Reach daily pipeline
2025-04-22 21:07:11,378 - INFO - ⬇️ Downloading latest sponsor CSV
2025-04-22 21:07:11,378 - INFO - ⬇️ Downloading latest sponsor CSV
2025-04-22 21:07:11,379 - INFO - 🔍 Preprocessing and comparing with previous data
2025-04-22 21:07:11,379 - INFO - 🔍 Preprocessing and comparing with previous data
2025-04-22 21:07:19,316 - INFO - 🔄 No new sponsors found — ending pipeline
2025-04-22 21:07:19,316 - INFO - 🔄 No new sponsors found — ending pipeline
2025-04-22 21:07:48,233 - INFO - Logger set up successfully!
2025-04-22 21:07:48,233 - INFO - Logger set up successfully!
2025-04-22 21:07:48,233 - INFO - Logger set up successfully!
2025-04-22 21:07:48,234 - INFO - 🚀 Starting UK Sponsor Reach daily pipeline
2025-04-22 21:07:48,234 - INFO - 🚀 Starting UK Sponsor Reach daily pipeline
2025-04-22 21:07:48,234 - INFO - ⬇️ Downloading latest sponsor CSV
2025-04-22 21:07:48,234 - INFO - ⬇️ Downloading latest sponsor CSV
2025-04-22 21:07:48,234 - INFO - 🔍 Preprocessing and comparing with previous data
2025-04-22 21:07:48,234 - INFO - 🔍 Preprocessing and comparing with previous data
2025-04-22 21:07:50,982 - INFO - 🔄 No new sponsors found — ending pipeline
2025-04-22 21:07:50,982 - INFO - 🔄 No new sponsors found — ending pipeline
2025-04-22 21:08:37,034 - INFO - Logger set up successfully!
2025-04-22 21:08:37,034 - INFO - Logger set up successfully!
2025-04-22 21:08:37,034 - INFO - Logger set up successfully!
2025-04-22 21:08:37,034 - INFO - 🚀 Starting UK Sponsor Reach daily pipeline
2025-04-22 21:08:37,034 - INFO - 🚀 Starting UK Sponsor Reach daily pipeline
2025-04-22 21:08:37,034 - INFO - ⬇️ Downloading latest sponsor CSV
2025-04-22 21:08:37,034 - INFO - ⬇️ Downloading latest sponsor CSV
2025-04-22 21:08:37,035 - INFO - 🔍 Preprocessing and comparing with previous data
2025-04-22 21:08:37,035 - INFO - 🔍 Preprocessing and comparing with previous data
2025-04-22 21:08:39,787 - INFO - 🎯 Found 536 new sponsors
2025-04-22 21:08:39,787 - INFO - 🎯 Found 536 new sponsors
2025-04-22 21:08:39,787 - INFO - ✨ Enriching new sponsor data
2025-04-22 21:08:39,787 - INFO - ✨ Enriching new sponsor data
2025-04-22 21:08:39,787 - INFO - 🔍 Starting enrichment for new sponsors...
2025-04-22 21:08:39,787 - INFO - 🔍 Starting enrichment for new sponsors...
2025-04-22 21:08:39,788 - INFO - ✅ Enriched 536 companies successfully.
2025-04-22 21:08:39,788 - INFO - ✅ Enriched 536 companies successfully.
2025-04-22 21:08:39,788 - INFO - 📧 Sending outreach emails
2025-04-22 21:08:39,788 - INFO - 📧 Sending outreach emails
2025-04-22 21:08:39,788 - INFO - 🔄 Syncing with Salesforce
2025-04-22 21:08:39,788 - INFO - 🔄 Syncing with Salesforce
2025-04-22 21:09:32,431 - INFO - Logger set up successfully!
2025-04-22 21:09:32,431 - INFO - Logger set up successfully!
2025-04-22 21:09:32,431 - INFO - Logger set up successfully!
2025-04-22 21:09:32,432 - INFO - 🚀 Starting UK Sponsor Reach daily pipeline
2025-04-22 21:09:32,432 - INFO - 🚀 Starting UK Sponsor Reach daily pipeline
2025-04-22 21:09:32,432 - INFO - ⬇️ Downloading latest sponsor CSV
2025-04-22 21:09:32,432 - INFO - ⬇️ Downloading latest sponsor CSV
2025-04-22 21:09:32,432 - INFO - 🔍 Preprocessing and comparing with previous data
2025-04-22 21:09:32,432 - INFO - 🔍 Preprocessing and comparing with previous data
2025-04-22 21:09:35,137 - INFO - 🎯 Found 536 new sponsors
2025-04-22 21:09:35,137 - INFO - 🎯 Found 536 new sponsors
2025-04-22 21:09:35,138 - INFO - ✨ Enriching new sponsor data
2025-04-22 21:09:35,138 - INFO - ✨ Enriching new sponsor data
2025-04-22 21:10:00,983 - INFO - 🔍 Starting enrichment for new sponsors...
2025-04-22 21:10:00,983 - INFO - 🔍 Starting enrichment for new sponsors...
2025-04-22 21:10:04,482 - INFO - ✅ Enriched 536 companies successfully.
2025-04-22 21:10:04,482 - INFO - ✅ Enriched 536 companies successfully.
2025-04-22 21:10:04,482 - INFO - 📧 Sending outreach emails
2025-04-22 21:10:04,482 - INFO - 📧 Sending outreach emails
2025-04-22 21:10:04,482 - INFO - 🔄 Syncing with Salesforce
2025-04-22 21:10:04,482 - INFO - 🔄 Syncing with Salesforce
2025-04-22 21:10:04,482 - INFO - 🏁 Pipeline completed in 0.53 minutes
2025-04-22 21:10:04,482 - INFO - 🏁 Pipeline completed in 0.53 minutes
2025-04-22 21:10:35,297 - INFO - Logger set up successfully!
2025-04-22 21:10:35,297 - INFO - Logger set up successfully!
2025-04-22 21:10:35,297 - INFO - Logger set up successfully!
2025-04-22 21:10:35,298 - INFO - 🚀 Starting UK Sponsor Reach daily pipeline
2025-04-22 21:10:35,298 - INFO - 🚀 Starting UK Sponsor Reach daily pipeline
2025-04-22 21:10:35,298 - INFO - ⬇️ Downloading latest sponsor CSV
2025-04-22 21:10:35,298 - INFO - ⬇️ Downloading latest sponsor CSV
2025-04-22 21:10:35,298 - INFO - 🔍 Preprocessing and comparing with previous data
2025-04-22 21:10:35,298 - INFO - 🔍 Preprocessing and comparing with previous data
2025-04-22 21:10:38,217 - INFO - 🎯 Found 536 new sponsors
2025-04-22 21:10:38,217 - INFO - 🎯 Found 536 new sponsors
2025-04-22 21:10:38,218 - INFO - ✨ Enriching new sponsor data
2025-04-22 21:10:38,218 - INFO - ✨ Enriching new sponsor data
2025-04-22 21:10:43,643 - INFO - 🔍 Starting enrichment for new sponsors...
2025-04-22 21:10:43,643 - INFO - 🔍 Starting enrichment for new sponsors...
2025-04-26 18:05:20,232 - INFO - Logger set up successfully!
2025-04-26 18:05:20,232 - INFO - Logger set up successfully!
2025-04-26 18:05:20,232 - INFO - Logger set up successfully!
2025-04-26 18:05:20,233 - INFO - 🚀 Starting UK Sponsor Reach daily pipeline
2025-04-26 18:05:20,233 - INFO - 🚀 Starting UK Sponsor Reach daily pipeline
2025-04-26 18:05:20,233 - INFO - ⬇️ Downloading latest sponsor CSV
2025-04-26 18:05:20,233 - INFO - ⬇️ Downloading latest sponsor CSV
2025-04-26 18:05:26,016 - INFO - 🔍 Preprocessing and comparing with previous data
2025-04-26 18:05:26,016 - INFO - 🔍 Preprocessing and comparing with previous data
2025-04-26 18:05:28,848 - INFO - 🎯 Found 777 new sponsors
2025-04-26 18:05:28,848 - INFO - 🎯 Found 777 new sponsors
2025-04-26 18:05:28,848 - INFO - ✨ Enriching new sponsor data
2025-04-26 18:05:28,848 - INFO - ✨ Enriching new sponsor data
2025-04-26 18:05:28,848 - INFO - 🔍 Starting enrichment for new sponsors...
2025-04-26 18:05:28,848 - INFO - 🔍 Starting enrichment for new sponsors...
2025-04-26 18:05:42,328 - INFO - ✅ Enriched 777 companies successfully.
2025-04-26 18:05:42,328 - INFO - ✅ Enriched 777 companies successfully.
2025-04-26 18:05:53,671 - INFO - 📧 Sending outreach emails
2025-04-26 18:05:53,671 - INFO - 📧 Sending outreach emails
2025-04-26 18:05:53,672 - INFO - 🔄 Syncing with Salesforce
2025-04-26 18:05:53,672 - INFO - 🔄 Syncing with Salesforce
2025-04-26 18:05:53,672 - INFO - 🏁 Pipeline completed in 0.56 minutes
2025-04-26 18:05:53,672 - INFO - 🏁 Pipeline completed in 0.56 minutes
2025-04-26 18:06:28,504 - INFO - Logger set up successfully!
2025-04-26 18:06:28,504 - INFO - Logger set up successfully!
2025-04-26 18:06:28,504 - INFO - Logger set up successfully!
2025-04-26 18:06:28,505 - INFO - 🚀 Starting UK Sponsor Reach daily pipeline
2025-04-26 18:06:28,505 - INFO - 🚀 Starting UK Sponsor Reach daily pipeline
2025-04-26 18:06:28,505 - INFO - ⬇️ Downloading latest sponsor CSV
2025-04-26 18:06:28,505 - INFO - ⬇️ Downloading latest sponsor CSV
2025-04-26 18:06:28,505 - INFO - 🔍 Preprocessing and comparing with previous data
2025-04-26 18:06:28,505 - INFO - 🔍 Preprocessing and comparing with previous data
2025-04-26 18:06:31,146 - INFO - 🎯 Found 777 new sponsors
2025-04-26 18:06:31,146 - INFO - 🎯 Found 777 new sponsors
2025-04-26 18:06:31,147 - INFO - ✨ Enriching new sponsor data
2025-04-26 18:06:31,147 - INFO - ✨ Enriching new sponsor data
2025-04-26 18:06:31,147 - INFO - 🔍 Starting enrichment for new sponsors...
2025-04-26 18:06:31,147 - INFO - 🔍 Starting enrichment for new sponsors...
2025-04-26 18:06:31,159 - INFO - ✅ Enriched 777 companies successfully.
2025-04-26 18:06:31,159 - INFO - ✅ Enriched 777 companies successfully.
2025-04-26 18:06:38,239 - INFO - 📧 Sending outreach emails
2025-04-26 18:06:38,239 - INFO - 📧 Sending outreach emails
2025-04-26 18:06:38,239 - INFO - 🔄 Syncing with Salesforce
2025-04-26 18:06:38,239 - INFO - 🔄 Syncing with Salesforce
2025-04-26 18:06:38,240 - INFO - 🏁 Pipeline completed in 0.16 minutes
2025-04-26 18:06:38,240 - INFO - 🏁 Pipeline completed in 0.16 minutes
2025-04-26 18:09:38,682 - INFO - Logger set up successfully!
2025-04-26 18:09:38,683 - INFO - Logger set up successfully!
2025-04-26 18:09:38,683 - INFO - Logger set up successfully!
2025-04-26 18:09:38,683 - INFO - 🚀 Starting UK Sponsor Reach daily pipeline
2025-04-26 18:09:38,683 - INFO - 🚀 Starting UK Sponsor Reach daily pipeline
2025-04-26 18:09:38,683 - INFO - ⬇️ Downloading latest sponsor CSV
2025-04-26 18:09:38,683 - INFO - ⬇️ Downloading latest sponsor CSV
2025-04-26 18:09:40,668 - INFO - 🔍 Preprocessing and comparing with previous data
2025-04-26 18:09:40,668 - INFO - 🔍 Preprocessing and comparing with previous data
2025-04-26 18:10:34,352 - INFO - 🎯 Found 777 new sponsors
2025-04-26 18:10:34,352 - INFO - 🎯 Found 777 new sponsors
2025-04-26 18:10:43,508 - INFO - ✨ Enriching new sponsor data
2025-04-26 18:10:43,508 - INFO - ✨ Enriching new sponsor data
2025-04-26 18:11:09,131 - INFO - Logger set up successfully!
2025-04-26 18:11:09,131 - INFO - Logger set up successfully!
2025-04-26 18:11:09,131 - INFO - Logger set up successfully!
2025-04-26 18:11:09,132 - INFO - 🚀 Starting UK Sponsor Reach daily pipeline
2025-04-26 18:11:09,132 - INFO - 🚀 Starting UK Sponsor Reach daily pipeline
2025-04-26 18:11:09,132 - INFO - ⬇️ Downloading latest sponsor CSV
2025-04-26 18:11:09,132 - INFO - ⬇️ Downloading latest sponsor CSV
2025-04-26 18:11:09,132 - INFO - 🔍 Preprocessing and comparing with previous data
2025-04-26 18:11:09,132 - INFO - 🔍 Preprocessing and comparing with previous data
2025-04-26 18:11:11,827 - INFO - 🎯 Found 777 new sponsors
2025-04-26 18:11:11,827 - INFO - 🎯 Found 777 new sponsors
2025-04-26 18:11:11,827 - INFO - ✨ Enriching new sponsor data
2025-04-26 18:11:11,827 - INFO - ✨ Enriching new sponsor data
2025-04-26 18:11:11,827 - INFO - 📧 Sending outreach emails
2025-04-26 18:11:11,827 - INFO - 📧 Sending outreach emails
2025-04-26 18:11:16,396 - INFO - 🔄 Syncing with Salesforce
2025-04-26 18:11:16,396 - INFO - 🔄 Syncing with Salesforce
2025-04-26 18:11:16,397 - INFO - 🏁 Pipeline completed in 0.12 minutes
2025-04-26 18:11:16,397 - INFO - 🏁 Pipeline completed in 0.12 minutes
2025-04-26 18:11:53,828 - INFO - Logger set up successfully!
2025-04-26 18:11:53,828 - INFO - Logger set up successfully!
2025-04-26 18:11:53,828 - INFO - Logger set up successfully!
2025-04-26 18:11:53,829 - INFO - 🚀 Starting UK Sponsor Reach daily pipeline
2025-04-26 18:11:53,829 - INFO - 🚀 Starting UK Sponsor Reach daily pipeline
2025-04-26 18:11:53,829 - INFO - ⬇️ Downloading latest sponsor CSV
2025-04-26 18:11:53,829 - INFO - ⬇️ Downloading latest sponsor CSV
2025-04-26 18:11:53,829 - INFO - 🔍 Preprocessing and comparing with previous data
2025-04-26 18:11:53,829 - INFO - 🔍 Preprocessing and comparing with previous data
2025-04-26 18:11:54,005 - INFO - ✨ Enriching new sponsor data
2025-04-26 18:11:54,005 - INFO - ✨ Enriching new sponsor data
2025-04-26 18:11:54,005 - INFO - 📧 Sending outreach emails
2025-04-26 18:11:54,005 - INFO - 📧 Sending outreach emails
2025-04-26 18:11:54,005 - INFO - 🔄 Syncing with Salesforce
2025-04-26 18:11:54,005 - INFO - 🔄 Syncing with Salesforce
2025-04-26 18:11:54,006 - INFO - 🏁 Pipeline completed in 0.00 minutes
2025-04-26 18:11:54,006 - INFO - 🏁 Pipeline completed in 0.00 minutes
2025-04-26 18:12:18,608 - INFO - Logger set up successfully!
2025-04-26 18:12:18,609 - INFO - Logger set up successfully!
2025-04-26 18:12:18,609 - INFO - Logger set up successfully!
2025-04-26 18:12:18,609 - INFO - 🚀 Starting UK Sponsor Reach daily pipeline
2025-04-26 18:12:18,609 - INFO - 🚀 Starting UK Sponsor Reach daily pipeline
2025-04-26 18:12:18,609 - INFO - ⬇️ Downloading latest sponsor CSV
2025-04-26 18:12:18,609 - INFO - ⬇️ Downloading latest sponsor CSV
2025-04-26 18:12:18,609 - INFO - 🔍 Preprocessing and comparing with previous data
2025-04-26 18:12:18,609 - INFO - 🔍 Preprocessing and comparing with previous data
2025-04-26 18:12:18,609 - INFO - ✨ Enriching new sponsor data
2025-04-26 18:12:18,609 - INFO - ✨ Enriching new sponsor data
2025-04-26 18:12:18,610 - INFO - 📧 Sending outreach emails
2025-04-26 18:12:18,610 - INFO - 📧 Sending outreach emails
2025-04-26 18:12:18,610 - INFO - 🔄 Syncing with Salesforce
2025-04-26 18:12:18,610 - INFO - 🔄 Syncing with Salesforce
2025-04-26 18:12:18,610 - INFO - 🏁 Pipeline completed in 0.00 minutes
2025-04-26 18:12:18,610 - INFO - 🏁 Pipeline completed in 0.00 minutes
2025-04-26 18:12:40,707 - INFO - Logger set up successfully!
2025-04-26 18:12:40,707 - INFO - Logger set up successfully!
2025-04-26 18:12:40,707 - INFO - Logger set up successfully!
2025-04-26 18:12:40,707 - INFO - 🚀 Starting UK Sponsor Reach daily pipeline
2025-04-26 18:12:40,707 - INFO - 🚀 Starting UK Sponsor Reach daily pipeline
2025-04-26 18:12:40,707 - INFO - ⬇️ Downloading latest sponsor CSV
2025-04-26 18:12:40,707 - INFO - ⬇️ Downloading latest sponsor CSV
2025-04-26 18:12:40,708 - INFO - 🔍 Preprocessing and comparing with previous data
2025-04-26 18:12:40,708 - INFO - 🔍 Preprocessing and comparing with previous data
2025-04-26 18:12:40,708 - INFO - ✨ Enriching new sponsor data
2025-04-26 18:12:40,708 - INFO - ✨ Enriching new sponsor data
2025-04-26 18:12:40,708 - INFO - 📧 Sending outreach emails
2025-04-26 18:12:40,708 - INFO - 📧 Sending outreach emails
2025-04-26 18:12:40,708 - INFO - 🔄 Syncing with Salesforce
2025-04-26 18:12:40,708 - INFO - 🔄 Syncing with Salesforce
2025-04-26 18:12:40,708 - INFO - 🏁 Pipeline completed in 0.00 minutes
2025-04-26 18:12:40,708 - INFO - 🏁 Pipeline completed in 0.00 minutes
2025-04-26 18:13:40,574 - INFO - Logger set up successfully!
2025-04-26 18:13:40,575 - INFO - 🚀 Starting UK Sponsor Reach daily pipeline
2025-04-26 18:13:40,575 - INFO - ⬇️ Downloading latest sponsor CSV
2025-04-26 18:13:40,576 - INFO - 🔍 Preprocessing and comparing with previous data
2025-04-26 18:13:40,576 - INFO - ✨ Enriching new sponsor data
2025-04-26 18:13:40,576 - INFO - 📧 Sending outreach emails
2025-04-26 18:13:40,576 - INFO - 🔄 Syncing with Salesforce
2025-04-26 18:13:40,576 - INFO - 🏁 Pipeline completed in 0.00 minutes
2025-04-26 18:14:02,835 - INFO - Logger set up successfully!
2025-04-26 18:14:02,835 - INFO - 🚀 Starting UK Sponsor Reach daily pipeline
2025-04-26 18:14:02,836 - INFO - ⬇️ Downloading latest sponsor CSV
2025-04-26 18:14:02,836 - INFO - 🔍 Preprocessing and comparing with previous data
2025-04-26 18:14:02,837 - INFO - ✨ Enriching new sponsor data
2025-04-26 18:14:02,837 - INFO - 📧 Sending outreach emails
2025-04-26 18:14:02,837 - INFO - 🔄 Syncing with Salesforce
2025-04-26 18:14:02,837 - INFO - 🏁 Pipeline completed in 0.00 minutes
2025-04-26 18:15:16,991 - INFO - Logger set up successfully!
2025-04-26 18:15:16,991 - INFO - Logger set up successfully!
2025-04-26 18:15:16,991 - INFO - Logger set up successfully!
2025-04-26 18:15:16,992 - INFO - 🚀 Starting UK Sponsor Reach daily pipeline
2025-04-26 18:15:16,992 - INFO - 🚀 Starting UK Sponsor Reach daily pipeline
2025-04-26 18:15:16,992 - INFO - ⬇️ Downloading latest sponsor CSV
2025-04-26 18:15:16,992 - INFO - ⬇️ Downloading latest sponsor CSV
2025-04-26 18:15:16,992 - INFO - 🔍 Preprocessing and comparing with previous data
2025-04-26 18:15:16,992 - INFO - 🔍 Preprocessing and comparing with previous data
2025-04-26 18:15:16,992 - INFO - ✨ Enriching new sponsor data
2025-04-26 18:15:16,992 - INFO - ✨ Enriching new sponsor data
2025-04-26 18:15:16,992 - INFO - 📧 Sending outreach emails
2025-04-26 18:15:16,992 - INFO - 📧 Sending outreach emails
2025-04-26 18:15:16,992 - INFO - 🔄 Syncing with Salesforce
2025-04-26 18:15:16,992 - INFO - 🔄 Syncing with Salesforce
2025-04-26 18:15:16,992 - INFO - 🏁 Pipeline completed in 0.00 minutes
2025-04-26 18:15:16,992 - INFO - 🏁 Pipeline completed in 0.00 minutes
2025-04-26 18:15:30,639 - INFO - Logger set up successfully!
2025-04-26 18:15:30,639 - INFO - Logger set up successfully!
2025-04-26 18:15:30,639 - INFO - Logger set up successfully!
2025-04-26 18:15:30,639 - INFO - 🚀 Starting UK Sponsor Reach daily pipeline
2025-04-26 18:15:30,639 - INFO - 🚀 Starting UK Sponsor Reach daily pipeline
2025-04-26 18:15:30,639 - INFO - ⬇️ Downloading latest sponsor CSV
2025-04-26 18:15:30,639 - INFO - ⬇️ Downloading latest sponsor CSV
2025-04-26 18:15:30,639 - INFO - 🔍 Preprocessing and comparing with previous data
2025-04-26 18:15:30,639 - INFO - 🔍 Preprocessing and comparing with previous data
2025-04-26 18:15:30,639 - INFO - ✨ Enriching new sponsor data
2025-04-26 18:15:30,639 - INFO - ✨ Enriching new sponsor data
2025-04-26 18:15:30,639 - INFO - 📧 Sending outreach emails
2025-04-26 18:15:30,639 - INFO - 📧 Sending outreach emails
2025-04-26 18:15:30,639 - INFO - 🔄 Syncing with Salesforce
2025-04-26 18:15:30,639 - INFO - 🔄 Syncing with Salesforce
2025-04-26 18:15:30,639 - INFO - 🏁 Pipeline completed in 0.00 minutes
2025-04-26 18:15:30,639 - INFO - 🏁 Pipeline completed in 0.00 minutes
2025-04-26 18:15:37,757 - INFO - Logger set up successfully!
2025-04-26 18:15:37,757 - INFO - Logger set up successfully!
2025-04-26 18:15:37,757 - INFO - Logger set up successfully!
2025-04-26 18:15:37,757 - INFO - 🚀 Starting UK Sponsor Reach daily pipeline
2025-04-26 18:15:37,757 - INFO - 🚀 Starting UK Sponsor Reach daily pipeline
2025-04-26 18:15:37,757 - INFO - ⬇️ Downloading latest sponsor CSV
2025-04-26 18:15:37,757 - INFO - ⬇️ Downloading latest sponsor CSV
2025-04-26 18:15:37,757 - INFO - 🔍 Preprocessing and comparing with previous data
2025-04-26 18:15:37,757 - INFO - 🔍 Preprocessing and comparing with previous data
2025-04-26 18:15:37,757 - INFO - ✨ Enriching new sponsor data
2025-04-26 18:15:37,757 - INFO - ✨ Enriching new sponsor data
2025-04-26 18:15:37,757 - INFO - 📧 Sending outreach emails
2025-04-26 18:15:37,757 - INFO - 📧 Sending outreach emails
2025-04-26 18:15:37,757 - INFO - 🔄 Syncing with Salesforce
2025-04-26 18:15:37,757 - INFO - 🔄 Syncing with Salesforce
2025-04-26 18:15:37,757 - INFO - 🏁 Pipeline completed in 0.00 minutes
2025-04-26 18:15:37,757 - INFO - 🏁 Pipeline completed in 0.00 minutes
2025-04-26 18:15:42,411 - INFO - Logger set up successfully!
2025-04-26 18:15:42,412 - INFO - Logger set up successfully!
2025-04-26 18:15:42,412 - INFO - Logger set up successfully!
2025-04-26 18:15:42,412 - INFO - 🚀 Starting UK Sponsor Reach daily pipeline
2025-04-26 18:15:42,412 - INFO - 🚀 Starting UK Sponsor Reach daily pipeline
2025-04-26 18:15:42,412 - INFO - ⬇️ Downloading latest sponsor CSV
2025-04-26 18:15:42,412 - INFO - ⬇️ Downloading latest sponsor CSV
2025-04-26 18:15:42,412 - INFO - 🔍 Preprocessing and comparing with previous data
2025-04-26 18:15:42,412 - INFO - 🔍 Preprocessing and comparing with previous data
2025-04-26 18:15:42,412 - INFO - ✨ Enriching new sponsor data
2025-04-26 18:15:42,412 - INFO - ✨ Enriching new sponsor data
2025-04-26 18:15:42,412 - INFO - 📧 Sending outreach emails
2025-04-26 18:15:42,412 - INFO - 📧 Sending outreach emails
2025-04-26 18:15:42,412 - INFO - 🔄 Syncing with Salesforce
2025-04-26 18:15:42,412 - INFO - 🔄 Syncing with Salesforce
2025-04-26 18:15:42,412 - INFO - 🏁 Pipeline completed in 0.00 minutes
2025-04-26 18:15:42,412 - INFO - 🏁 Pipeline completed in 0.00 minutes
2025-04-26 18:15:54,263 - INFO - Logger set up successfully!
2025-04-26 18:15:54,263 - INFO - Logger set up successfully!
2025-04-26 18:15:54,263 - INFO - Logger set up successfully!
2025-04-26 18:15:54,263 - INFO - 🚀 Starting UK Sponsor Reach daily pipeline
2025-04-26 18:15:54,263 - INFO - 🚀 Starting UK Sponsor Reach daily pipeline
2025-04-26 18:15:54,263 - INFO - ⬇️ Downloading latest sponsor CSV
2025-04-26 18:15:54,263 - INFO - ⬇️ Downloading latest sponsor CSV
2025-04-26 18:15:54,264 - INFO - 🔍 Preprocessing and comparing with previous data
2025-04-26 18:15:54,264 - INFO - 🔍 Preprocessing and comparing with previous data
2025-04-26 18:15:54,264 - INFO - ✨ Enriching new sponsor data
2025-04-26 18:15:54,264 - INFO - ✨ Enriching new sponsor data
2025-04-26 18:15:54,264 - INFO - 📧 Sending outreach emails
2025-04-26 18:15:54,264 - INFO - 📧 Sending outreach emails
2025-04-26 18:15:54,264 - INFO - 🔄 Syncing with Salesforce
2025-04-26 18:15:54,264 - INFO - 🔄 Syncing with Salesforce
2025-04-26 18:15:54,264 - INFO - 🏁 Pipeline completed in 0.00 minutes
2025-04-26 18:15:54,264 - INFO - 🏁 Pipeline completed in 0.00 minutes
2025-04-26 18:16:08,089 - INFO - Logger set up successfully!
2025-04-26 18:16:08,090 - INFO - Logger set up successfully!
2025-04-26 18:16:08,090 - INFO - Logger set up successfully!
2025-04-26 18:16:08,090 - INFO - 🚀 Starting UK Sponsor Reach daily pipeline
2025-04-26 18:16:08,090 - INFO - 🚀 Starting UK Sponsor Reach daily pipeline
2025-04-26 18:16:08,090 - INFO - ⬇️ Downloading latest sponsor CSV
2025-04-26 18:16:08,090 - INFO - ⬇️ Downloading latest sponsor CSV
2025-04-26 18:16:08,090 - INFO - 🔍 Preprocessing and comparing with previous data
2025-04-26 18:16:08,090 - INFO - 🔍 Preprocessing and comparing with previous data
2025-04-26 18:16:10,789 - INFO - ✨ Enriching new sponsor data
2025-04-26 18:16:10,789 - INFO - ✨ Enriching new sponsor data
2025-04-26 18:16:10,790 - INFO - 📧 Sending outreach emails
2025-04-26 18:16:10,790 - INFO - 📧 Sending outreach emails
2025-04-26 18:16:10,790 - INFO - 🔄 Syncing with Salesforce
2025-04-26 18:16:10,790 - INFO - 🔄 Syncing with Salesforce
2025-04-26 18:16:10,790 - INFO - 🏁 Pipeline completed in 0.05 minutes
2025-04-26 18:16:10,790 - INFO - 🏁 Pipeline completed in 0.05 minutes
2025-04-26 18:16:19,758 - INFO - Logger set up successfully!
2025-04-26 18:16:19,759 - INFO - Logger set up successfully!
2025-04-26 18:16:19,759 - INFO - Logger set up successfully!
2025-04-26 18:16:19,759 - INFO - 🚀 Starting UK Sponsor Reach daily pipeline
2025-04-26 18:16:19,759 - INFO - 🚀 Starting UK Sponsor Reach daily pipeline
2025-04-26 18:16:19,759 - INFO - ⬇️ Downloading latest sponsor CSV
2025-04-26 18:16:19,759 - INFO - ⬇️ Downloading latest sponsor CSV
2025-04-26 18:16:19,759 - INFO - 🔍 Preprocessing and comparing with previous data
2025-04-26 18:16:19,759 - INFO - 🔍 Preprocessing and comparing with previous data
2025-04-26 18:16:22,552 - INFO - ✨ Enriching new sponsor data
2025-04-26 18:16:22,552 - INFO - ✨ Enriching new sponsor data
2025-04-26 18:16:22,552 - INFO - 📧 Sending outreach emails
2025-04-26 18:16:22,552 - INFO - 📧 Sending outreach emails
2025-04-26 18:16:22,552 - INFO - 🔄 Syncing with Salesforce
2025-04-26 18:16:22,552 - INFO - 🔄 Syncing with Salesforce
2025-04-26 18:16:22,552 - INFO - 🏁 Pipeline completed in 0.05 minutes
2025-04-26 18:16:22,552 - INFO - 🏁 Pipeline completed in 0.05 minutes
2025-04-26 18:16:41,476 - INFO - Logger set up successfully!
2025-04-26 18:16:41,476 - INFO - Logger set up successfully!
2025-04-26 18:16:41,476 - INFO - Logger set up successfully!
2025-04-26 18:16:41,476 - INFO - 🚀 Starting UK Sponsor Reach daily pipeline
2025-04-26 18:16:41,476 - INFO - 🚀 Starting UK Sponsor Reach daily pipeline
2025-04-26 18:16:41,476 - INFO - ⬇️ Downloading latest sponsor CSV
2025-04-26 18:16:41,476 - INFO - ⬇️ Downloading latest sponsor CSV
2025-04-26 18:16:41,477 - INFO - 🔍 Preprocessing and comparing with previous data
2025-04-26 18:16:41,477 - INFO - 🔍 Preprocessing and comparing with previous data
2025-04-26 18:16:44,161 - INFO - 🎯 Found 777 new sponsors
2025-04-26 18:16:44,161 - INFO - 🎯 Found 777 new sponsors
2025-04-26 18:16:44,161 - INFO - ✨ Enriching new sponsor data
2025-04-26 18:16:44,161 - INFO - ✨ Enriching new sponsor data
2025-04-26 18:16:44,161 - INFO - 📧 Sending outreach emails
2025-04-26 18:16:44,161 - INFO - 📧 Sending outreach emails
2025-04-26 18:16:44,161 - INFO - 🔄 Syncing with Salesforce
2025-04-26 18:16:44,161 - INFO - 🔄 Syncing with Salesforce
2025-04-26 18:16:44,161 - INFO - 🏁 Pipeline completed in 0.04 minutes
2025-04-26 18:16:44,161 - INFO - 🏁 Pipeline completed in 0.04 minutes
2025-04-26 18:16:58,592 - INFO - Logger set up successfully!
2025-04-26 18:16:58,592 - INFO - Logger set up successfully!
2025-04-26 18:16:58,592 - INFO - Logger set up successfully!
2025-04-26 18:16:58,592 - INFO - 🚀 Starting UK Sponsor Reach daily pipeline
2025-04-26 18:16:58,592 - INFO - 🚀 Starting UK Sponsor Reach daily pipeline
2025-04-26 18:16:58,593 - INFO - ⬇️ Downloading latest sponsor CSV
2025-04-26 18:16:58,593 - INFO - ⬇️ Downloading latest sponsor CSV
2025-04-26 18:16:58,593 - INFO - 🔍 Preprocessing and comparing with previous data
2025-04-26 18:16:58,593 - INFO - 🔍 Preprocessing and comparing with previous data
2025-04-26 18:17:01,246 - INFO - 🎯 Found 777 new sponsors
2025-04-26 18:17:01,246 - INFO - 🎯 Found 777 new sponsors
2025-04-26 18:17:01,246 - INFO - ✨ Enriching new sponsor data
2025-04-26 18:17:01,246 - INFO - ✨ Enriching new sponsor data
2025-04-26 18:17:01,246 - INFO - 📧 Sending outreach emails
2025-04-26 18:17:01,246 - INFO - 📧 Sending outreach emails
2025-04-26 18:17:01,246 - INFO - 🔄 Syncing with Salesforce
2025-04-26 18:17:01,246 - INFO - 🔄 Syncing with Salesforce
2025-04-26 18:17:01,246 - INFO - 🏁 Pipeline completed in 0.04 minutes
2025-04-26 18:17:01,246 - INFO - 🏁 Pipeline completed in 0.04 minutes
2025-04-26 18:17:35,746 - INFO - Logger set up successfully!
2025-04-26 18:17:35,746 - INFO - Logger set up successfully!
2025-04-26 18:17:35,746 - INFO - Logger set up successfully!
2025-04-26 18:17:35,746 - INFO - 🚀 Starting UK Sponsor Reach daily pipeline
2025-04-26 18:17:35,746 - INFO - 🚀 Starting UK Sponsor Reach daily pipeline
2025-04-26 18:17:35,746 - INFO - ⬇️ Downloading latest sponsor CSV
2025-04-26 18:17:35,746 - INFO - ⬇️ Downloading latest sponsor CSV
2025-04-26 18:17:35,747 - INFO - 🔍 Preprocessing and comparing with previous data
2025-04-26 18:17:35,747 - INFO - 🔍 Preprocessing and comparing with previous data
2025-04-26 18:17:38,526 - INFO - 🎯 Found 777 new sponsors
2025-04-26 18:17:38,526 - INFO - 🎯 Found 777 new sponsors
2025-04-26 18:17:38,526 - INFO - ✨ Enriching new sponsor data
2025-04-26 18:17:38,526 - INFO - ✨ Enriching new sponsor data
2025-04-26 18:17:38,527 - INFO - 🔍 Starting enrichment for new sponsors...
2025-04-26 18:17:38,527 - INFO - 🔍 Starting enrichment for new sponsors...
2025-04-26 18:17:38,539 - INFO - ✅ Enriched 777 companies successfully.
2025-04-26 18:17:38,539 - INFO - ✅ Enriched 777 companies successfully.
2025-04-26 18:17:38,539 - INFO - 📧 Sending outreach emails
2025-04-26 18:17:38,539 - INFO - 📧 Sending outreach emails
2025-04-26 18:17:38,539 - INFO - 🔄 Syncing with Salesforce
2025-04-26 18:17:38,539 - INFO - 🔄 Syncing with Salesforce
2025-04-26 18:17:38,539 - INFO - 🏁 Pipeline completed in 0.05 minutes
2025-04-26 18:17:38,539 - INFO - 🏁 Pipeline completed in 0.05 minutes
2025-04-26 18:17:55,615 - INFO - Logger set up successfully!
2025-04-26 18:17:55,615 - INFO - Logger set up successfully!
2025-04-26 18:17:55,615 - INFO - Logger set up successfully!
2025-04-26 18:17:55,615 - INFO - 🚀 Starting UK Sponsor Reach daily pipeline
2025-04-26 18:17:55,615 - INFO - 🚀 Starting UK Sponsor Reach daily pipeline
2025-04-26 18:17:55,615 - INFO - ⬇️ Downloading latest sponsor CSV
2025-04-26 18:17:55,615 - INFO - ⬇️ Downloading latest sponsor CSV
2025-04-26 18:17:55,616 - INFO - 🔍 Preprocessing and comparing with previous data
2025-04-26 18:17:55,616 - INFO - 🔍 Preprocessing and comparing with previous data
2025-04-26 18:17:58,337 - INFO - 🎯 Found 777 new sponsors
2025-04-26 18:17:58,337 - INFO - 🎯 Found 777 new sponsors
2025-04-26 18:17:58,337 - INFO - ✨ Enriching new sponsor data
2025-04-26 18:17:58,337 - INFO - ✨ Enriching new sponsor data
2025-04-26 18:18:04,198 - INFO - 🔍 Starting enrichment for new sponsors...
2025-04-26 18:18:04,198 - INFO - 🔍 Starting enrichment for new sponsors...
2025-04-26 18:18:04,225 - INFO - ✅ Enriched 777 companies successfully.
2025-04-26 18:18:04,225 - INFO - ✅ Enriched 777 companies successfully.
2025-04-26 18:18:09,960 - INFO - 📧 Sending outreach emails
2025-04-26 18:18:09,960 - INFO - 📧 Sending outreach emails
2025-04-26 18:18:09,962 - INFO - 🔄 Syncing with Salesforce
2025-04-26 18:18:09,962 - INFO - 🔄 Syncing with Salesforce
2025-04-26 18:18:09,962 - INFO - 🏁 Pipeline completed in 0.24 minutes
2025-04-26 18:18:09,962 - INFO - 🏁 Pipeline completed in 0.24 minutes
2025-04-26 18:18:14,380 - INFO - Logger set up successfully!
2025-04-26 18:18:14,380 - INFO - Logger set up successfully!
2025-04-26 18:18:14,380 - INFO - Logger set up successfully!
2025-04-26 18:18:14,380 - INFO - 🚀 Starting UK Sponsor Reach daily pipeline
2025-04-26 18:18:14,380 - INFO - 🚀 Starting UK Sponsor Reach daily pipeline
2025-04-26 18:18:14,380 - INFO - ⬇️ Downloading latest sponsor CSV
2025-04-26 18:18:14,380 - INFO - ⬇️ Downloading latest sponsor CSV
2025-04-26 18:18:14,380 - INFO - 🔍 Preprocessing and comparing with previous data
2025-04-26 18:18:14,380 - INFO - 🔍 Preprocessing and comparing with previous data
2025-04-26 18:18:15,253 - INFO - 🎯 Found 777 new sponsors
2025-04-26 18:18:15,253 - INFO - 🎯 Found 777 new sponsors
2025-04-26 18:18:15,253 - INFO - ✨ Enriching new sponsor data
2025-04-26 18:18:15,253 - INFO - ✨ Enriching new sponsor data
2025-04-26 18:18:15,254 - INFO - 🔍 Starting enrichment for new sponsors...
2025-04-26 18:18:15,254 - INFO - 🔍 Starting enrichment for new sponsors...
2025-04-26 18:18:15,254 - INFO - ✅ Enriched 777 companies successfully.
2025-04-26 18:18:15,254 - INFO - ✅ Enriched 777 companies successfully.
2025-04-26 18:18:15,254 - INFO - 📧 Sending outreach emails
2025-04-26 18:18:15,254 - INFO - 📧 Sending outreach emails
2025-04-26 18:18:15,254 - INFO - 🔄 Syncing with Salesforce
2025-04-26 18:18:15,254 - INFO - 🔄 Syncing with Salesforce
2025-04-26 18:18:15,254 - INFO - 🏁 Pipeline completed in 0.01 minutes
2025-04-26 18:18:15,254 - INFO - 🏁 Pipeline completed in 0.01 minutes
2025-04-26 18:23:33,799 - INFO - Logger set up successfully!
2025-04-26 18:23:33,799 - INFO - Logger set up successfully!
2025-04-26 18:23:33,799 - INFO - Logger set up successfully!
2025-04-26 18:23:33,799 - INFO - 🚀 Starting UK Sponsor Reach daily pipeline
2025-04-26 18:23:33,799 - INFO - 🚀 Starting UK Sponsor Reach daily pipeline
2025-04-26 18:23:33,800 - INFO - ⬇️ Downloading latest sponsor CSV
2025-04-26 18:23:33,800 - INFO - ⬇️ Downloading latest sponsor CSV
2025-04-26 18:23:33,800 - INFO - 🔍 Preprocessing and comparing with previous data
2025-04-26 18:23:33,800 - INFO - 🔍 Preprocessing and comparing with previous data
2025-04-26 18:23:42,346 - INFO - Logger set up successfully!
2025-04-26 18:23:42,346 - INFO - Logger set up successfully!
2025-04-26 18:23:42,346 - INFO - Logger set up successfully!
2025-04-26 18:23:42,346 - INFO - 🚀 Starting UK Sponsor Reach daily pipeline
2025-04-26 18:23:42,346 - INFO - 🚀 Starting UK Sponsor Reach daily pipeline
2025-04-26 18:23:42,346 - INFO - ⬇️ Downloading latest sponsor CSV
2025-04-26 18:23:42,346 - INFO - ⬇️ Downloading latest sponsor CSV
2025-04-26 18:23:42,346 - INFO - 🔍 Preprocessing and comparing with previous data
2025-04-26 18:23:42,346 - INFO - 🔍 Preprocessing and comparing with previous data
2025-04-26 18:23:50,322 - INFO - 🎯 Found 777 new sponsors
2025-04-26 18:23:50,322 - INFO - 🎯 Found 777 new sponsors
2025-04-26 18:23:50,323 - INFO - ✨ Enriching new sponsor data
2025-04-26 18:23:50,323 - INFO - ✨ Enriching new sponsor data
2025-04-26 18:23:53,198 - INFO - 🔍 Starting enrichment for new sponsors...
2025-04-26 18:23:53,198 - INFO - 🔍 Starting enrichment for new sponsors...
2025-04-26 18:23:53,212 - INFO - ✅ Enriched 777 companies successfully.
2025-04-26 18:23:53,212 - INFO - ✅ Enriched 777 companies successfully.
2025-04-26 18:23:53,213 - INFO - 📧 Sending outreach emails
2025-04-26 18:23:53,213 - INFO - 📧 Sending outreach emails
2025-04-26 18:23:53,213 - INFO - 🔄 Syncing with Salesforce
2025-04-26 18:23:53,213 - INFO - 🔄 Syncing with Salesforce
2025-04-26 18:23:53,213 - INFO - 🏁 Pipeline completed in 0.18 minutes
2025-04-26 18:23:53,213 - INFO - 🏁 Pipeline completed in 0.18 minutes
2025-04-26 18:23:55,847 - INFO - Logger set up successfully!
2025-04-26 18:23:55,848 - INFO - Logger set up successfully!
2025-04-26 18:23:55,848 - INFO - Logger set up successfully!
2025-04-26 18:23:55,848 - INFO - 🚀 Starting UK Sponsor Reach daily pipeline
2025-04-26 18:23:55,848 - INFO - 🚀 Starting UK Sponsor Reach daily pipeline
2025-04-26 18:23:55,848 - INFO - ⬇️ Downloading latest sponsor CSV
2025-04-26 18:23:55,848 - INFO - ⬇️ Downloading latest sponsor CSV
2025-04-26 18:23:55,848 - INFO - 🔍 Preprocessing and comparing with previous data
2025-04-26 18:23:55,848 - INFO - 🔍 Preprocessing and comparing with previous data
2025-04-26 18:23:56,720 - INFO - 🎯 Found 777 new sponsors
2025-04-26 18:23:56,720 - INFO - 🎯 Found 777 new sponsors
2025-04-26 18:23:56,720 - INFO - ✨ Enriching new sponsor data
2025-04-26 18:23:56,720 - INFO - ✨ Enriching new sponsor data
2025-04-26 18:23:56,720 - INFO - 🔍 Starting enrichment for new sponsors...
2025-04-26 18:23:56,720 - INFO - 🔍 Starting enrichment for new sponsors...
2025-04-26 18:23:56,720 - INFO - ✅ Enriched 777 companies successfully.
2025-04-26 18:23:56,720 - INFO - ✅ Enriched 777 companies successfully.
2025-04-26 18:23:56,720 - INFO - 📧 Sending outreach emails
2025-04-26 18:23:56,720 - INFO - 📧 Sending outreach emails
2025-04-26 18:23:56,720 - INFO - 🔄 Syncing with Salesforce
2025-04-26 18:23:56,720 - INFO - 🔄 Syncing with Salesforce
2025-04-26 18:23:56,720 - INFO - 🏁 Pipeline completed in 0.01 minutes
2025-04-26 18:23:56,720 - INFO - 🏁 Pipeline completed in 0.01 minutes
2025-04-26 18:27:59,831 - INFO - Logger set up successfully!
2025-04-26 18:27:59,831 - INFO - Logger set up successfully!
2025-04-26 18:27:59,831 - INFO - Logger set up successfully!
2025-04-26 18:27:59,832 - INFO - 🚀 Starting UK Sponsor Reach daily pipeline
2025-04-26 18:27:59,832 - INFO - 🚀 Starting UK Sponsor Reach daily pipeline
2025-04-26 18:27:59,832 - INFO - ⬇️ Downloading latest sponsor CSV
2025-04-26 18:27:59,832 - INFO - ⬇️ Downloading latest sponsor CSV
2025-04-26 18:27:59,832 - INFO - 🔍 Preprocessing and comparing with previous data
2025-04-26 18:27:59,832 - INFO - 🔍 Preprocessing and comparing with previous data
2025-04-26 18:38:33,528 - INFO - Logger set up successfully!
2025-04-26 18:38:33,529 - INFO - Logger set up successfully!
2025-04-26 18:38:33,529 - INFO - Logger set up successfully!
2025-04-26 18:38:33,529 - INFO - 🚀 Starting UK Sponsor Reach daily pipeline
2025-04-26 18:38:33,529 - INFO - 🚀 Starting UK Sponsor Reach daily pipeline
2025-04-26 18:38:33,529 - INFO - ⬇️ Downloading latest sponsor CSV
2025-04-26 18:38:33,529 - INFO - ⬇️ Downloading latest sponsor CSV
2025-04-26 18:38:33,530 - INFO - 🔍 Preprocessing and comparing with previous data
2025-04-26 18:38:33,530 - INFO - 🔍 Preprocessing and comparing with previous data
2025-04-26 18:38:41,019 - INFO - 🎯 Found 777 new sponsors
2025-04-26 18:38:41,019 - INFO - 🎯 Found 777 new sponsors
2025-04-26 18:38:41,019 - INFO - ✨ Enriching new sponsor data
2025-04-26 18:38:41,019 - INFO - ✨ Enriching new sponsor data
2025-04-26 18:39:01,278 - INFO - 🔍 Starting enrichment for new sponsors...
2025-04-26 18:39:01,278 - INFO - 🔍 Starting enrichment for new sponsors...
2025-04-26 18:39:01,306 - INFO - ✅ Enriched 777 companies successfully.
2025-04-26 18:39:01,306 - INFO - ✅ Enriched 777 companies successfully.
2025-04-26 18:39:01,307 - INFO - 📧 Sending outreach emails
2025-04-26 18:39:01,307 - INFO - 📧 Sending outreach emails
2025-04-26 18:39:01,307 - INFO - 🔄 Syncing with Salesforce
2025-04-26 18:39:01,307 - INFO - 🔄 Syncing with Salesforce
2025-04-26 18:39:01,307 - INFO - 🏁 Pipeline completed in 0.46 minutes
2025-04-26 18:39:01,307 - INFO - 🏁 Pipeline completed in 0.46 minutes
2025-04-26 18:39:45,151 - INFO - Logger set up successfully!
2025-04-26 18:39:45,151 - INFO - Logger set up successfully!
2025-04-26 18:39:45,151 - INFO - Logger set up successfully!
2025-04-26 18:39:45,151 - INFO - 🚀 Starting UK Sponsor Reach daily pipeline
2025-04-26 18:39:45,151 - INFO - 🚀 Starting UK Sponsor Reach daily pipeline
2025-04-26 18:39:45,152 - INFO - ⬇️ Downloading latest sponsor CSV
2025-04-26 18:39:45,152 - INFO - ⬇️ Downloading latest sponsor CSV
2025-04-26 18:39:45,152 - INFO - 🔍 Preprocessing and comparing with previous data
2025-04-26 18:39:45,152 - INFO - 🔍 Preprocessing and comparing with previous data
2025-04-26 18:39:46,462 - INFO - 🎯 Found 777 new sponsors
2025-04-26 18:39:46,462 - INFO - 🎯 Found 777 new sponsors
2025-04-26 18:39:46,462 - INFO - ✨ Enriching new sponsor data
2025-04-26 18:39:46,462 - INFO - ✨ Enriching new sponsor data
2025-04-26 18:39:46,462 - INFO - 🔍 Starting enrichment for new sponsors...
2025-04-26 18:39:46,462 - INFO - 🔍 Starting enrichment for new sponsors...
2025-04-26 18:39:46,462 - INFO - ✅ Enriched 777 companies successfully.
2025-04-26 18:39:46,462 - INFO - ✅ Enriched 777 companies successfully.
2025-04-26 18:39:46,462 - INFO - 📧 Sending outreach emails
2025-04-26 18:39:46,462 - INFO - 📧 Sending outreach emails
2025-04-26 18:39:46,462 - INFO - 🔄 Syncing with Salesforce
2025-04-26 18:39:46,462 - INFO - 🔄 Syncing with Salesforce
2025-04-26 18:39:46,463 - INFO - 🏁 Pipeline completed in 0.02 minutes
2025-04-26 18:39:46,463 - INFO - 🏁 Pipeline completed in 0.02 minutes
2025-05-28 01:19:26,226 - INFO - Logger set up successfully!
2025-05-28 01:19:26,227 - INFO - Logger set up successfully!
2025-05-28 01:19:26,227 - INFO - Logger set up successfully!
2025-05-28 01:19:26,227 - INFO - 🚀 Starting UK Sponsor Reach daily pipeline
2025-05-28 01:19:26,227 - INFO - 🚀 Starting UK Sponsor Reach daily pipeline
2025-05-28 01:19:26,227 - INFO - ⬇️ Downloading latest sponsor CSV
2025-05-28 01:19:26,227 - INFO - ⬇️ Downloading latest sponsor CSV
2025-05-28 01:19:30,995 - INFO - 🔍 Preprocessing and comparing with previous data
2025-05-28 01:19:30,995 - INFO - 🔍 Preprocessing and comparing with previous data
2025-05-28 01:20:05,058 - ERROR - ❌ File error: No CSV file from the last 5 days found in either archive or raw directories.
Traceback (most recent call last):
  File "/home/shayon/Documents/web/sponsor-reach/scheduler/daily_workflow.py", line 47, in daily_pipeline
    previous_csv_path = get_yesterday_file(ARCHIVE_DIR)
  File "/home/shayon/Documents/web/sponsor-reach/extraction/compare_csv.py", line 80, in get_yesterday_file
    raise FileNotFoundError("No CSV file from the last 5 days found in either archive or raw directories.")
FileNotFoundError: No CSV file from the last 5 days found in either archive or raw directories.
2025-05-28 01:20:05,058 - ERROR - ❌ File error: No CSV file from the last 5 days found in either archive or raw directories.
Traceback (most recent call last):
  File "/home/shayon/Documents/web/sponsor-reach/scheduler/daily_workflow.py", line 47, in daily_pipeline
    previous_csv_path = get_yesterday_file(ARCHIVE_DIR)
  File "/home/shayon/Documents/web/sponsor-reach/extraction/compare_csv.py", line 80, in get_yesterday_file
    raise FileNotFoundError("No CSV file from the last 5 days found in either archive or raw directories.")
FileNotFoundError: No CSV file from the last 5 days found in either archive or raw directories.
2025-05-28 01:23:05,843 - INFO - Logger set up successfully!
2025-05-28 01:23:05,843 - INFO - Logger set up successfully!
2025-05-28 01:23:05,843 - INFO - Logger set up successfully!
2025-05-28 01:23:05,843 - INFO - 🚀 Starting UK Sponsor Reach daily pipeline
2025-05-28 01:23:05,843 - INFO - 🚀 Starting UK Sponsor Reach daily pipeline
2025-05-28 01:23:05,843 - INFO - ⬇️ Downloading latest sponsor CSV
2025-05-28 01:23:05,843 - INFO - ⬇️ Downloading latest sponsor CSV
2025-05-28 01:23:05,843 - INFO - 🔍 Preprocessing and comparing with previous data
2025-05-28 01:23:05,843 - INFO - 🔍 Preprocessing and comparing with previous data
2025-05-28 01:23:09,817 - ERROR - ❌ File error: No CSV file from the last 5 days found in either archive or raw directories.
Traceback (most recent call last):
  File "/home/shayon/Documents/web/sponsor-reach/scheduler/daily_workflow.py", line 47, in daily_pipeline
    previous_csv_path = get_yesterday_file(ARCHIVE_DIR)
  File "/home/shayon/Documents/web/sponsor-reach/extraction/compare_csv.py", line 80, in get_yesterday_file
    raise FileNotFoundError("No CSV file from the last 5 days found in either archive or raw directories.")
FileNotFoundError: No CSV file from the last 5 days found in either archive or raw directories.
2025-05-28 01:23:09,817 - ERROR - ❌ File error: No CSV file from the last 5 days found in either archive or raw directories.
Traceback (most recent call last):
  File "/home/shayon/Documents/web/sponsor-reach/scheduler/daily_workflow.py", line 47, in daily_pipeline
    previous_csv_path = get_yesterday_file(ARCHIVE_DIR)
  File "/home/shayon/Documents/web/sponsor-reach/extraction/compare_csv.py", line 80, in get_yesterday_file
    raise FileNotFoundError("No CSV file from the last 5 days found in either archive or raw directories.")
FileNotFoundError: No CSV file from the last 5 days found in either archive or raw directories.
2025-05-28 01:24:24,833 - INFO - Logger set up successfully!
2025-05-28 01:24:39,034 - INFO - Logger set up successfully!
2025-05-28 01:24:39,034 - INFO - Logger set up successfully!
2025-05-28 01:24:42,694 - INFO - 🚀 Starting UK Sponsor Reach daily pipeline
2025-05-28 01:24:42,694 - INFO - 🚀 Starting UK Sponsor Reach daily pipeline
2025-05-28 01:24:47,599 - INFO - ⬇️ Downloading latest sponsor CSV
2025-05-28 01:24:47,599 - INFO - ⬇️ Downloading latest sponsor CSV
2025-05-28 01:24:58,520 - INFO - 🔍 Preprocessing and comparing with previous data
2025-05-28 01:24:58,520 - INFO - 🔍 Preprocessing and comparing with previous data
2025-05-28 01:25:26,824 - ERROR - ❌ File error: No CSV file from the last 5 days found in either archive or raw directories.
Traceback (most recent call last):
  File "/home/shayon/Documents/web/sponsor-reach/scheduler/daily_workflow.py", line 47, in daily_pipeline
    previous_csv_path = get_yesterday_file(ARCHIVE_DIR)
  File "/home/shayon/Documents/web/sponsor-reach/extraction/compare_csv.py", line 80, in get_yesterday_file
    raise FileNotFoundError("No CSV file from the last 5 days found in either archive or raw directories.")
FileNotFoundError: No CSV file from the last 5 days found in either archive or raw directories.
2025-05-28 01:25:26,824 - ERROR - ❌ File error: No CSV file from the last 5 days found in either archive or raw directories.
Traceback (most recent call last):
  File "/home/shayon/Documents/web/sponsor-reach/scheduler/daily_workflow.py", line 47, in daily_pipeline
    previous_csv_path = get_yesterday_file(ARCHIVE_DIR)
  File "/home/shayon/Documents/web/sponsor-reach/extraction/compare_csv.py", line 80, in get_yesterday_file
    raise FileNotFoundError("No CSV file from the last 5 days found in either archive or raw directories.")
FileNotFoundError: No CSV file from the last 5 days found in either archive or raw directories.
2025-05-28 01:26:03,659 - INFO - Logger set up successfully!
2025-05-28 01:26:03,660 - INFO - Logger set up successfully!
2025-05-28 01:26:03,660 - INFO - Logger set up successfully!
2025-05-28 01:26:03,660 - INFO - 🚀 Starting UK Sponsor Reach daily pipeline
2025-05-28 01:26:03,660 - INFO - 🚀 Starting UK Sponsor Reach daily pipeline
2025-05-28 01:26:03,660 - INFO - ⬇️ Downloading latest sponsor CSV
2025-05-28 01:26:03,660 - INFO - ⬇️ Downloading latest sponsor CSV
2025-05-28 01:26:03,660 - INFO - 🔍 Preprocessing and comparing with previous data
2025-05-28 01:26:03,660 - INFO - 🔍 Preprocessing and comparing with previous data
2025-05-28 01:26:24,677 - INFO - Logger set up successfully!
2025-05-28 01:26:24,677 - INFO - Logger set up successfully!
2025-05-28 01:26:24,677 - INFO - Logger set up successfully!
2025-05-28 01:26:24,677 - INFO - 🚀 Starting UK Sponsor Reach daily pipeline
2025-05-28 01:26:24,677 - INFO - 🚀 Starting UK Sponsor Reach daily pipeline
2025-05-28 01:26:24,677 - INFO - ⬇️ Downloading latest sponsor CSV
2025-05-28 01:26:24,677 - INFO - ⬇️ Downloading latest sponsor CSV
2025-05-28 01:26:24,678 - INFO - 🔍 Preprocessing and comparing with previous data
2025-05-28 01:26:24,678 - INFO - 🔍 Preprocessing and comparing with previous data
2025-05-28 01:29:14,130 - ERROR - ❌ File error: No CSV file from the last 5 days found in either archive or raw directories.
Traceback (most recent call last):
  File "/home/shayon/Documents/web/sponsor-reach/scheduler/daily_workflow.py", line 47, in daily_pipeline
    previous_csv_path = get_yesterday_file(ARCHIVE_DIR)
  File "/home/shayon/Documents/web/sponsor-reach/extraction/compare_csv.py", line 80, in get_yesterday_file
    raise FileNotFoundError("No CSV file from the last 5 days found in either archive or raw directories.")
FileNotFoundError: No CSV file from the last 5 days found in either archive or raw directories.
2025-05-28 01:29:14,130 - ERROR - ❌ File error: No CSV file from the last 5 days found in either archive or raw directories.
Traceback (most recent call last):
  File "/home/shayon/Documents/web/sponsor-reach/scheduler/daily_workflow.py", line 47, in daily_pipeline
    previous_csv_path = get_yesterday_file(ARCHIVE_DIR)
  File "/home/shayon/Documents/web/sponsor-reach/extraction/compare_csv.py", line 80, in get_yesterday_file
    raise FileNotFoundError("No CSV file from the last 5 days found in either archive or raw directories.")
FileNotFoundError: No CSV file from the last 5 days found in either archive or raw directories.
2025-05-28 01:30:50,400 - INFO - Logger set up successfully!
2025-05-28 01:30:50,401 - INFO - Logger set up successfully!
2025-05-28 01:30:50,401 - INFO - Logger set up successfully!
2025-05-28 01:30:50,401 - INFO - 🚀 Starting UK Sponsor Reach daily pipeline
2025-05-28 01:30:50,401 - INFO - 🚀 Starting UK Sponsor Reach daily pipeline
2025-05-28 01:30:50,401 - INFO - ⬇️ Downloading latest sponsor CSV
2025-05-28 01:30:50,401 - INFO - ⬇️ Downloading latest sponsor CSV
2025-05-28 01:30:50,401 - INFO - 🔍 Preprocessing and comparing with previous data
2025-05-28 01:30:50,401 - INFO - 🔍 Preprocessing and comparing with previous data
2025-05-28 01:31:20,909 - INFO - 🎯 Found 1842 new sponsors
2025-05-28 01:31:20,909 - INFO - 🎯 Found 1842 new sponsors
2025-05-28 01:31:21,646 - INFO - ✨ Enriching new sponsor data
2025-05-28 01:31:21,646 - INFO - ✨ Enriching new sponsor data
2025-05-28 01:31:23,603 - INFO - 🔍 Starting enrichment for new sponsors...
2025-05-28 01:31:23,603 - INFO - 🔍 Starting enrichment for new sponsors...
2025-05-28 01:31:23,775 - INFO - ✅ Enriched 1842 companies successfully.
2025-05-28 01:31:23,775 - INFO - ✅ Enriched 1842 companies successfully.
2025-05-28 01:31:27,550 - INFO - 📧 Sending outreach emails
2025-05-28 01:31:27,550 - INFO - 📧 Sending outreach emails
2025-05-28 01:31:30,071 - INFO - 🔄 Syncing with Salesforce
2025-05-28 01:31:30,071 - INFO - 🔄 Syncing with Salesforce
2025-05-28 01:31:34,068 - INFO - 🏁 Pipeline completed in 0.69 minutes
2025-05-28 01:31:34,068 - INFO - 🏁 Pipeline completed in 0.69 minutes
2025-05-28 01:32:18,580 - INFO - Logger set up successfully!
2025-05-28 01:32:18,581 - INFO - Logger set up successfully!
2025-05-28 01:32:18,581 - INFO - Logger set up successfully!
2025-05-28 01:32:18,581 - INFO - 🚀 Starting UK Sponsor Reach daily pipeline
2025-05-28 01:32:18,581 - INFO - 🚀 Starting UK Sponsor Reach daily pipeline
2025-05-28 01:32:18,581 - INFO - ⬇️ Downloading latest sponsor CSV
2025-05-28 01:32:18,581 - INFO - ⬇️ Downloading latest sponsor CSV
2025-05-28 01:32:18,581 - INFO - 🔍 Preprocessing and comparing with previous data
2025-05-28 01:32:18,581 - INFO - 🔍 Preprocessing and comparing with previous data
2025-05-28 01:32:28,788 - INFO - 🎯 Found 1842 new sponsors
2025-05-28 01:32:28,788 - INFO - 🎯 Found 1842 new sponsors
2025-05-28 01:32:28,789 - INFO - ✨ Enriching new sponsor data
2025-05-28 01:32:28,789 - INFO - ✨ Enriching new sponsor data
2025-05-28 01:32:28,790 - INFO - 🔍 Starting enrichment for new sponsors...
2025-05-28 01:32:28,790 - INFO - 🔍 Starting enrichment for new sponsors...
2025-05-28 01:32:28,950 - INFO - ✅ Enriched 1842 companies successfully.
2025-05-28 01:32:28,950 - INFO - ✅ Enriched 1842 companies successfully.
2025-05-28 01:32:28,950 - INFO - 📧 Sending outreach emails
2025-05-28 01:32:28,950 - INFO - 📧 Sending outreach emails
2025-05-28 01:32:28,951 - INFO - 🔄 Syncing with Salesforce
2025-05-28 01:32:28,951 - INFO - 🔄 Syncing with Salesforce
2025-05-28 01:32:28,952 - INFO - 🏁 Pipeline completed in 0.17 minutes
2025-05-28 01:32:28,952 - INFO - 🏁 Pipeline completed in 0.17 minutes
2025-05-28 01:33:19,041 - INFO - Logger set up successfully!
2025-05-28 01:33:19,041 - INFO - Logger set up successfully!
2025-05-28 01:33:19,041 - INFO - Logger set up successfully!
2025-05-28 01:33:19,041 - INFO - 🚀 Starting UK Sponsor Reach daily pipeline
2025-05-28 01:33:19,041 - INFO - 🚀 Starting UK Sponsor Reach daily pipeline
2025-05-28 01:33:19,041 - INFO - ⬇️ Downloading latest sponsor CSV
2025-05-28 01:33:19,041 - INFO - ⬇️ Downloading latest sponsor CSV
2025-05-28 01:33:19,041 - INFO - 🔍 Preprocessing and comparing with previous data
2025-05-28 01:33:19,041 - INFO - 🔍 Preprocessing and comparing with previous data
2025-05-28 01:33:38,974 - INFO - Logger set up successfully!
2025-05-28 01:33:38,974 - INFO - Logger set up successfully!
2025-05-28 01:33:38,974 - INFO - Logger set up successfully!
2025-05-28 01:33:38,974 - INFO - 🚀 Starting UK Sponsor Reach daily pipeline
2025-05-28 01:33:38,974 - INFO - 🚀 Starting UK Sponsor Reach daily pipeline
2025-05-28 01:33:38,974 - INFO - ⬇️ Downloading latest sponsor CSV
2025-05-28 01:33:38,974 - INFO - ⬇️ Downloading latest sponsor CSV
2025-05-28 01:33:38,975 - INFO - 🔍 Preprocessing and comparing with previous data
2025-05-28 01:33:38,975 - INFO - 🔍 Preprocessing and comparing with previous data
2025-05-28 01:33:42,226 - INFO - 🎯 Found 1842 new sponsors
2025-05-28 01:33:42,226 - INFO - 🎯 Found 1842 new sponsors
2025-05-28 01:34:21,358 - INFO - Logger set up successfully!
2025-05-28 01:34:21,358 - INFO - Logger set up successfully!
2025-05-28 01:34:21,358 - INFO - Logger set up successfully!
2025-05-28 01:34:21,358 - INFO - 🚀 Starting UK Sponsor Reach daily pipeline
2025-05-28 01:34:21,358 - INFO - 🚀 Starting UK Sponsor Reach daily pipeline
2025-05-28 01:34:21,358 - INFO - ⬇️ Downloading latest sponsor CSV
2025-05-28 01:34:21,358 - INFO - ⬇️ Downloading latest sponsor CSV
2025-05-28 01:34:21,359 - INFO - 🔍 Preprocessing and comparing with previous data
2025-05-28 01:34:21,359 - INFO - 🔍 Preprocessing and comparing with previous data
2025-05-28 01:34:24,633 - INFO - 🎯 Found 1842 new sponsors
2025-05-28 01:34:24,633 - INFO - 🎯 Found 1842 new sponsors
2025-05-28 01:34:24,634 - INFO - ✨ Enriching new sponsor data
2025-05-28 01:34:24,634 - INFO - ✨ Enriching new sponsor data
2025-05-28 01:34:24,634 - INFO - 🏁 Pipeline completed in 0.05 minutes
2025-05-28 01:34:24,634 - INFO - 🏁 Pipeline completed in 0.05 minutes
2025-05-28 01:34:37,420 - INFO - Logger set up successfully!
2025-05-28 01:34:37,421 - INFO - Logger set up successfully!
2025-05-28 01:34:37,421 - INFO - Logger set up successfully!
2025-05-28 01:34:37,421 - INFO - 🚀 Starting UK Sponsor Reach daily pipeline
2025-05-28 01:34:37,421 - INFO - 🚀 Starting UK Sponsor Reach daily pipeline
2025-05-28 01:34:37,421 - INFO - ⬇️ Downloading latest sponsor CSV
2025-05-28 01:34:37,421 - INFO - ⬇️ Downloading latest sponsor CSV
2025-05-28 01:34:37,421 - INFO - 🔍 Preprocessing and comparing with previous data
2025-05-28 01:34:37,421 - INFO - 🔍 Preprocessing and comparing with previous data
2025-05-28 01:34:40,385 - INFO - 🎯 Found 1842 new sponsors
2025-05-28 01:34:40,385 - INFO - 🎯 Found 1842 new sponsors
2025-05-28 01:34:40,386 - INFO - ✨ Enriching new sponsor data
2025-05-28 01:34:40,386 - INFO - ✨ Enriching new sponsor data
2025-05-28 01:34:40,386 - INFO - 🔍 Starting enrichment for new sponsors...
2025-05-28 01:34:40,386 - INFO - 🔍 Starting enrichment for new sponsors...
2025-05-28 01:34:40,413 - INFO - ✅ Enriched 1842 companies successfully.
2025-05-28 01:34:40,413 - INFO - ✅ Enriched 1842 companies successfully.
2025-05-28 01:34:40,413 - INFO - 🏁 Pipeline completed in 0.05 minutes
2025-05-28 01:34:40,413 - INFO - 🏁 Pipeline completed in 0.05 minutes
2025-05-28 01:35:05,490 - INFO - Logger set up successfully!
2025-05-28 01:35:05,490 - INFO - Logger set up successfully!
2025-05-28 01:35:05,490 - INFO - Logger set up successfully!
2025-05-28 01:35:05,490 - INFO - 🚀 Starting UK Sponsor Reach daily pipeline
2025-05-28 01:35:05,490 - INFO - 🚀 Starting UK Sponsor Reach daily pipeline
2025-05-28 01:35:05,490 - INFO - ⬇️ Downloading latest sponsor CSV
2025-05-28 01:35:05,490 - INFO - ⬇️ Downloading latest sponsor CSV
2025-05-28 01:35:05,490 - INFO - 🔍 Preprocessing and comparing with previous data
2025-05-28 01:35:05,490 - INFO - 🔍 Preprocessing and comparing with previous data
2025-05-28 01:35:08,873 - INFO - 🎯 Found 1842 new sponsors
2025-05-28 01:35:08,873 - INFO - 🎯 Found 1842 new sponsors
2025-05-28 01:35:08,873 - INFO - ✨ Enriching new sponsor data
2025-05-28 01:35:08,873 - INFO - ✨ Enriching new sponsor data
2025-05-28 01:35:08,873 - INFO - 🔍 Starting enrichment for new sponsors...
2025-05-28 01:35:08,873 - INFO - 🔍 Starting enrichment for new sponsors...
2025-05-28 01:35:08,900 - INFO - ✅ Enriched 1842 companies successfully.
2025-05-28 01:35:08,900 - INFO - ✅ Enriched 1842 companies successfully.
2025-05-28 01:35:08,900 - INFO - 📧 Sending outreach emails
2025-05-28 01:35:08,900 - INFO - 📧 Sending outreach emails
2025-05-28 01:35:08,901 - INFO - 🔄 Syncing with Salesforce
2025-05-28 01:35:08,901 - INFO - 🔄 Syncing with Salesforce
2025-05-28 01:35:08,901 - INFO - 🏁 Pipeline completed in 0.06 minutes
2025-05-28 01:35:08,901 - INFO - 🏁 Pipeline completed in 0.06 minutes
2025-05-28 01:35:22,301 - INFO - Logger set up successfully!
2025-05-28 01:35:22,302 - INFO - Logger set up successfully!
2025-05-28 01:35:22,302 - INFO - Logger set up successfully!
2025-05-28 01:35:22,302 - INFO - 🚀 Starting UK Sponsor Reach daily pipeline
2025-05-28 01:35:22,302 - INFO - 🚀 Starting UK Sponsor Reach daily pipeline
2025-05-28 01:35:22,302 - INFO - ⬇️ Downloading latest sponsor CSV
2025-05-28 01:35:22,302 - INFO - ⬇️ Downloading latest sponsor CSV
2025-05-28 01:35:22,302 - INFO - 🔍 Preprocessing and comparing with previous data
2025-05-28 01:35:22,302 - INFO - 🔍 Preprocessing and comparing with previous data
2025-05-28 01:35:25,735 - INFO - 🎯 Found 1842 new sponsors
2025-05-28 01:35:25,735 - INFO - 🎯 Found 1842 new sponsors
2025-05-28 01:35:25,735 - INFO - ✨ Enriching new sponsor data
2025-05-28 01:35:25,735 - INFO - ✨ Enriching new sponsor data
2025-05-28 01:35:25,736 - INFO - 🔍 Starting enrichment for new sponsors...
2025-05-28 01:35:25,736 - INFO - 🔍 Starting enrichment for new sponsors...
2025-05-28 01:35:25,766 - INFO - ✅ Enriched 1842 companies successfully.
2025-05-28 01:35:25,766 - INFO - ✅ Enriched 1842 companies successfully.
2025-05-28 01:35:25,766 - INFO - 📧 Sending outreach emails
2025-05-28 01:35:25,766 - INFO - 📧 Sending outreach emails
2025-05-28 01:35:25,766 - INFO - 🔄 Syncing with Salesforce
2025-05-28 01:35:25,766 - INFO - 🔄 Syncing with Salesforce
2025-05-28 01:35:25,766 - INFO - 🏁 Pipeline completed in 0.06 minutes
2025-05-28 01:35:25,766 - INFO - 🏁 Pipeline completed in 0.06 minutes
