Organisation Name,Town/City,County,Type & Rating,Route
1 Step Beyond Support Ltd,Cannock,Staffordshire,Worker (A rating),Skilled Worker
10 Dining Street Limited,Oakham,Unknown,Worker (A rating),Skilled Worker
1512 Limited T/A Agassociates,Wallington,Surrey,Worker (A rating),Skilled Worker
17 Capital Services Ltd,London,Unknown,Worker (A rating),Global Business Mobility: Senior or Specialist Worker
1St Class Care Solutions Limited,Livingston,Unknown,Worker (A rating),Skilled Worker
1St Transport Innovation (Reading) Ltd, Reading,Unknown,Worker (A rating),Skilled Worker
23 Architecture Ltd,London,Unknown,Worker (A rating),Skilled Worker
25-28 Limited,London,Unknown,Worker (A rating),Skilled Worker
3 Em Limited,Luton,Unknown,Worker (A rating),Skilled Worker
4 Seasons Inn Limited,Manchester,Unknown,Worker (A rating),Skilled Worker
4J'S Educational Academy Ltd,Peterborough,Cambridgeshire,Worker (A rating),Skilled Worker
5 Star Dessert Confectionery Ltd T/A Treatz Dessert Parlour Wembley,Wembley Park,Unknown,Worker (A rating),Skilled Worker
5 Star Plastics Ltd,Camberley,Unknown,Worker (A rating),Skilled Worker
6Soft Ltd,Barking,Unknown,Worker (A rating),Skilled Worker
A & A Halal Meat,keighley,Unknown,Worker (A rating),Skilled Worker
A&B Engineering (Mechanical Service Division) Limited,Liverpool,Unknown,Worker (A rating),Skilled Worker
"A&M Catering Services Ltd, T/A  A&M Catering",Chelmsford,Unknown,Worker (A rating),Skilled Worker
A. L. Sayers (Holbeton) Limited,Plymouth,Devon,Worker (A rating),Skilled Worker
A.G.G. (Coventry) Limited,Coventry,West Midlands,Worker (A rating),Skilled Worker
A.Mccrea And Sons Ltd,Stewartstown,Tyrone,Worker (A rating),Skilled Worker
A1 And Eden Cars Ltd,Weybridge,Unknown,Worker (A rating),Skilled Worker
A2Z Autoworks Ltd T/A Slough Car Garage,Slough,Unknown,Worker (A rating),Skilled Worker
A40 Motors Limited,Buckinghamshire,Unknown,Worker (A rating),Skilled Worker
Aaa Homecare Limited,Billingham,Unknown,Worker (A rating),Skilled Worker
Aaziz &Co Ltd,London,Unknown,Worker (A rating),Skilled Worker
Abacus Ark,London,Unknown,Worker (A rating),Skilled Worker
Abeera Investment Limited,Preston,Unknown,Worker (A rating),Skilled Worker
Abhinav Constructions Ltd,Bedworth,Unknown,Worker (A rating),Skilled Worker
Abis Cash & Carry Limited,London,Unknown,Worker (A rating),Skilled Worker
Absolute Strategy Research Ltd,London,Unknown,Worker (A rating),Skilled Worker
Absorb Software Uk Ltd,Huntingdon,Cambridgeshire,Worker (A rating),Skilled Worker
Accertify (Uk) Limited,London,Unknown,Worker (A rating),Global Business Mobility: Senior or Specialist Worker
Accertify (Uk) Limited,London,Unknown,Worker (A rating),Skilled Worker
Accomar Global Ltd,London,Unknown,Worker (A rating),Skilled Worker
Acc-Sel Genetics Limited,North Road,Ellemere Port,Worker (A rating),Skilled Worker
Ace Analytics Limited,London,Unknown,Worker (A rating),Skilled Worker
Acier Global Ltd,London,Unknown,Worker (A rating),Skilled Worker
Active Social Care Limited,Huddersfield,West Yorkshire,Worker (A rating),Skilled Worker
Ad Architects,Hertford,Unknown,Worker (A rating),Skilled Worker
Ad Implant.Com Limited T/A Dental Implant Centre,Reading,Unknown,Worker (A rating),Skilled Worker
Adams Farming Limited,STRANGFORD,DOWN,Worker (A rating),Skilled Worker
Adaptos Ltd/ Ta Sonder,Warwick,Warwickshire,Worker (A rating),Skilled Worker
Adda Ghar Ltd,London,England,Worker (A rating),Skilled Worker
Addguests Ltd,London,Unknown,Worker (A rating),Skilled Worker
Adia Thermal Ltd.,London,Westminster,Worker (A rating),Skilled Worker
Adios London Ltd,London,Unknown,Worker (A rating),Skilled Worker
Adorai Limited,Harrow,Unknown,Worker (A rating),Skilled Worker
Adore Designs Yorkshire Limited,Batley,"West Yorkshire,",Worker (A rating),Skilled Worker
Advent Estates Ltd T/A Field Farm House Residential Home,Herefordshire,Unknown,Worker (A rating),Skilled Worker
Aes Oxf St Limited,London,Unknown,Worker (A rating),Skilled Worker
Aevitus Care Services Limited,Warminster,Wiltshire,Worker (A rating),Skilled Worker
Afgroman33 Ltd,LONDON,Unknown,Worker (A rating),Skilled Worker
Afin Bank Limited,London,Unknown,Worker (A rating),Skilled Worker
Afridi Enterprises Ltd T/A London Butchers & Grocers,London,England,Worker (A rating),Skilled Worker
Agility3 Limited,Hitchin,Hertfordshire,Worker (A rating),Skilled Worker
Agricyclers Ltd,Birmingham,Unknown,Worker (A rating),Skilled Worker
Ags & Accountancy Ltd,Harrow,Unknown,Worker (A rating),Skilled Worker
Ah&Co Accountant Limited,Bury,Lancashire,Worker (A rating),Skilled Worker
Aimsecurity Uk Ltd,London,Unknown,Worker (A rating),Skilled Worker
Airdrie Cards And Gifts Ltd T/A Card Depot,Airdrie,Unknown,Worker (A rating),Skilled Worker
Airship Interactive Ltd,Macclesfield,Unknown,Worker (A rating),Skilled Worker
Aisha Catering Ltd,Leeds,West Yorkshire,Worker (A rating),Skilled Worker
Aj Glam Studio Ltd,Smallbridge,Greater Manchester,Worker (A rating),Skilled Worker
Aj19 Limited,Dartford,Kent,Worker (A rating),Skilled Worker
Aka Services Solutions Ltd,Hemel Hempstead,Unknown,Worker (A rating),Skilled Worker
Akas 23 Limited,Oakham,UNITED KINGDOM,Worker (A rating),Skilled Worker
Akt Uk&I Limited,London,Unknown,Worker (A rating),Skilled Worker
Akuk Enterprise Limited,Greenford,London,Worker (A rating),Skilled Worker
Al Fatah Foods Ltd,Oldham,Greater Manchester,Worker (A rating),Skilled Worker
Al Mesbar Studies & Research Center Uk Ltd,LONDON,Unknown,Worker (UK Expansion Worker: Provisional),Global Business Mobility: UK Expansion Worker
Al Saad Traders Ltd,Luton,Unknown,Worker (A rating),Skilled Worker
Al Saboor Travels Uk Ltd,Ilford,Unknown,Worker (A rating),Skilled Worker
Al Sahara Limited,London,Unknown,Worker (A rating),Skilled Worker
Al Shaibi Ltd,Birkenhead,Unknown,Worker (A rating),Skilled Worker
Ala-Ud-Din Mohammad Rajput Ta Kingfisher Dental Surgey,Redditch,Worcestershire,Worker (A rating),Skilled Worker
Alba Beds Limited,Barking,Unknown,Worker (A rating),Skilled Worker
Aldeburgh Vets Ltd,Hacheston,Suffolk,Worker (A rating),Skilled Worker
Alees Tropical Rags Ltd,Smethwick,West Midlands,Worker (A rating),Skilled Worker
Alex Building Services (Uk) Limited,London,Unknown,Worker (A rating),Skilled Worker
Alex Car Electric And Mechanical Ltd,Bristol,Unknown,Worker (A rating),Skilled Worker
Alexander Maltby Ltd,LONDON,london,Worker (A rating),Skilled Worker
Alexander Wallace Healthcare Ltd,MARGATE,Unknown,Worker (A rating),Skilled Worker
Alfa Energy Limited,London,Unknown,Worker (A rating),Global Business Mobility: Senior or Specialist Worker
Alfa Energy Limited,London,Unknown,Worker (A rating),Skilled Worker
Alfasigma Uk Limited,Cambridge,Cambridgeshire,Worker (A rating),Global Business Mobility: Senior or Specialist Worker
Alfasigma Uk Limited,Cambridge,Cambridgeshire,Worker (A rating),Skilled Worker
Ali Halal Meat & Fish Ltd,London,Unknown,Worker (A rating),Skilled Worker
Alice Naylor-Leyland Ltd,Lynch Wood,Unknown,Worker (A rating),Skilled Worker
Alicis London Limited,London,Unknown,Worker (A rating),Skilled Worker
Alium Consultancy Ltd,London,"London, City of",Worker (A rating),Skilled Worker
Aliviar Financial Ltd,Welwyn Garden City,Hertfordshire,Worker (A rating),Skilled Worker
All Stars Child Care Services Ltd,Liversedge,United Kingdom,Worker (A rating),Skilled Worker
All Starz Kitchen Limited,London,Unknown,Worker (A rating),Skilled Worker
Almo Financials Limited,Huddersfield,Unknown,Worker (A rating),Skilled Worker
Al-Mujammil Fragrance Ltd,Preston,Unknown,Worker (A rating),Skilled Worker
Almys Autos Limited,West Drayton,Unknown,Worker (A rating),Skilled Worker
Alpha Net It Limited,Livingstone,Unknown,Worker (A rating),Skilled Worker
Alpine Health Care Limited,Bridlington,East Yorkshire,Worker (A rating),Skilled Worker
Alva Coachwork Ltd,London,Unknown,Worker (A rating),Skilled Worker
Am Insights Technology Limited,London,Unknown,Worker (A rating),Skilled Worker
Ama Leaders Ltd,Shifnal,Unknown,Worker (A rating),Skilled Worker
Amaan Trading Limited,Luton,Unknown,Worker (A rating),Skilled Worker
Amazing Drylining Uk Ltd,london,Unknown,Worker (A rating),Skilled Worker
Amb Supermarket Ltd,Southampton,Unknown,Worker (A rating),Skilled Worker
Ambershire Ltd,Dunmow,Essex,Worker (A rating),Skilled Worker
Amina'S Collection Ltd,London,Unknown,Worker (A rating),Skilled Worker
Amnah Limited,Swindon,Unknown,Worker (A rating),Skilled Worker
Amperity Uk Limited,London,Unknown,Worker (A rating),Global Business Mobility: Senior or Specialist Worker
Amperity Uk Limited,London,Unknown,Worker (A rating),Skilled Worker
Anaaya Ltd T/A Go Local Extra,Rainworth,Unknown,Worker (A rating),Skilled Worker
Anahad Kirtan Society,London,Unknown,Worker (A rating),Skilled Worker
Anchor Financial Advisory Limited,Southampton,Unknown,Worker (A rating),Skilled Worker
Andora Group Ltd,London,Unknown,Worker (A rating),Skilled Worker
Andrew Witherow Fencing,STRABANE,TYRONE,Worker (A rating),Skilled Worker
Angeion Group International,London,Unknown,Worker (A rating),Global Business Mobility: Senior or Specialist Worker
Angeion Group International,London,Unknown,Worker (A rating),Skilled Worker
Angel Traders Ne Ltd,Gateshead,Unknown,Worker (A rating),Skilled Worker
Angelena Fishing Limited,BRIXHAM,Unknown,Worker (A rating),Skilled Worker
Anh Care Homes Ltd,Saint Austell,Unknown,Worker (A rating),Skilled Worker
Antony  Co Accountants Ltd,Sutton Coldfield,Please select,Worker (A rating),Skilled Worker
Anything Is Possible,brighton,Unknown,Worker (A rating),Skilled Worker
Apache Pizza (Banbridge) Limited,Banbridge,Unknown,Worker (A rating),Skilled Worker
Apex Global Consulting Services Limited,Ilford London,Unknown,Worker (A rating),Skilled Worker
Apna Punjab Sweet Centre Ltd,Leicester,Unknown,Worker (A rating),Skilled Worker
Apos Solutions Limited,Harrow,Unknown,Worker (A rating),Skilled Worker
Apply Mobile Limited,Northwich,Cheshire,Worker (A rating),Skilled Worker
Apposite Capital Llp,London,Unknown,Worker (A rating),Skilled Worker
Apricot It Limited,Surbiton,Unknown,Worker (A rating),Skilled Worker
Apz Food Limited,London,Unknown,Worker (A rating),Skilled Worker
Aqua Fresh Produce Limited,Southall,Unknown,Worker (A rating),Skilled Worker
Aquevo Ltd,London,Unknown,Worker (A rating),Skilled Worker
Ar Civils Ltd,Southall,Unknown,Worker (A rating),Skilled Worker
Ar Fm Ltd,Birmingham,Unknown,Worker (A rating),Skilled Worker
Arbat Capital Advisory Services Ltd,London,Unknown,Worker (A rating),Skilled Worker
Arbrack Farming Co,Newton Stewart,Unknown,Worker (A rating),Skilled Worker
Archaeological Management Solutions Ltd (Ams),"York,",Unknown,Worker (A rating),Skilled Worker
Archimydes Pvt Ltd,Alton,Unknown,Worker (A rating),Global Business Mobility: Senior or Specialist Worker
Archimydes Pvt Ltd,Alton,Unknown,Worker (A rating),Skilled Worker
Archway Medical Centre,London,Unknown,Worker (A rating),Skilled Worker
Arcola Products Limited,Sittingbourne,Kent,Worker (A rating),Skilled Worker
Ardale (Welwyn Grange) Ltd,Welwyn Garden City,Hertfordshire,Worker (A rating),Skilled Worker
Arden Associates (Ifa) Llp,Droitwich,Worcestershire,Worker (A rating),Skilled Worker
Arden Photonics Limited,Solihull,Unknown,Worker (A rating),Skilled Worker
Aria Intelligent Solutions Limited,Oldham,Unknown,Worker (A rating),Global Business Mobility: Senior or Specialist Worker
Aria Intelligent Solutions Limited,Oldham,Unknown,Worker (A rating),Skilled Worker
Arian.S.C Limited,Leicester,United Kingdom,Worker (A rating),Skilled Worker
Armodias Ltd,Northampton,Unknown,Worker (A rating),Skilled Worker
Armour Security Group (Uk) Ltd,LONDON,ESSEX,Worker (A rating),Skilled Worker
Artelium Limited,Hassocks,Unknown,Worker (A rating),Skilled Worker
Artemis Energy Limited,London,Unknown,Worker (A rating),Skilled Worker
Artistic Beauty Clinic Ltd,Southampton,Unknown,Worker (A rating),Skilled Worker
Aruloli Ltd,Carshalton,Unknown,Worker (A rating),Skilled Worker
Asc Technology Limited,Trafford,Unknown,Worker (A rating),Skilled Worker
Ash Court Community Limited T/A Ash Court Care Centre,London,Unknown,Worker (A rating),Skilled Worker
Ashgrove Motor Body Co Ltd,Elgin,- select -,Worker (A rating),Skilled Worker
Ashley Lodge,BIRMINGHAM,Unknown,Worker (A rating),Skilled Worker
Ashridge Court Care Centre,Bexhill-on-Sea,East Sussex,Worker (A rating),Skilled Worker
A-Side Designlimited,Redruth,Cornwall,Worker (A rating),Skilled Worker
Aslam Ghumman And Sons,Armagh,Unknown,Worker (A rating),Skilled Worker
Asmaira Food Ltd,Northern Ireland,Unknown,Worker (A rating),Skilled Worker
Assistplus,Bristol,South Gloucestershire,Temporary Worker (A rating),Charity Worker
Associated Stone Group Ltd,Charlton,Unknown,Worker (A rating),Skilled Worker
Assured Building Contractors (Scotland) Limited,"Airdrie,,",Unknown,Worker (A rating),Skilled Worker
Astrid & Miyu Ltd,London,Unknown,Worker (A rating),Skilled Worker
Astronautx Limited,London,Unknown,Worker (A rating),Skilled Worker
Ategi Limited,RHYDYFELIN,PONTYPRIDD,Worker (A rating),Skilled Worker
Atlantic Cooling Limited,Bolton,Unknown,Worker (A rating),Skilled Worker
Atlantis Building Supplies Ltd,Reading,Berkshire,Worker (A rating),Skilled Worker
Atrium Events Llp,Purley,Unknown,Worker (A rating),Skilled Worker
Aura Beauty & Aesthetics Whiteley Ltd,Whiteley,Fareham,Worker (A rating),Skilled Worker
Aureos Energy Limited,Cheshire,Unknown,Worker (A rating),Skilled Worker
Austability Group,London,Unknown,Worker (A rating),Global Business Mobility: Senior or Specialist Worker
Austability Group,London,Unknown,Worker (A rating),Skilled Worker
Auto Mall Ltd,Dunstable,Unknown,Worker (A rating),Skilled Worker
Auto West London Limited,LONDON,Unknown,Worker (A rating),Skilled Worker
Av Support 247 Limited,Leeds,Unknown,Worker (A rating),Skilled Worker
Ava Softech Ltd T/A Aqalax Renewable Energy Solutions,Sheffield,Unknown,Worker (A rating),Skilled Worker
Avb Enterprises Ltd T/As Hamylton Childrens Homes,Leicester,Unknown,Worker (A rating),Skilled Worker
Avni Sub Ltd T/A Subway,Eastleigh,Unknown,Worker (A rating),Skilled Worker
Avra Greek Cuisine Ltd,Sutton,Surrey,Worker (A rating),Skilled Worker
Avrin Pharma Ltd, Liverpool,Unknown,Worker (A rating),Skilled Worker
Avt Ltd,Brighton,East Sussex,Worker (A rating),Skilled Worker
Awan Travels Ltd,Birmingham,Unknown,Worker (A rating),Skilled Worker
Awh Pen Limited,Flint,Unknown,Worker (A rating),Skilled Worker
Axelera Ai Uk,Bristol,Unknown,Worker (A rating),Skilled Worker
Axiom Technologies Pty Ltd,Crawley,West Sussex,Worker (A rating),Skilled Worker
Azores Management Limited,Thame,Unknown,Worker (A rating),Skilled Worker
Azure Tech Ltd,London,Unknown,Worker (A rating),Skilled Worker
B Dhanda Ltd,Gravesend,Unknown,Worker (A rating),Skilled Worker
B J Stores Ltd, LEICESTER,Unknown,Worker (A rating),Skilled Worker
B Mccaffrey & Sons Limited,Derrylin,Fermanagh,Worker (A rating),Skilled Worker
B S Equestrian,Chippenham,Wiltshire,Worker (A rating),Skilled Worker
B&M Stores Ltd,Glasgow,Unknown,Worker (A rating),Skilled Worker
B&S Group Limited,Chester,Cheshire,Worker (A rating),Skilled Worker
"B.A.I (Uk), Limited",Plymouth,PL13EW,Worker (A rating),Global Business Mobility: Senior or Specialist Worker
"B.A.I (Uk), Limited",Plymouth,PL13EW,Worker (A rating),Skilled Worker
Babooji South Limited,Eastleigh,Hampshire,Worker (A rating),Skilled Worker
Baditech Engineering And Consultancy Ltd,NEWARK,Unknown,Worker (A rating),Skilled Worker
Bags Junction Ltd,Birmingham,Unknown,Worker (A rating),Skilled Worker
Bahia 1 Ltd,Slough,Unknown,Worker (A rating),Skilled Worker
Bakers Arms Food And Wine,London,Unknown,Worker (A rating),Skilled Worker
Baller League International Limited,London,Unknown,Worker (A rating),Skilled Worker
Bambers Farm Ltd,LANCASTER,Unknown,Worker (A rating),Skilled Worker
Banchory Home Store,Banchory,Unknown,Worker (A rating),Skilled Worker
Bangla Leaf Ltd,Colwyn Bay,Unknown,Worker (A rating),Skilled Worker
Bank Sepah International Plc,London,Unknown,Worker (A rating),Skilled Worker
Bansubs Ltd T/A Subway,Banbury,Oxfordshire,Worker (A rating),Skilled Worker
Barcant Beardon Limited,London,Unknown,Worker (A rating),Skilled Worker
Bargoed Service Station Limited T/A Bargoed Service Station,Bargoed,Unknown,Worker (A rating),Skilled Worker
Barton Legal Limited,Leeds,West Yorkshire,Worker (A rating),Skilled Worker
Basinghall Partners Limited,London,Unknown,Worker (A rating),Skilled Worker
Baslaw Consulting Services Ltd,Sutton Coldfield,Unknown,Worker (A rating),Skilled Worker
Bauddha Ltd,Watford,Unknown,Worker (A rating),Skilled Worker
Bd Tax Solutions Ltd,Loughborough,Unknown,Worker (A rating),Skilled Worker
Bdi Security Solutions Ltd,Huntingdon,Cambridgeshire,Worker (A rating),Skilled Worker
Beatson Clark Ltd,Rotherham,South Yorkshire,Worker (A rating),Skilled Worker
Beaulieu Dental,Chelmsford,Essex,Worker (A rating),Skilled Worker
Beigel & Beverage House Ltd,London,England,Worker (A rating),Skilled Worker
Belgravia Concierge & Consulting Ltd,London,Unknown,Worker (A rating),Skilled Worker
Bell Soft Ltd,Maidenhead,England,Worker (A rating),Skilled Worker
Belmont Healthcare (Murdoch) Limited,Redditch,Worcestershir,Worker (A rating),Skilled Worker
Belmont Healthcare (Woodbury) Limited,Redditch,Worcestershir,Worker (A rating),Skilled Worker
Benedetti Architects Limited,London,Unknown,Worker (A rating),Skilled Worker
Bengal Food And Leisure Ltd T/A The New Bengal,GOSPORT,Unknown,Worker (A rating),Skilled Worker
Benifex Ltd,Southampton,Hampshire,Worker (A rating),Skilled Worker
Bespoke Events London Limited,London,Unknown,Worker (A rating),Skilled Worker
Best Group Of Companies Ltd,Barking,Unknown,Worker (A rating),Skilled Worker
Bestasia International Pvt Limited,Mitcham,Unknown,Worker (A rating),Skilled Worker
Betfair Limited,London,Unknown,Worker (A rating),Skilled Worker
Betfair Limited,London,Unknown,Worker (A rating),Global Business Mobility: Senior or Specialist Worker
Beviqua Ltd,Dartford,Kent,Worker (A rating),Skilled Worker
Beyond Holdings Limited,Newmarket,Unknown,Worker (A rating),Skilled Worker
Bfs Group Limited,Slough,Unknown,Worker (A rating),Skilled Worker
Bibi Restaurants Limited,London,Unknown,Worker (A rating),Skilled Worker
Big Red House Services Limited,London,Unknown,Worker (A rating),Skilled Worker
Bigbuk Limited T/A Eggfree Cakebox,STOKE-ON-TRENT,STAFFORDSHIRE,Worker (A rating),Skilled Worker
Biggs Beit Ltd Ta Biggs Healthcare,DUNSTABLE,Bedfordshire,Worker (A rating),Skilled Worker
Bilberry Technologies Ltd T/A Adclear,London,Unknown,Worker (A rating),Skilled Worker
Binboga Ltd,ILFORD,ESSEX,Worker (A rating),Skilled Worker
Bioline Agrosciences Ltd.,Little Clacton,Essex,Worker (A rating),Global Business Mobility: Senior or Specialist Worker
Bioline Agrosciences Ltd.,Little Clacton,Essex,Worker (A rating),Skilled Worker
B'Iota Laboratories Uk Ltd,London,Unknown,Worker (UK Expansion Worker: Provisional),Global Business Mobility: UK Expansion Worker
Biotronics 3D Limited,London,Unknown,Worker (A rating),Skilled Worker
Bir Contractors Ltd,London,"Barking,",Worker (A rating),Skilled Worker
Birchwood Medical Practice,Norwich,Norfolk,Worker (A rating),Skilled Worker
Birmingham Airport,Birmingham,West Midlands,Worker (A rating),Skilled Worker
Birmingham Clinic Group T/A Central Clinic,Oldbury,West Midlands,Worker (A rating),Skilled Worker
Black & Brown Dental Limited,Dunfermline,Fife,Worker (A rating),Skilled Worker
Black Bull Fitness Limited,Huddersfield,West Yorkshire,Worker (B rating),Skilled Worker
Black Sea Contracting Limited,Hayes,Unknown,Worker (A rating),Skilled Worker
Blackburn Property Management Ltd,Blackburn,Lancashire,Worker (A rating),Skilled Worker
Blackwater Tech Ltd,London,Unknown,Worker (A rating),Skilled Worker
Blessing Kuldevta Limited T/A Bukharaa The Street Zaika,Stockport,Cheshire,Worker (A rating),Skilled Worker
Bloom Solihull Ltd,Solihull,West Midlands,Worker (A rating),Skilled Worker
Bloxd Ltd,London,Unknown,Worker (A rating),Skilled Worker
Blue Beans Inc Ltd,Patchway,Bristol,Worker (A rating),Skilled Worker
Blue Check,"Wembley, Middlesex",Unknown,Worker (A rating),Skilled Worker
Blue Leone Ltd,Cambridge,Unknown,Worker (A rating),Skilled Worker
Blue Matter Consulting Ltd,London,Unknown,Worker (A rating),Global Business Mobility: Senior or Specialist Worker
Bluemax Technology Support Ltd.,Cambridge,Cambridgeshire,Worker (A rating),Skilled Worker
Bluezone Care,Basingstoke,Hampshire,Worker (A rating),Skilled Worker
Blutech Uki Ltd,London,Unknown,Worker (A rating),Skilled Worker
Bma Marketing Limited,London,Unknown,Worker (A rating),Skilled Worker
Bntl Care Limited T/A Summerdale Court Care Home,London,London,Worker (A rating),Skilled Worker
Bnxa Uk Holding Limited,London,Unknown,Worker (A rating),Skilled Worker
Boldt Limited,London,Unknown,Worker (A rating),Skilled Worker
Bonbonnews Ltd,London,Unknown,Worker (A rating),Skilled Worker
Bonnie Isle Fishing Company Limited,Lerwick,Shetland,Worker (A rating),Skilled Worker
Bono56,Newcastle upon Tyne,Unknown,Worker (A rating),Skilled Worker
Book A Base Ltd,Liverpool,Merseyside,Worker (A rating),Skilled Worker
Bookshoppe Limited,London,Unknown,Worker (A rating),Global Business Mobility: Senior or Specialist Worker
Boomi Corporation Limited,London,Unknown,Worker (A rating),Global Business Mobility: Senior or Specialist Worker
Borough 22 Limited,London,Unknown,Worker (A rating),Skilled Worker
Bovis Construction (Europe) Limited,London,Unknown,Worker (A rating),Skilled Worker
Bow Admission Service Ltd,London,Unknown,Worker (A rating),Skilled Worker
Bpce Equipment Solutions Limited Uk,London,Unknown,Worker (A rating),Global Business Mobility: Senior or Specialist Worker
Bpce Equipment Solutions Limited Uk,London,Unknown,Worker (A rating),Skilled Worker
Brancaster Care Homes Limited,Warrington,Cheshire,Worker (A rating),Skilled Worker
Brands Konnect Limited,"Southgate, London, England",Unknown,Worker (A rating),Skilled Worker
Breakthrough Business System Limited,Maidenhead,Berkshire,Worker (A rating),Skilled Worker
Breen Sport Horses Limited,West Sussex,Unknown,Worker (A rating),Skilled Worker
Brevan Howard Asset Management Services Limited,LONDON,Unknown,Worker (A rating),Global Business Mobility: Senior or Specialist Worker
Brevan Howard Asset Management Services Limited,LONDON,Unknown,Worker (A rating),Skilled Worker
Bridges Forwarding Limited,London,Unknown,Worker (A rating),Skilled Worker
Bridgetown Store Limited,Totnes,Unknown,Worker (A rating),Skilled Worker
Bright Courtyard London Limited,London,Unknown,Worker (A rating),Global Business Mobility: Senior or Specialist Worker
Brighter Dawn Limited,Birmingham,Unknown,Worker (A rating),Skilled Worker
Brighter Pathways Nw Ltd,Ellesmere Port,Cheshire,Worker (A rating),Skilled Worker
Briink Intelligence Uk Ltd,London,Unknown,Worker (A rating),Skilled Worker
Brince Cleaning Services Limited,LONDON,Unknown,Worker (A rating),Skilled Worker
Brindle & Green,Ashbourne,Derbyshire,Worker (A rating),Skilled Worker
Bring Me Groceries Ltd Trading As Malabar Store,STOCKPORT,Unknown,Worker (A rating),Skilled Worker
Britannia Stafford Ltd,"Stafford, Staffordshire",Unknown,Worker (A rating),Skilled Worker
Brite Dental Edinburgh,EDINBURGH,Unknown,Worker (A rating),Skilled Worker
British Board Of Agrement,Watford,Hertfordshire,Worker (A rating),Skilled Worker
British Electric Lamps Ltd,Wakefield,West Yorkshire,Worker (A rating),Skilled Worker
Brooms Professional Services Limited,Benfleet,Essex,Worker (A rating),Skilled Worker
Brotton Convenience Store,Salten by the sea,Unknown,Worker (A rating),Skilled Worker
Brows & Beauty By Sayna,Bolton,Lancashire,Worker (A rating),Skilled Worker
Bru-Bar Limited,London,Unknown,Worker (A rating),Skilled Worker
Bruce M Ltd,Trumpington,Unknown,Worker (A rating),Skilled Worker
Bsm Cambridge Ltd,LONDON,Unknown,Worker (A rating),Skilled Worker
"Bubbly Gems Ltd, T//A, Bubbly Gems Nursery",Sunderland,Unknown,Worker (A rating),Skilled Worker
Buckland Post Office & Stores,Dover,Unknown,Worker (A rating),Skilled Worker
Building Performance Prediction Ltd T/A Bpp Energy,Belfast,Unknown,Worker (A rating),Skilled Worker
Burson Buchanan Limited,London,London,Worker (A rating),Skilled Worker
Bvs Legal Limited T/S Bvs Legal,LONDON,Unknown,Worker (A rating),Skilled Worker
Bw & Co (Uk) Limited,London,Unknown,Worker (A rating),Skilled Worker
Bywater Sfc Management Ltd T/A Bywater Properties,London,Unknown,Worker (A rating),Skilled Worker
C&R Design Ltd T/A Ama Consulting Engineers,Barnet,Unknown,Worker (A rating),Skilled Worker
Cabvision Network Limited,London,Unknown,Worker (A rating),Skilled Worker
Cad Architecture (Midlands) Ltd,Birmingham,West Midlands,Worker (A rating),Skilled Worker
Caerleon Hotels Limited,Caerleon,Newport,Worker (A rating),Skilled Worker
Cakebox Cranford Ltd Tas Egg Free Cake Box,Hounslow,Unknown,Worker (A rating),Skilled Worker
Caledonia Trawlers Ltd,Tarbert,Argyll,Worker (A rating),Skilled Worker
Calvary International Christian Centre,LEEDS,WEST YORKSHIRE,Temporary Worker (A rating),Charity Worker
Cambridge Energy Limited,Cambridge,Unknown,Worker (A rating),Skilled Worker
Camdenpick Neo Limited,Ely,Unknown,Worker (A rating),Skilled Worker
Capparelli Limited,Belfast,Unknown,Worker (A rating),Skilled Worker
Capricorn Studios Ltd,London,Unknown,Worker (A rating),Global Business Mobility: Senior or Specialist Worker
Capricorn Studios Ltd,London,Unknown,Worker (A rating),Skilled Worker
Cardiff Rugby Club Limited,Cardiff,Unknown,Worker (A rating),International Sportsperson
Cardiff Rugby Club Limited,Cardiff,Unknown,Worker (A rating),Skilled Worker
Cardo Group Limited,Cardiff,Unknown,Worker (A rating),Skilled Worker
Care Centre Inc Ltd,COVENTRY,Unknown,Worker (A rating),Skilled Worker
Care Label Ltd,Reading,Unknown,Worker (A rating),Skilled Worker
Care Management Solutions Ltd,Huddersfield,West Yorkshire,Worker (A rating),Skilled Worker
Care Managers Ltd,Cwmbran,Torfaen,Worker (A rating),Skilled Worker
Care More Limited,Sutton,Greater London,Worker (A rating),Skilled Worker
Caring@Home Ltd,Swindon,Wiltshire,Worker (A rating),Skilled Worker
Carlton House Residential Care Home Limited,Hatch-End,Middlesex,Worker (A rating),Skilled Worker
Caron Group Ltd,CARDIFF,Unknown,Worker (A rating),Skilled Worker
Carpetiers Limited,Wellingborough,Unknown,Worker (A rating),Skilled Worker
Cars In Mk Ltd,Milton Keynes,Milton Keynes,Worker (A rating),Skilled Worker
Castle Street Dental,Forfar,Angus,Worker (A rating),Skilled Worker
Cda Systems Limited,London,Unknown,Worker (A rating),Skilled Worker
Cdmx Guildford Ltd,Guilford,Unknown,Worker (A rating),Skilled Worker
Cedar Lawn Romsey Limited,LONDON,Unknown,Worker (A rating),Skilled Worker
Cede Technologies Ltd,Sheffield,England,Worker (A rating),Skilled Worker
Celestial Church Of Christ Victory Land Parish,Huddersfield,Unknown,Worker (A rating),Tier 2 Ministers of Religion
Celestial Church Of Christ Victory Land Parish,Huddersfield,Unknown,Temporary Worker (A rating),Charity Worker
Celine Interior Design Ltd,London,Unknown,Worker (A rating),Skilled Worker
Celtic Retail Limited,Edinburgh,Unknown,Worker (A rating),Skilled Worker
Center Healthcare Limited,South Croydon,Surrey,Worker (A rating),Skilled Worker
Centre For Good Relations Community Interest Company,Warrington,Cheshire,Worker (A rating),Skilled Worker
Centre Of Accountancy Careers & Training Ltd,London,Unknown,Worker (A rating),Skilled Worker
Certax Accounting Bristol Limited,Bristol,Unknown,Worker (A rating),Skilled Worker
Ceylo It Solutions Ltd,London,Unknown,Worker (A rating),Skilled Worker
Cg Partnership,Southampton,Hampshire,Worker (A rating),Skilled Worker
Cgi Axis Ltd,London,Unknown,Worker (A rating),Skilled Worker
Chambers Management,London,Unknown,Temporary Worker (A rating),Creative Worker
Chand Restaurants Ltd,Wembley,Middlesex,Worker (A rating),Skilled Worker
Chantuque (Uk) Limited (Registered Address),London,Unknown,Worker (A rating),Skilled Worker
Chapel Of His Glory,Glasgow,Unknown,Worker (A rating),Tier 2 Ministers of Religion
Chapel Of His Glory,Glasgow,Unknown,Worker (A rating),Skilled Worker
Charlotte Cave Limited,London,Unknown,Worker (A rating),Skilled Worker
Chase Joinery Contracts Ltd,London,Unknown,Worker (A rating),Skilled Worker
Chavereys Limited,Faversham,Kent,Worker (A rating),Skilled Worker
Chelham Healthcare Ltd T/A Rosedale Care Home,Luton,Unknown,Worker (A rating),Skilled Worker
Chelsfield Pharm Ltd,Orpington,Unknown,Worker (A rating),Skilled Worker
Cherry'S Health Care Limited,Northampton,Unknown,Worker (A rating),Skilled Worker
Chew Valley School,Bristol,Bath & North East Somerset,Worker (A rating),Skilled Worker
Chillichicks Tong Ltd,Bradford,Unknown,Worker (A rating),Skilled Worker
Chiltern Contracts Limited,Bedford,Unknown,Worker (A rating),Skilled Worker
Chongie Entertainment Uk Ltd,London,Unknown,Worker (A rating),Skilled Worker
Chorus Education Trust,Sheffield,South Yorkshire,Worker (A rating),Skilled Worker
Chrp-Europe Private Limited,London,Unknown,Worker (A rating),Skilled Worker
Church Green Dental Practice,WITNEY,OXFORDSHIRE,Worker (A rating),Skilled Worker
Cirs Service Management Ltd,LONDON,Unknown,Worker (A rating),Skilled Worker
Cisdi Uk Ltd,SHEFFIELD,Unknown,Worker (A rating),Skilled Worker
City College Stratford Community Interest Company,London,Unknown,Worker (A rating),Skilled Worker
City Cruises Limited,London,Unknown,Worker (A rating),Skilled Worker
City Health Clinic Limited,Edinburgh,Unknown,Worker (A rating),Skilled Worker
City Windows And Glass Ltd,Thornton Heath,Unknown,Worker (A rating),Skilled Worker
Cj Noah Ltd,Ely,England,Worker (A rating),Skilled Worker
Cjs Payroll Limited,STANMORE,MIDDLESEX,Worker (A rating),Skilled Worker
Ck Properties And Family Office Limited,LONDON,Unknown,Worker (A rating),Skilled Worker
Cl International Management (Uk) Limited,London,Unknown,Worker (A rating),Skilled Worker
Classical Numismatic Group Llc,London,Unknown,Worker (A rating),Global Business Mobility: Senior or Specialist Worker
Classical Numismatic Group Llc,London,Unknown,Worker (A rating),Skilled Worker
Clean Tech Events Ltd,Harrogate,Unknown,Worker (A rating),Skilled Worker
Clerkenwell Medical Practice,London,Unknown,Worker (A rating),Skilled Worker
Cloudsman It Solutions Limited,London,Unknown,Worker (A rating),Skilled Worker
Coal Aston Cricket Club,Dronfield,Derbyshire,Worker (A rating),International Sportsperson
Coastal Dental Laboratory,Truro,Cornwall,Worker (A rating),Skilled Worker
Cockrams Transport (Lincs) Limited,SPALDING,Unknown,Worker (A rating),Skilled Worker
Coco Crumbs Ltd T/As Les Filles Cafe,London,Unknown,Worker (A rating),Skilled Worker
Codeflex Ltd,Bristol,Unknown,Worker (A rating),Skilled Worker
Cogeo Planning & Environmental Services Ltd,Glasgow,Unknown,Worker (A rating),Skilled Worker
Colchester City Council,Colchester,Essex,Worker (A rating),Skilled Worker
Coldconnection Limited,Tyne And Wear,Unknown,Worker (A rating),Skilled Worker
Comfy Home Properties Ltd,Leicester,Unknown,Worker (A rating),Skilled Worker
Community Places Limited,Huddersfield,West Yorkshire,Worker (A rating),Skilled Worker
Concept Building Services (Southern) Ltd,Chichester,West Sussex,Worker (A rating),Skilled Worker
Connected Data Company Ltd,London,Unknown,Worker (A rating),Skilled Worker
Conserve Engineering Solutions Uk Ltd,Liverpool,Unknown,Worker (A rating),Skilled Worker
Consortium Maritime Trading Ltd,Bicester,Unknown,Worker (A rating),Skilled Worker
Constantinople Bistro Ltd,brighton,east sussex,Worker (A rating),Skilled Worker
Contemporary Design Solutions Llp,London,Unknown,Worker (A rating),Skilled Worker
Continental Uk Trading Limited,WIGAN,Unknown,Worker (A rating),Skilled Worker
Control Freaks Ltd,Spalding,Lincolnshire,Worker (A rating),Skilled Worker
Convenience Store Limited,Blackpool,Unknown,Worker (A rating),Skilled Worker
"Convergint Technologies Uk, Limited",Crowborough,East Sussex,Worker (A rating),Global Business Mobility: Senior or Specialist Worker
Coreflex Solutions Ltd,Harlow,Unknown,Worker (A rating),Skilled Worker
Cosmo-Giantwheel Limited,London,Unknown,Worker (A rating),Skilled Worker
Cosy Spot Ltd,RUISLIP,Unknown,Worker (A rating),Skilled Worker
Country Court Care Homes 14 Limited,Peterborough,Unknown,Worker (A rating),Skilled Worker
Cowbell Managing General Agency Ltd,London,Unknown,Worker (A rating),Skilled Worker
Cpt Transport Ltd,Northampton,Unknown,Worker (A rating),Skilled Worker
Creative Support Solutions Ltd,Witham,Unknown,Worker (A rating),Skilled Worker
Creator Cloud Ltd,Northampton,Unknown,Worker (A rating),Skilled Worker
Credo Alliance Ltd,London,Unknown,Worker (A rating),Skilled Worker
Crisplen Healthcare Recruitment Ltd,Portsmouth,Hampshire,Worker (A rating),Skilled Worker
Croeso Care Ltd,Newcastle Emlyn,Ceredigion,Worker (A rating),Skilled Worker
Croydon Food House Ltd T/A Dera,Croydon,Unknown,Worker (A rating),Skilled Worker
Csc Management Services (Uk) Limited,London,Unknown,Worker (A rating),Skilled Worker
Csc Management Services (Uk) Limited,London,Unknown,Worker (A rating),Global Business Mobility: Senior or Specialist Worker
Cso Shipbroker Ltd,London,Unknown,Worker (A rating),Skilled Worker
Ctrlfrk Limited,London,Unknown,Worker (A rating),Skilled Worker
Culture Restaurant And Bar Ltd,Newcastle Upon Tyne,Unknown,Worker (A rating),Skilled Worker
Custodian 360 Ltd,Wokingham,Berkshire,Worker (A rating),Skilled Worker
Cut Masterz Ltd,Feltham,Unknown,Worker (A rating),Skilled Worker
Cws Engineering Limited,Somerset,Unknown,Worker (A rating),Skilled Worker
D C Beauty Group Ltd,London,Unknown,Worker (A rating),Skilled Worker
D Z Food Store Limited,sheffield,Unknown,Worker (A rating),Skilled Worker
Da Vinci Engineering Ltd,LONDON,Unknown,Worker (A rating),Skilled Worker
Daffodils Homes Limited,Stanmore,Middlesex,Worker (A rating),Skilled Worker
Daidai Group Limited,London,Unknown,Worker (A rating),Skilled Worker
Daily Save Limited,Woking,Surrey,Worker (A rating),Skilled Worker
Dairygold Food Ingredients Uk Ltd,Crewe,Cheshire,Worker (A rating),Skilled Worker
Daisy Chain Studio Ltd,London,Unknown,Worker (A rating),Skilled Worker
Daizu Sushi Bar Ltd,Folkestone,Kent,Worker (A rating),Skilled Worker
Damhurst Ltd,Tunbridge Wells,Kent,Worker (A rating),Skilled Worker
Dancenbeats Ltd.,London,Unknown,Worker (A rating),Skilled Worker
Dantex Graphics Ltd,Bradford,West Yorkshire,Worker (A rating),Skilled Worker
Daron Services Ltd,Bridgend,Unknown,Worker (A rating),Skilled Worker
Das International Recycling Solution Limited,Peterborough,Unknown,Worker (A rating),Skilled Worker
Das Stores Limited,Grays,Unknown,Worker (A rating),Skilled Worker
Dashwood International Limited,London,Unknown,Worker (A rating),Skilled Worker
David Hockney Uk Limited,London,Unknown,Worker (A rating),Skilled Worker
David Leone And Partners Investment Company Limited,London,Unknown,Worker (A rating),Skilled Worker
Db Singh Limited T/A Nisa Local,Grimsby,Unknown,Worker (A rating),Skilled Worker
De Grove  Limited,COLCHESTER,Unknown,Worker (A rating),Skilled Worker
Dean & Cauvin Young People'S Trust,Edinburgh,Unknown,Worker (A rating),Skilled Worker
Defibstore Ltd,Buxton,Unknown,Worker (A rating),Skilled Worker
Defne Trading Limited,London,Unknown,Worker (A rating),Skilled Worker
Defor Limited,London,Unknown,Worker (A rating),Global Business Mobility: Senior or Specialist Worker
Dekeyser Group Practice,LEEDS,WEST YORKSHIRE,Worker (A rating),Skilled Worker
Delmar Systems Ltd,Aberdeen,Unknown,Worker (A rating),Skilled Worker
Delphi Services Ltd,Swindon,Wiltshire,Worker (A rating),Skilled Worker
Delta Cedar Ltd,Weybridge,Unknown,Worker (A rating),Skilled Worker
Delta Strategies Global Investors Limited,London,Unknown,Worker (A rating),Skilled Worker
Dentists At Watling Street,"Fulwood, Preston",Preston,Worker (A rating),Skilled Worker
Derby Congregational Cricket Club,Derby,Derbyshire,Worker (A rating),International Sportsperson
Derbyshire Home Care Services Ltd,Matlock,Derbyshire,Worker (A rating),Skilled Worker
Desi Curry Ltd T/A Desi Curry,Kingston Upon Hull,Unknown,Worker (A rating),Skilled Worker
Desserts Hub Limited T/A Heavenly Desserts,London,Unknown,Worker (A rating),Skilled Worker
Development Guarantee Group Ltd,London,Unknown,Worker (A rating),Skilled Worker
Dh Retail Group Ltd,Hertfordshire,Unknown,Worker (A rating),Skilled Worker
Dhanani Limited,London,Unknown,Worker (A rating),Skilled Worker
Dhenda International Ltd,Reading,Unknown,Worker (A rating),Skilled Worker
Dh-Pr Limited,London,Unknown,Worker (A rating),Skilled Worker
Dialight Plc,London,Unknown,Worker (A rating),Skilled Worker
Digitec Financial Technologies And Services (Uk) Ltd,London,United Kingdom,Worker (A rating),Skilled Worker
Dirac Software Limited,London,Unknown,Worker (A rating),Skilled Worker
Diy Wholesale Ltd,"Manchester, England",Unknown,Worker (A rating),Skilled Worker
Dka Group Uk Limited,London,Unknown,Worker (A rating),Skilled Worker
Dna York Limited,York,Unknown,Worker (A rating),Skilled Worker
Dogan London Ltd,London,Unknown,Worker (A rating),Skilled Worker
"Doitsu Center Ltd., Uk Branch",Leicester,Unknown,Worker (A rating),Skilled Worker
Dom Uk Limited,Tipton,West Midlands,Worker (A rating),Skilled Worker
Donald Ward Limited,Ilkeston,Unknown,Worker (A rating),Skilled Worker
Doncaster Racing Limited,York,Unknown,Worker (A rating),Skilled Worker
Donostia Interiors Ltd,London,Unknown,Worker (A rating),Skilled Worker
Dornier Group Uk Ltd,Glasgow,Unknown,Worker (A rating),Global Business Mobility: Senior or Specialist Worker
Dornier Group Uk Ltd,Glasgow,Unknown,Worker (A rating),Skilled Worker
Downton Group Ltd,Bracknell,Unknown,Worker (A rating),Skilled Worker
Dozywave Ltd,London,Unknown,Worker (A rating),Skilled Worker
Dr J & Colleagues,Lincoln,Unknown,Worker (A rating),Skilled Worker
Droid It Systems Ltd,Stevenage,Unknown,Worker (A rating),Skilled Worker
Dronedeploy,London,Unknown,Worker (A rating),Global Business Mobility: Senior or Specialist Worker
Dronedeploy,London,Unknown,Worker (A rating),Skilled Worker
Dry Fruits Bazaar,London,Unknown,Worker (A rating),Skilled Worker
Ds Public House Ltd T/A  Marquess Of Exeter,OAKHAM,Unknown,Worker (A rating),Skilled Worker
Durata Uk Ltd,Middlesbrough,Teesside,Worker (A rating),Skilled Worker
Durham Uk Builders Ltd,DURHAM,Unknown,Worker (A rating),Skilled Worker
Dynamic Garage Limited,London,Unknown,Worker (A rating),Skilled Worker
E M & E Pattinson & Son,Carlisle,Cumbria,Worker (A rating),Skilled Worker
E1 Burgers And Shakes Ltd T/A Amigos Burgers & Shakes-Whitechapel,WHITECHAPEL,ENGLAND,Worker (A rating),Skilled Worker
Eaglewise Consulting Limited,Birmingham,West Midlands,Worker (A rating),Skilled Worker
Eak Convenience Store Ltd,Sheffield,Unknown,Worker (A rating),Skilled Worker
East Coast Viners (Drumlithie) Limited,Stonehaven,Aberdeenshire,Worker (A rating),Skilled Worker
Easteast (Manchester) Ltd T/A Eastzeast Riverside - Manchester,Manchester,Unknown,Worker (A rating),Skilled Worker
Easy Car Parts Ltd,Great Staughton,St. Neots,Worker (A rating),Skilled Worker
Eav Smart Homes Limited,Watford,Hertfordshire,Worker (A rating),Skilled Worker
Echo Developments Ltd,Hainault,Redbridge,Worker (A rating),Skilled Worker
Eco Ev Chargers Limited,Birmingham,Unknown,Worker (A rating),Skilled Worker
Eco4 Grants Solution Ltd,Ilford,Unknown,Worker (A rating),Skilled Worker
Eco4Vital Ltd,Blackburn,Unknown,Worker (A rating),Skilled Worker
Econova Consultancy Limited,London,Unknown,Worker (A rating),Skilled Worker
Ect Aviation Support Ltd,LONDON,Unknown,Worker (UK Expansion Worker: Provisional),Global Business Mobility: UK Expansion Worker
Ecu Testing Ltd,Heanor,Derbyshire,Worker (A rating),Skilled Worker
Eden Tribe Residential Home Limited,Grays,Essex,Worker (A rating),Skilled Worker
Eequ Ltd,Derby,Unknown,Worker (A rating),Skilled Worker
Eeze Entertainment Uk Ltd,London,Unknown,Worker (A rating),Skilled Worker
Eggfree Cake Box Harlow Ltd,Harlow,Essex,Worker (A rating),Skilled Worker
Egsuk Ltd,Uxbridge,Unknown,Worker (A rating),Skilled Worker
Ehlermann Rindfleisch Gadow Mbb,London,Unknown,Worker (A rating),Skilled Worker
Eighteen And A Half Limited,London,Unknown,Worker (A rating),Scale-up
Eldor Uk Limited,Aberdeen,City of Aberdeen,Worker (A rating),Skilled Worker
Eldridge Capital Management Services (Uk) Limited,London,Unknown,Worker (A rating),Skilled Worker
Elis Ni Ltd,Cookstown,Tyrone,Worker (A rating),Skilled Worker
Elite Body Sculpture Limited,London,Unknown,Worker (A rating),Global Business Mobility: Senior or Specialist Worker
Elite Body Sculpture Limited,London,Unknown,Worker (A rating),Skilled Worker
Elite Technical Consulting Ltd T/A Cyberforte,Reading,Berkshire,Worker (A rating),Skilled Worker
Elitegate International Ltd,Sutton,England,Worker (A rating),Skilled Worker
Ellis Dental Practice Limited,Pontefract,West Yorkshire,Worker (A rating),Skilled Worker
Empanda Care & Support Ltd Cic,Ipswich,Suffolk,Worker (A rating),Skilled Worker
Endeavour R2 Ltd,Walthamstow,Unknown,Worker (A rating),Skilled Worker
Energex Eco Limited,BARNSLEY,Unknown,Worker (A rating),Skilled Worker
Engineering Design & Supplies Ltd,Ellistown,Leicestershire,Worker (A rating),Skilled Worker
Environmental Essentials (Uk) Limited,Stoke on Trent,Unknown,Worker (A rating),Skilled Worker
Enzone Global Limited,Barking,Unknown,Worker (A rating),Skilled Worker
Epac Holdings Europe Ltd,Wolverhampton,Unknown,Worker (A rating),Skilled Worker
Epg Business Limited (T/A Epic Global Solutions),Appley Bridge,Unknown,Worker (A rating),Skilled Worker
Eranders Limited,Aberdeen,Unknown,Worker (A rating),Skilled Worker
Ere Project Management Services,Londonderry,Headquarters State,Worker (A rating),Skilled Worker
Erken Consulting Limited,London,Unknown,Worker (A rating),Skilled Worker
Es&P It Solutions Limited,Solihull,West Midlands,Worker (A rating),Skilled Worker
Eskimarket (Coalway) Ltd,Gloucestershire,Unknown,Worker (A rating),Skilled Worker
Ess Education And Support Services,Langport,Somerset,Temporary Worker (A rating),Charity Worker
Essar International Limited,Ashford,Unknown,Worker (A rating),Skilled Worker
Essence Fashion Limited,EDMONTON,Unknown,Worker (A rating),Skilled Worker
Essex & Herts Air Ambulance,Colchester,Essex,Worker (A rating),Skilled Worker
Essex Kebabish Chadwell Heath Ltd,Ronford,Essex,Worker (A rating),Skilled Worker
Euro Stars Widnes Ltd,Widnes,Unknown,Worker (A rating),Skilled Worker
Evaframe Ltd,NEWPORT,Gwent,Worker (A rating),Skilled Worker
Evantic Capital Partners Llp,Altrincham,Cheshire,Worker (A rating),Skilled Worker
Evara Interior Design Limited,Greenford,Unknown,Worker (A rating),Skilled Worker
Everest Shopfitting And Construction Uk Ltd,Wallington,Unknown,Worker (A rating),Skilled Worker
Evolve Bg Ltd,Wigan,Unknown,Worker (A rating),Skilled Worker
Evolvi Rail Systems Ltd.,Oxford Street,Manchester,Worker (A rating),Skilled Worker
Excelerate Energy Europe Ltd,London,Unknown,Worker (A rating),Global Business Mobility: Senior or Specialist Worker
Excelerate Energy Europe Ltd,London,Unknown,Worker (A rating),Skilled Worker
Excelity Limited,London,Unknown,Worker (A rating),Skilled Worker
Excellence Food Limited T/A Bhaji Fresh,Luton,Unknown,Worker (A rating),Skilled Worker
Exegy Uk Limited,London,Unknown,Worker (A rating),Global Business Mobility: Senior or Specialist Worker
Exegy Uk Limited,London,Unknown,Worker (A rating),Skilled Worker
Exotic Arabella Ltd,BIRMINGHAM,Unknown,Worker (A rating),Skilled Worker
Express Solutions Group Ltd,Staines Upon Thames,Unknown,Worker (A rating),Skilled Worker
Exson Limited,Birmingham,Unknown,Worker (A rating),Skilled Worker
F & J Design Limited,BRADFORD,Unknown,Worker (A rating),Skilled Worker
F Studio London Ltd,London,Unknown,Worker (A rating),Skilled Worker
Fabeha Fashions Limited,LUTON,Unknown,Worker (A rating),Skilled Worker
Faces Consent Limited,stafford,Staffordshire,Worker (A rating),Skilled Worker
Fairfax Tax And Accounts,Leicester,Unknown,Worker (A rating),Skilled Worker
Faith In Christ Christian Ministries,Stalybridge,Unknown,Temporary Worker (A rating),Charity Worker
Falcon Medical Aesthetics Ltd,Uckfield,East Sussex,Worker (A rating),Skilled Worker
Falcon Works Ltd,London,Unknown,Worker (A rating),Skilled Worker
Fama Energy Services Limited,Glasgow,Lanarkshire,Worker (A rating),Skilled Worker
Families First (North East),Hartlepool,Unknown,Worker (A rating),Skilled Worker
Farrington Homes Limited,Kenton,Unknown,Worker (A rating),Skilled Worker
Farzand Accountants Limited,London,Unknown,Worker (A rating),Skilled Worker
Fast Property Developers Ltd,Brentford,Unknown,Worker (A rating),Skilled Worker
Fdt Construction Services Limited,London,Unknown,Worker (A rating),Skilled Worker
Fernlea Veterinary Clinics,Bristol,Bristol,Worker (A rating),Skilled Worker
Fhi Real Estate Limited,London,Region,Worker (A rating),Skilled Worker
Fibe,London,Unknown,Worker (A rating),Skilled Worker
Fidelity Payment,LONDON,Unknown,Worker (A rating),Skilled Worker
Field House Residential Care Home Limited,Fleet Hargate,Spalding,Worker (A rating),Skilled Worker
Financial Accounting (Uk) Limited,Bolton,Unknown,Worker (A rating),Skilled Worker
Finesse Us Ltd,London,Unknown,Worker (A rating),Skilled Worker
Fireaway Manchester Ltd T/A Fireaway Designer Pizza,"Fallowfields, Manchester",Unknown,Worker (A rating),Skilled Worker
First Beeline Buses Limited,Slough,Berkshire,Worker (A rating),Skilled Worker
First Class Supplies Uk Ltd,Milton Keynes,Unknown,Worker (A rating),Skilled Worker
First Horizon Scotland Ltd,Fife,Scotland,Worker (A rating),Skilled Worker
Firstcare Solutions Ltd,Falkirk,Unknown,Worker (A rating),Skilled Worker
Fishmongers Of Skegness Ltd,Skegness,Unknown,Worker (A rating),Skilled Worker
Fitzalan Medical Centre,Littlehampton,West Sussex,Worker (A rating),Skilled Worker
Flaktwoods Ltd,Colchester,Essex,Worker (A rating),Skilled Worker
Flanx Ltd,London,Unknown,Worker (A rating),Skilled Worker
Fleetwood Wanderers Limited,Thornton-Cleveleys,Unknown,Worker (A rating),International Sportsperson
Fleetwood Wanderers Limited,Thornton-Cleveleys,Unknown,Worker (A rating),Skilled Worker
Flex Fast Physio Limited,Birmingham,Unknown,Worker (A rating),Skilled Worker
Flint Hyde (London) Limited,Harrogate,North Yorkshire,Worker (A rating),Skilled Worker
Flynn Interiors Limited,London,Unknown,Worker (A rating),Skilled Worker
Focus Beauty Salon Limited,BROMLEY,Unknown,Worker (A rating),Skilled Worker
Food Tab Limited T/A Pfc Express,LONDON,Unknown,Worker (A rating),Skilled Worker
Food Zone Ltd,Swansea,Unknown,Worker (A rating),Skilled Worker
Foodevo Limited T/A Pepe'S Piri Piri,Luton,Unknown,Worker (A rating),Skilled Worker
Ford Aerospace Ltd,South Shields,Tyne and Wear,Worker (A rating),Skilled Worker
Forethought Research,Oxford,Unknown,Worker (A rating),Skilled Worker
Forever Consultancy Ltd,Christchurch,Bournemouth Airport,Worker (A rating),Skilled Worker
Forge Software Inc Limited,London,Unknown,Worker (A rating),Skilled Worker
Forsys Global Uk Ltd,Reading,Berkshire,Worker (A rating),Skilled Worker
Forty Four Tech Ltd,Heathrow,London,Worker (A rating),Skilled Worker
Fossil Forecourts Ltd,Coventry,Unknown,Worker (A rating),Skilled Worker
Fountaine Bleau Ltd,London,Unknown,Worker (A rating),Skilled Worker
Frangoz,Salford,Unknown,Worker (A rating),Skilled Worker
Fred & Ginger Coffee Ltd,Kings Langley,Hertfordshire,Worker (A rating),Skilled Worker
Frenix Ltd,Wallingford,Oxon,Worker (A rating),Skilled Worker
Fresh Air Ltd,London,London,Worker (A rating),Skilled Worker
Fresh Facilities Ltd T/A Feastin,Harrow,England,Worker (A rating),Skilled Worker
Freudenberg Flow Technologies Limited,Port Talbot,Unknown,Worker (A rating),Skilled Worker
Friday Initiatives T/A,London,Unknown,Worker (A rating),Skilled Worker
Friedman Children'S Rehabilitation Centre,Eastbourne,Unknown,Worker (A rating),Skilled Worker
Friends Food Retail Limited,Leicester,Unknown,Worker (A rating),Skilled Worker
Frostberg Refrigeration Ltd,Surbiton,Unknown,Worker (A rating),Skilled Worker
Fuann Ltd,London,Unknown,Worker (A rating),Skilled Worker
Fuheng Wang Group Ltd,London,Unknown,Worker (A rating),Skilled Worker
Fulton Market Group Europe Ltd,London,Unknown,Worker (A rating),Global Business Mobility: Senior or Specialist Worker
Fulton Market Group Europe Ltd,London,Unknown,Worker (A rating),Skilled Worker
Fusion Flavours Newcastle Ltd,NEWCASTLE,Unknown,Worker (A rating),Skilled Worker
Fusion Furnishing Services Limited,Glasgow,Scotland,Worker (A rating),Skilled Worker
Future Communications Company Uk Pvt Ltd,Watford,Unknown,Worker (A rating),Skilled Worker
Future Leap Es,Bristol,Bristol City,Worker (A rating),Skilled Worker
Future Tide Education Limited,London,England,Worker (A rating),Skilled Worker
Fwc Maintenance Ltd,Claygate,Unknown,Worker (A rating),Skilled Worker
Fyre Digital Ltd T/A Yuze,Darlington,Durham,Worker (A rating),Skilled Worker
G & P Group Enterprise Ltd T/A Ledbury News,Ledbury,Unknown,Worker (A rating),Skilled Worker
G.A. Design International Limited,London,Unknown,Worker (A rating),Skilled Worker
Gadgets Solution Brentwood Ltd,Brentwood,Unknown,Worker (A rating),Skilled Worker
Gadstore Limited,Romford,Unknown,Worker (A rating),Skilled Worker
Galgorm Manor Hotel Limited,Ballymena,Antrim,Worker (A rating),Skilled Worker
Galla Trading Limited,REDHILL,Unknown,Worker (A rating),Skilled Worker
Gallie Craig,STRANRAER,Wigtownshire,Worker (A rating),Skilled Worker
Garforth Medical Practice,LEEDS,West Yorkshire,Worker (A rating),Skilled Worker
Garner & Hancock Solicitors Limited,London,Unknown,Worker (A rating),Skilled Worker
Gateway Psychology Limited,Stoke-on-Trent,Unknown,Worker (A rating),Skilled Worker
General Sports Europe Ltd,Wilmslow,Cheshire,Worker (A rating),Skilled Worker
Generali Real Estate S.P.A,London,Unknown,Worker (A rating),Skilled Worker
Generator Power Ltd.,Wakefield,Unknown,Worker (A rating),Skilled Worker
Genevac Limited,London,Unknown,Worker (A rating),Skilled Worker
Genomadix Uk,London,Unknown,Worker (UK Expansion Worker: Provisional),Global Business Mobility: UK Expansion Worker
Geoenergy Design Ltd,Birmingham,West Midlands,Worker (A rating),Skilled Worker
Geoffrey Chubb Crc,Birmingham,West Midlands,Worker (A rating),Skilled Worker
German Ymca,London,Unknown,Temporary Worker (A rating),Charity Worker
Ges & Sons,Stansted,Essex,Worker (A rating),Skilled Worker
Gg Restaurant Ltd,Glasgow,Unknown,Worker (A rating),Skilled Worker
Gibbon Lawson Mckee Ltd,Edinburgh,midlothian,Worker (A rating),Skilled Worker
Gigs U.K. Ltd (Wework Building),London,Unknown,Worker (A rating),Skilled Worker
Gilfillan Memorial Church,Dundee,Tayside,Temporary Worker (A rating),Charity Worker
Gilfillan Memorial Church,Dundee,Tayside,Temporary Worker (A rating),Religious Worker
Gios Technology Limited,Harrow,Unknown,Worker (A rating),Skilled Worker
Giz Financial Ltd,London,Unknown,Worker (A rating),Skilled Worker
Glebe Care Limited,London,England,Worker (A rating),Skilled Worker
Glen Building Services Ltd T/A Gbs Scaffolding Contractor,DERRY,NORTHERN IRELAND,Worker (A rating),Skilled Worker
Glitters & Gold Ltd,Birmingham,West midlands,Worker (A rating),Skilled Worker
Global Airline Services Limited,Stanwell,Unknown,Worker (A rating),Skilled Worker
Global Clubfoot Initiative,London,Unknown,Worker (A rating),Skilled Worker
Global Dvp Ltd,Ilford,Essex,Worker (A rating),Skilled Worker
Go10 Limited,Exeter,Devon,Worker (A rating),Skilled Worker
God Field Deliverance Ministries,SOUTH DAGENHAM,Essex London,Worker (A rating),Tier 2 Ministers of Religion
Goldex Trading Limited,London,Unknown,Worker (A rating),Skilled Worker
Goldstar Dry Cleaners (Uk) Limited,London,Unknown,Worker (A rating),Skilled Worker
Gondale Construction Ltd,ILFORD,ESSEX,Worker (A rating),Skilled Worker
Gr8 Building Ltd T/A Falcon Construction,London,Hackney,Worker (A rating),Skilled Worker
Grace Church Dulwich,London,Unknown,Temporary Worker (A rating),Charity Worker
Graceland Support Limited,London,Unknown,Worker (A rating),Skilled Worker
Granite Oak Advisors Uk Ltd,London,Unknown,Worker (A rating),Skilled Worker
Gravesham Borough Council,Gravesend,Kent,Worker (A rating),Skilled Worker
Graysar Associates Limited,Cullompton,Devon,Worker (A rating),Skilled Worker
Great Eelam Ltd T/A Esso Loampit Vale Service Station,Lewisham,London,Worker (A rating),Skilled Worker
Great Harwood Medical Group,BLACKBURN,North West,Worker (A rating),Skilled Worker
Great Old Hay Winery Limited,Tonbridge,Unknown,Worker (A rating),Skilled Worker
Great Schools Trust,WARRINGTON,CHESHIRE,Worker (A rating),Skilled Worker
Great Wheatley Ltd,Rayleigh,Unknown,Worker (A rating),Skilled Worker
Greater Manchester Academies Trust,Manchester,Unknown,Worker (A rating),Skilled Worker
Green Nest (Cb1) Ltd,Cambridge,Unknown,Worker (A rating),Skilled Worker
Green Technologies Limited T/A Aa Labels,Peterborough,Unknown,Worker (A rating),Skilled Worker
Greenleaf Nutrition Ltd,London,Unknown,Worker (A rating),Skilled Worker
Greenpulse Innovations Ltd,London,Unknown,Worker (A rating),Skilled Worker
Greenvale Developments Ltd,KILWINNING,Unknown,Worker (A rating),Skilled Worker
Grenke Leasing Limited,Guildford,Surrey,Worker (A rating),Skilled Worker
Gresham Ind Limited,Belfast,Northern Ireland,Worker (A rating),Skilled Worker
Grey Tech Limited,Manchester,Unknown,Worker (A rating),Skilled Worker
Grillnthrill Ltd, Hemel Hempstead,Unknown,Worker (A rating),Skilled Worker
Grissan Engineering & Technical Services Limited,Birmingham,Unknown,Worker (A rating),Skilled Worker
Grovers Stores Uk Ltd,Middlesex,Unknown,Worker (A rating),Skilled Worker
Gruppo Verde Ltd.,London,Unknown,Worker (A rating),Skilled Worker
Gt Appliance Warehouse Ltd,BIRMINGHAM,Unknown,Worker (A rating),Skilled Worker
Gtb Stores Ltd,Manchester,Unknown,Worker (A rating),Skilled Worker
Gu Resource Limited,London,Unknown,Worker (A rating),Skilled Worker
Guardon Security Limited,Birmingham,Unknown,Worker (A rating),Skilled Worker
Gulf Air B.S.C.(C),Brentford,Unknown,Worker (A rating),Skilled Worker
Gulshan Farnham Ltd T/A Gulshan,Farnham,Surrey,Worker (A rating),Skilled Worker
Gva Lighting Europe Limited,London,Unknown,Worker (A rating),Skilled Worker
H & G Travel Ltd,London,Unknown,Worker (A rating),Skilled Worker
H. Ai Technology Limited,London,Unknown,Worker (A rating),Skilled Worker
Habibs Enterprise Ltd. T/A: Munchies,AYLESBURY,Buckinghamshire,Worker (A rating),Skilled Worker
Haitham Tabra T/A Perth Road Post Office,Dundee,Unknown,Worker (A rating),Skilled Worker
Haldiram Overseas Limited,"Southall,",Unknown,Worker (A rating),Skilled Worker
Hama Korean Ltd,Leeds,Unknown,Worker (A rating),Skilled Worker
Hamd Medical Practice,Birmingham,Unknown,Worker (A rating),Skilled Worker
Hamidi Transport Limited,Luton,Unknown,Worker (A rating),Skilled Worker
Hampshire Cricket Company Limited,Southampton,Unknown,Worker (A rating),International Sportsperson
Hampshire Cricket Company Limited,Southampton,Unknown,Worker (A rating),Skilled Worker
Han Residential Ltd T/A Hillpark Hotel,Dunfirmline,Unknown,Worker (A rating),Skilled Worker
Handy Services (Fife) Ltd,Anstruther,Fife,Worker (A rating),Skilled Worker
Haneker Ltd,London,Unknown,Worker (A rating),Skilled Worker
Happy At Home Community Care Services Ltd,Reading,Unknown,Worker (A rating),Skilled Worker
Harbans General Trading Uk Limited,Hayes,England,Worker (A rating),Skilled Worker
Harbert Management Corporation (Europe) Llc,London,Unknown,Worker (A rating),Skilled Worker
Harbor Global Uk Professional Services Ltd,London,Unknown,Worker (A rating),Global Business Mobility: Senior or Specialist Worker
Harbor Global Uk Professional Services Ltd,London,Unknown,Worker (A rating),Skilled Worker
Harbourside Health Centre,Swansea,Mid Glam,Worker (A rating),Skilled Worker
Hargreaves Lansdown Limited,Bristol,Unknown,Worker (A rating),Skilled Worker
Haritha Consultants Limited,Sutton,Unknown,Worker (A rating),Skilled Worker
Harrington Homes Limited,LONDON,Unknown,Worker (A rating),Skilled Worker
Harrison Castings Ltd,Leicester,Leicestershire,Worker (A rating),Skilled Worker
Harrow Service Centre Limited,Harrow,Middlesex,Worker (A rating),Skilled Worker
Harvest Coffee Limited,Waltham Abbey,Unknown,Worker (A rating),Skilled Worker
Harvest Sourdough Ltd T/A Harvest Bakery,London,Unknown,Worker (A rating),Skilled Worker
Harvey Craig Ltd,London,Unknown,Worker (A rating),Skilled Worker
Harvey Norman Trading (Uk) Limited,Sutton Coldfield,Birmingham,Worker (A rating),Skilled Worker
Harwood Care Limited,"Seaton Burn,",Newcastle Upon Tyne,Worker (A rating),Skilled Worker
Hattingley Valley Wines Limited,Alresford,Hampshire,Worker (A rating),Skilled Worker
Hatton Court Hotel,Gloucester,Unknown,Worker (A rating),Skilled Worker
Haulfryn Limited,Maidenhead,Unknown,Worker (A rating),Skilled Worker
Haus Bar And Restaurant Ltd,Cuffley,Unknown,Worker (A rating),Skilled Worker
Havelock House Day Nursery Limited,Birmingham,Unknown,Worker (A rating),Skilled Worker
Haven Care Support Services Limited,Gravesend,Kent,Worker (A rating),Skilled Worker
Haysmac Llp,London,Unknown,Worker (A rating),Skilled Worker
Hazelwood Dental Practice Limited,LONDON,Unknown,Worker (A rating),Skilled Worker
Head Of Grace Christian Network,North Shields,Unknown,Temporary Worker (A rating),Charity Worker
Headington Healthcare Ltd,Oxford,Unknown,Worker (A rating),Skilled Worker
Headzpace Therapeutic Care Limited,Nottingham,Unknown,Worker (A rating),Skilled Worker
Health Tech Services Group Limited T/A Care Safe,Port Talbot,Neath Port Talbot,Worker (A rating),Skilled Worker
Heart Of Mercia,Hereford,Herefordshire,Worker (A rating),Skilled Worker
Heathfield Family Centre,Birmingham,West Midlands,Worker (A rating),Skilled Worker
Heaton Food Store Ltd,Newcastle upon Tyne,Unknown,Worker (A rating),Skilled Worker
Hebron House Nursing Home Ltd,Nairn,Highland,Worker (A rating),Skilled Worker
Hedgerow Homecare,London,Unknown,Worker (A rating),Skilled Worker
Helix Offshore Crewing Services Ltd,Aberdeen,Aberdeenshire,Worker (A rating),Skilled Worker
Hemani Ventures Ltd,Theale,Reading,Worker (A rating),Skilled Worker
Henig Diamonds Limited,London,Unknown,Worker (A rating),Skilled Worker
Henry Brothers Ltd,Magherafelt,Unknown,Worker (A rating),Skilled Worker
Herman Miller Limited,Melksham,Unknown,Worker (A rating),Global Business Mobility: Senior or Specialist Worker
Herman Miller Limited,Melksham,Unknown,Worker (A rating),Skilled Worker
Heron Foods Limited,Liverpool,Unknown,Worker (A rating),Skilled Worker
Hg Tyres Limited T/A Hall Green Tyres & Carz,Birmingham,Unknown,Worker (A rating),Skilled Worker
Highfield Road Offlicence Ltd,Kettering,Unknown,Worker (A rating),Skilled Worker
Hillcroft Residential Care Home Limited,Llandaff,Cardiff,Worker (A rating),Skilled Worker
Hillmont Partners Ltd,London,Unknown,Worker (A rating),Skilled Worker
Hilsea Dental Care Ltd,Portsmouth,Hampshire,Worker (A rating),Skilled Worker
Hiltons Mot Centre Limited,PETERBOROUGH,Cambridgeshire,Worker (A rating),Skilled Worker
Hindes Hotel,Harrow,Unknown,Worker (A rating),Skilled Worker
Hinen Uk Limited,Birmingham,Unknown,Worker (A rating),Global Business Mobility: Senior or Specialist Worker
Hinen Uk Limited,Birmingham,Unknown,Worker (A rating),Skilled Worker
Hkv Limited,Lowestoft,Suffolk,Worker (A rating),Skilled Worker
Hnfc Investment Group Ltd,London,Unknown,Worker (A rating),Skilled Worker
Hoddesdon Dental Surgery Ltd,HERTFORDSHIRE,Unknown,Worker (A rating),Skilled Worker
Hoffman Connections Ltd,Hampshire,Unknown,Worker (A rating),Skilled Worker
Hokkaido Sushi Ltd,Southampton,Unknown,Worker (A rating),Skilled Worker
Holy Trinity C Of E School,RICHMOND,Surrey,Worker (A rating),Skilled Worker
Home Decor Group Limited,Coventry,Unknown,Worker (A rating),Skilled Worker
Hometree Marketplace Limited,London,London,Worker (A rating),Skilled Worker
Hook Tangaza Ltd,London,Unknown,Worker (A rating),Skilled Worker
Hope Haven Initiative,PETERBOROUGH,Unknown,Temporary Worker (A rating),Charity Worker
Hopscotch Network Uk,London,Unknown,Worker (A rating),Skilled Worker
Hopscotch Network Uk,London,Unknown,Worker (A rating),Global Business Mobility: Senior or Specialist Worker
Horizon Care And Welfare Association,Croydon,Unknown,Worker (A rating),Skilled Worker
Hossain Brother Limited T/A Ameeras Kitchen,Bedford,Unknown,Worker (A rating),Skilled Worker
House Of Balti Limited,Keighley,Unknown,Worker (A rating),Skilled Worker
House Of Dental Group Holdings Ltd,Coventry,Unknown,Worker (A rating),Skilled Worker
House Of Praise Glasgow,Glasgow,Scotland,Temporary Worker (A rating),Charity Worker
House Of Spices Kitchen Ltd T/A House Of Spice Bar And Grill,Oldbury,Unknown,Worker (A rating),Skilled Worker
Housing Lin Enterprises Ltd,Stroud,Unknown,Worker (A rating),Skilled Worker
Howling Hops Tank Bar,London,Unknown,Worker (A rating),Skilled Worker
Huacracocha Ventures Ltd T/A Hosanna London,London,Unknown,Worker (A rating),Skilled Worker
Huboo Tech Ltd.,Bristol,Unknown,Worker (A rating),Skilled Worker
Huco Engineering  Industries Ltd,Hertford,Herts,Worker (A rating),Skilled Worker
Hudson Morgan Williams Limited,LONDON,Unknown,Worker (A rating),Skilled Worker
Hv Lineworks Ltd,Glasgow,Unknown,Worker (A rating),Skilled Worker
Hybrid Kytchens Ltd T/A Keatchen United,Glasgow,Lanarkshire,Worker (A rating),Skilled Worker
Hybrid Mail Solutions,BELFAST,Down,Worker (A rating),Skilled Worker
Hyderabad Cuisine Ltd,Leeds,England,Worker (A rating),Skilled Worker
Hydropac Limited,High Wycombe,Unknown,Worker (A rating),Skilled Worker
I Q Plumbing & Electrical Ltd,Ashton-under-lyne,Greater Manchester,Worker (A rating),Skilled Worker
I-Am Associates Limited,London,Unknown,Worker (A rating),Skilled Worker
Iap (Uk) Sub Limited T/A Insurance Advisory Partners,London,Unknown,Worker (A rating),Skilled Worker
Ibcos Computers Ltd,Poole,Dorset,Worker (A rating),Skilled Worker
Iboski African Shop Ltd,Hartlepool,Unknown,Worker (A rating),Skilled Worker
Ic Impact Consulting Ltd,London,Unknown,Worker (A rating),Skilled Worker
Iceni Projects Limited,London,Unknown,Worker (A rating),Skilled Worker
Icti Care (Europe) Limited,London,Unknown,Worker (A rating),Skilled Worker
Ide Water Solutions Uk Ltd,London,(None),Worker (A rating),Skilled Worker
Idmv Group Ltd,Glasgow,Unknown,Worker (A rating),Skilled Worker
Ies London,London,Unknown,Worker (A rating),Skilled Worker
Ikm Testing Uk Limited,"Cramlington,",Northumberland,Worker (A rating),Skilled Worker
Ilford Takeaway Sales Limited,Ilford,Unknown,Worker (A rating),Skilled Worker
Imagine X Global Ltd,Stretford,Greater Manchester,Worker (A rating),Skilled Worker
Imperial Chambers Management Limited,London,Unknown,Worker (A rating),Skilled Worker
Implantsscotland Ltd,GLASGOW,Unknown,Worker (A rating),Skilled Worker
Inclusion Care Ltd,Coventry,Unknown,Worker (A rating),Skilled Worker
Indi Stones Limited,Spalding,Unknown,Worker (A rating),Skilled Worker
Indian Haveli Cheltenham Ltd,Cheltenham,Unknown,Worker (A rating),Skilled Worker
Indiaside Ltd T/A Cafe India Burnside,Glasgow,Unknown,Worker (A rating),Skilled Worker
Indigo It Ltd,Camberley,Surrey,Worker (A rating),Skilled Worker
Indochine International Uk Limited,London,Unknown,Worker (A rating),Skilled Worker
Indochine International Uk Limited,London,Unknown,Worker (A rating),Global Business Mobility: Senior or Specialist Worker
Indotronix Avani Uk Limited,Glastonbury,Avon,Worker (A rating),Skilled Worker
Ines Cafe Ltd,Birmingham,Unknown,Worker (A rating),Skilled Worker
Infinityride Ltd,Aylesbury,Buckinghamshire,Worker (A rating),Skilled Worker
Innovance London Limited,London,Unknown,Worker (A rating),Skilled Worker
Innovation Eco Solutions Ltd.,London,Unknown,Worker (A rating),Skilled Worker
Inovex Systems Limited,Kettering,Northants,Worker (A rating),Skilled Worker
Insights It Solutions Limited,Warrington,Greater Manchester,Worker (A rating),Skilled Worker
Inspire Childcare Ltd,London,Unknown,Worker (A rating),Skilled Worker
Interglobe Air Transport Limited,London,Unknown,Worker (A rating),Skilled Worker
Intermed Innovations Limited,London,Unknown,Worker (A rating),Skilled Worker
International Builders Estates Limited,London,Unknown,Worker (A rating),Skilled Worker
Intubation Studio Ltd,London,Unknown,Worker (A rating),Skilled Worker
Investorflow Uk Limited,London,Unknown,Worker (A rating),Global Business Mobility: Senior or Specialist Worker
Investorflow Uk Limited,London,Unknown,Worker (A rating),Skilled Worker
Ipek Mobilya (Uk) Limited,LONDON,Unknown,Worker (A rating),Skilled Worker
Iqbal & Co Superstore,Cupar,Unknown,Worker (A rating),Skilled Worker
Ishiv Mansfield Ltd T/A Texaco,Mansfield,Nottinghamshire,Worker (A rating),Skilled Worker
Island View Ltd T/A City Lets,LEICESTER,Unknown,Worker (A rating),Skilled Worker
Ital Bangla Grocery Shop Ltd,London,Unknown,Worker (A rating),Skilled Worker
Itology Creations Ltd,Edinburgh,Unknown,Worker (A rating),Skilled Worker
Its Ivi Ltd T/A Itsu,Wembley,Unknown,Worker (A rating),Skilled Worker
Itso Creative Ltd,Ongar,Essex,Worker (A rating),Skilled Worker
Itvib Limited,Reading,Berkshire,Worker (A rating),Skilled Worker
Ivybridge Home Care Limited,Ivybridge,Devon,Worker (A rating),Skilled Worker
J & A It Consultancy Limited,London,Unknown,Worker (A rating),Skilled Worker
J & J Pharmacy Ltd,Worcester,Unknown,Worker (A rating),Skilled Worker
J Krumina Veterinary,Spalding,Lincolnshire,Worker (A rating),Skilled Worker
J L Gouldings  & Son,CARLUKE,LANARKSHIRE,Worker (A rating),Skilled Worker
J&S Mckee Ltd,PORTGLENONE,ANTRIM,Worker (A rating),Skilled Worker
Jabil Circuit Limited,Livingston,Unknown,Worker (A rating),Global Business Mobility: Senior or Specialist Worker
Jabil Circuit Limited,Livingston,Unknown,Worker (A rating),Skilled Worker
Jack Nadel International Ltd,London,Unknown,Worker (A rating),Skilled Worker
Jacqueline & Edward Ltd,Wetherby,Unknown,Worker (A rating),Skilled Worker
Jades Chemist Limited T/A Jades Chemist,West Sussex,Unknown,Worker (A rating),Skilled Worker
James Mcmiken & Co,Newton Stewart,Unknown,Worker (A rating),Skilled Worker
James Steel Ltd,Borehamwood,Herts,Worker (A rating),Skilled Worker
James Wellesley Ltd,Gillingham,Kent,Worker (A rating),Skilled Worker
Jamia Hanfia Ghosia Mosque And Princess Street Resource Centre,Burton on Trent,Staffordshire,Worker (A rating),Tier 2 Ministers of Religion
Jamia Masjid Bilal And Community Centre,WOLVERHAMPTON,WOLVERHAMPTON,Temporary Worker (A rating),Charity Worker
Jan London Trade Ltd,Birmingham,Unknown,Worker (A rating),Skilled Worker
Jangi Hospitality Ltd,Liverpool,Unknown,Worker (A rating),Skilled Worker
Jannat Largs Limited T/A Kohinoor,Largs,Unknown,Worker (A rating),Skilled Worker
Jardin Des Violettes Ltd,Solihull,Unknown,Worker (A rating),Skilled Worker
Jashvi Ltd,Neath,Wales,Worker (A rating),Skilled Worker
Jawaby Services And Investment Limited,London,Unknown,Worker (A rating),Skilled Worker
Jawaby Services And Investment Limited,London,Unknown,Worker (A rating),Global Business Mobility: Senior or Specialist Worker
Jay'S Desserts Ltd,Leeds,Unknown,Worker (A rating),Skilled Worker
Jays London Limited,London,Unknown,Worker (A rating),Skilled Worker
Jbs Nexus Tech Ltd,Crewe,Unknown,Worker (A rating),Skilled Worker
Jc Of Lymington Ltd,Lymington,Unknown,Worker (A rating),Skilled Worker
Jd Mobile Ltd,Oldbury,Unknown,Worker (A rating),Skilled Worker
Jeannine Manuel School,London,Unknown,Worker (A rating),Skilled Worker
Jeeves Healthcare Ltd,Ipswich,Unknown,Worker (A rating),Skilled Worker
Jess Hand Car Wash Ltd T/A Waves Car Wash,Bishop's Stortford,Unknown,Worker (A rating),Skilled Worker
Jetense Consultants Limited,BRENTWOOD,Unknown,Worker (A rating),Skilled Worker
Jetking Limited,London,Unknown,Worker (A rating),Skilled Worker
Jewels Cafe Limited,LONDON,Unknown,Worker (A rating),Skilled Worker
Jjr Care Ltd,London,Unknown,Worker (A rating),Skilled Worker
Jml Accountancy Services Ltd,Rochdale,GB,Worker (A rating),Skilled Worker
Joan Technologies Ltd,Milton Keynes,Unknown,Worker (A rating),Skilled Worker
Johal Supermarket (Uk) Ltd,Birmingham,Unknown,Worker (A rating),Skilled Worker
John Logistics Limited,Wolverhampton,Unknown,Worker (A rating),Skilled Worker
John Macmahon & Co. Ltd,Belfast,Unknown,Worker (A rating),Skilled Worker
John Roe Group Limited,Hull,Unknown,Worker (A rating),Skilled Worker
Johnson Elborne Uk Limited,London,Unknown,Worker (A rating),Skilled Worker
Jona'S Kitchen Ltd T/A Oriel Cafe,Llandudno,Unknown,Worker (A rating),Skilled Worker
Jones' Physio & Wellness Clinic Limited,Biggleswade,Unknown,Worker (A rating),Skilled Worker
Jones Whyte Ltd,Glasgow,Unknown,Worker (A rating),Skilled Worker
Jonny Trade Ltd,sheffield,Unknown,Worker (A rating),Skilled Worker
Jordhan Industries Ltd,Wolverhampton,West Midlands,Worker (A rating),Skilled Worker
Joy Tender Loving Care Services 'Your Helping Hand Nurses',Lincoln,Lincolnshire,Worker (A rating),Skilled Worker
Joyous Limited,Hayes,Unknown,Worker (A rating),Skilled Worker
Jsanth&Sons Ltd,Truro,Unknown,Worker (A rating),Skilled Worker
Jsp Aluminium Limited,Wembley,Unknown,Worker (A rating),Skilled Worker
Ju Ai Health Solutions Uk Ltd,London,Unknown,Worker (UK Expansion Worker: Provisional),Global Business Mobility: UK Expansion Worker
Jurnni International Limited,Rochdale,Unknown,Worker (A rating),Skilled Worker
Jvm Group Ltd T/A Laundryup,Watford,Unknown,Worker (A rating),Skilled Worker
K W Trading Ltd,Bournemouth,Unknown,Worker (A rating),Skilled Worker
K&G Recruitment Consultancy Limited,London,Unknown,Worker (A rating),Skilled Worker
K2 Engineering & Energy Ltd,"Morden,",Unknown,Worker (A rating),Skilled Worker
Kaf Health Care Training Centre Limited,Barking,Unknown,Worker (A rating),Skilled Worker
Kai Computer Services Ltd,LONDON,Unknown,Worker (A rating),Skilled Worker
Kalika Ji Ltd,Gloucester,Unknown,Worker (A rating),Skilled Worker
Kantar Media Audiences Limited,London,Unknown,Worker (A rating),Skilled Worker
Kaplan Property Solutions Ltd,London,Unknown,Worker (A rating),Skilled Worker
Kappa Planning Ltd,London,Unknown,Worker (A rating),Skilled Worker
Karsons Consulting Limited,London,Unknown,Worker (A rating),Skilled Worker
Kasana Consulting Ltd,Sale,Unknown,Worker (A rating),Skilled Worker
Kaz Residentials Ltd,Ilford,Unknown,Worker (A rating),Skilled Worker
Keel Harbour Capital Limited,London,Unknown,Worker (A rating),Skilled Worker
Kehui International Ltd,Ware,Hertfordshire,Worker (A rating),Skilled Worker
Keltic Traffic Management Limited,Middlesex,Unknown,Worker (A rating),Skilled Worker
Keltone Limited,Northampton,Unknown,Worker (A rating),Skilled Worker
Kelvatek Ltd,Lisburn,Unknown,Worker (A rating),Skilled Worker
Kempson Construction Ltd,Birmingham,Unknown,Worker (A rating),Skilled Worker
Kenna Retails Limited,East Grinstead,West Sussex,Worker (A rating),Skilled Worker
Kens Global Support Ltd,LONDON,Unknown,Worker (A rating),Skilled Worker
Kerala Curry Limited T/A Grand Kerala,Bristol,Unknown,Worker (A rating),Skilled Worker
Kers Engineering Consultancy Ltd,London,Unknown,Worker (A rating),Skilled Worker
Keshet International Uk Ltd,London,Unknown,Worker (A rating),Skilled Worker
Kew Bridge Engines Trust & Water Supply Museum,Brentford,Unknown,Worker (A rating),Skilled Worker
Kh Curry Limited,Leamington Spa,Unknown,Worker (A rating),Skilled Worker
Khan Wholesale Ltd,London,Unknown,Worker (A rating),Skilled Worker
Khanna Brothers Ltd T/A Castle Vale Post Office,BIRMINGHAM,Unknown,Worker (A rating),Skilled Worker
Khatkar Limited T/As Soho Tavern,Birmingham,West Midlands,Worker (A rating),Skilled Worker
Kheri Transports Ltd,West Drayton,Unknown,Worker (A rating),Skilled Worker
Kiang Nan Holdings Ltd,Fareham,Hampshire,Worker (A rating),Skilled Worker
Kildrum Care Ltd,Chester,Unknown,Worker (A rating),Skilled Worker
Kingsnorth Solicitors Limited,Bolton,Unknown,Worker (A rating),Skilled Worker
Kinovo Group Plc,Waltham Abbey,Essex,Worker (A rating),Skilled Worker
Kitagawa Europe Limited,Salisbury,Unknown,Worker (A rating),Global Business Mobility: Senior or Specialist Worker
Kitagawa Europe Limited,Salisbury,Unknown,Worker (A rating),Skilled Worker
Kitchen Coos & Ewes Ltd,New Luce,Wigtownshire,Worker (A rating),Skilled Worker
Kiyansh Gourmet Limited T/A Saffron Summer,Chessington,Unknown,Worker (A rating),Skilled Worker
Kj Tait Engineers Ltd,Glasgow,Glasgow,Worker (A rating),Skilled Worker
Kmac Blast & Spray Limited,Dungannon,Tyrone,Worker (A rating),Skilled Worker
Knockagh Rise Nursing Home,Carrickfergus,Antrim,Worker (A rating),Skilled Worker
Knowledge Schools Trust,London,Unknown,Worker (A rating),Skilled Worker
Komerz Ltd,London,Unknown,Worker (A rating),Skilled Worker
Kp2 Limited,Knighton,Powys,Worker (A rating),Skilled Worker
Kpmsuk Limited,Colchester,Essex,Worker (A rating),Skilled Worker
Kprzybyslawska Limited- Medicovdent,COVENTRY,Unknown,Worker (A rating),Skilled Worker
Kpss (Uk) Ltd,London,Unknown,Worker (A rating),Global Business Mobility: Senior or Specialist Worker
Kpss (Uk) Ltd,London,Unknown,Worker (A rating),Skilled Worker
Kristian Nicolo,Belfast,Unknown,Worker (A rating),Skilled Worker
Kubota Water And Environment Europe Ltd.,London,Unknown,Worker (A rating),Skilled Worker
Kubota Water And Environment Europe Ltd.,London,Unknown,Worker (A rating),Global Business Mobility: Senior or Specialist Worker
Kulalac Baby Foods Industry And Trade Uk Ltd,LONDON,Unknown,Worker (UK Expansion Worker: Provisional),Global Business Mobility: UK Expansion Worker
Kumar Electrix Limited,Stanmore,Unknown,Worker (A rating),Skilled Worker
Kumppanit Limited,Beverley,East Yorkshire,Worker (A rating),Skilled Worker
L. Rowland & Company (Retail) Limited,Runcorn,Cheshire,Worker (A rating),Skilled Worker
La Lanterna Glasgow Ltd,Glasgow,Unknown,Worker (A rating),Skilled Worker
Lamba Desserts Limited,Luton,England,Worker (A rating),Skilled Worker
Landermeads Ltd,Nottingham,Nottinghamshire,Worker (A rating),Skilled Worker
Lannan Bakery,Edinburgh,Midlothian,Worker (A rating),Skilled Worker
Lantern House Private Capital,London,Unknown,Worker (A rating),Skilled Worker
Laundary Care Limited,London,Unknown,Worker (A rating),Skilled Worker
Laus Engineering Limited,Dunstable,Bedfordshire,Worker (A rating),Skilled Worker
Lava Wash Ltd,London,Unknown,Worker (A rating),Skilled Worker
Lcuk Artists Ltd,London,England,Worker (A rating),Skilled Worker
Lds Wandsworth Ltd,London,Unknown,Worker (A rating),Skilled Worker
Learnd Uk Limited,Bellshill,Unknown,Worker (A rating),Skilled Worker
Leazes Stores Limited,Newcastle Upon Tyne,Unknown,Worker (A rating),Skilled Worker
Leeds Cakes & Shakes Limited,Leeds,Unknown,Worker (A rating),Skilled Worker
Legars Ltd,Kelso,Scottish Borders,Worker (A rating),Skilled Worker
Legend Cafe Limited,London,Unknown,Worker (A rating),Skilled Worker
Lei Dat & Baig Solicitors Ltd,Liverpool,Unknown,Worker (A rating),Skilled Worker
Leia London Ltd,London,Unknown,Worker (A rating),Skilled Worker
Leonard Engineering Design Associates Limited,Woking,Surrey,Worker (A rating),Skilled Worker
Lex Records Limited,London,Unknown,Worker (A rating),Skilled Worker
Leycett Cricket Club,Newcastle-Under-Lyme,Staffordshire,Worker (A rating),International Sportsperson
Liberty Church Wirral,Birkenhead,Wirral,Temporary Worker (A rating),Charity Worker
Life-Line Care 4 U Limited,Nelson,Lancashire,Worker (A rating),Skilled Worker
Lillyfields Care Limited,Petersfield,Hampshire,Worker (A rating),Skilled Worker
Linca Workforce Development Ltd,Lincoln,England,Worker (A rating),Skilled Worker
Lincoln Food & Wine,Lincoln,Unknown,Worker (A rating),Skilled Worker
Lincoln Plaza Hotel Co Limited,London,Unknown,Worker (A rating),Skilled Worker
Lineview Solutions Limited,Bromsgrove,Unknown,Worker (A rating),Skilled Worker
Linseed Projects Ltd,London,United Kingdom,Worker (A rating),Skilled Worker
Lipton Teas And Infusions Uk Limited,London,Unknown,Worker (A rating),Skilled Worker
Liquid Light,Brighton,Unknown,Worker (A rating),Skilled Worker
Lister Engineering And Fabrication Ltd,Barnsley,South Yorkshire,Worker (A rating),Skilled Worker
Little Banh Banh Limited,London,Unknown,Worker (A rating),Skilled Worker
Little Dessert Shop,Manchester,Unknown,Worker (A rating),Skilled Worker
Little Robes Royale Limited,Essex,Unknown,Worker (A rating),Skilled Worker
Little Walton Ltd T/A Khyber Pass, Surrey,Unknown,Worker (A rating),Skilled Worker
Liverpool Seafarers Centre,Liverpool,Unknown,Worker (A rating),Skilled Worker
Living Mind Limited,London,Unknown,Worker (A rating),Skilled Worker
Lixin Accountancy (Uk) Ltd,London,Unknown,Worker (A rating),Skilled Worker
Lla Chai Ltd T/A Chaiiwala,Luton,Unknown,Worker (A rating),Skilled Worker
Lloyds Clinical Limited,Harlow,Essex,Worker (A rating),Skilled Worker
Lm Food And Wines Ltd,Lydney,Unknown,Worker (A rating),Skilled Worker
Loch Golf Limited,Berwickshire,Unknown,Worker (A rating),Skilled Worker
Loco Lime Ltd,Poole,Dorset,Worker (A rating),Skilled Worker
Logifuture Tech Ltd,London,Unknown,Worker (A rating),Skilled Worker
London Development Property Company Limited,London,Unknown,Worker (A rating),Skilled Worker
London Funders,London,Unknown,Worker (A rating),Skilled Worker
London House Agent Ltd,London,Unknown,Worker (A rating),Skilled Worker
London Treasury Limited,London,Unknown,Worker (A rating),Skilled Worker
Longview Productions Ltd,London,Unknown,Worker (A rating),Skilled Worker
Lords Solicitors Llp,London,Unknown,Worker (A rating),Skilled Worker
Lotus House 2022 Limited T/A Lotus House,Cramlington,Unknown,Worker (A rating),Skilled Worker
Lotus Infotech Ltd,LUTON,BEDFORDSHIRE,Worker (A rating),Skilled Worker
Lounge38 Ltd,Southampton,Unknown,Worker (A rating),Skilled Worker
Loveday And Co Uk Limited.,London,Unknown,Worker (A rating),Skilled Worker
Loyal Auto Services Ltd,Coventry,Unknown,Worker (A rating),Skilled Worker
Loyal Zoo Limited,London,Unknown,Worker (A rating),Skilled Worker
Lsm Global Limited,Lincoln,Lincolnshire,Worker (A rating),Skilled Worker
Lucinda Ellery Limited,London,Unknown,Worker (A rating),Skilled Worker
Lukka Care Homes (2010) Limited T/A Ashton Lodge Care Home,London,London,Worker (A rating),Skilled Worker
Lumis Student Living Limited,London,Unknown,Worker (A rating),Skilled Worker
Lumle Holidays Ltd.,Slough,Unknown,Worker (A rating),Skilled Worker
Lux Dent Agency Limited,Wimbledon,Unknown,Worker (A rating),Skilled Worker
Lyme Regis Care Home Limited,Lyme Regis,Unknown,Worker (A rating),Skilled Worker
Lynden Hill Clinic,Reading,Berkshire,Worker (A rating),Skilled Worker
M K Fancy Dosa Limited,London,Unknown,Worker (A rating),Skilled Worker
M N Kolia Ltd T/A Moins Chemist,LEICESTER,LEICESTERSHIRE,Worker (A rating),Skilled Worker
M Three Service Ltd,ILFORD,Unknown,Worker (A rating),Skilled Worker
M&N Sushi Ltd, Bolton,Unknown,Worker (A rating),Skilled Worker
M.B. Kemp Llp,London,Unknown,Worker (A rating),Skilled Worker
M21 Detailing Limited,Manchester,Unknown,Worker (A rating),Skilled Worker
M8 Recovery Limited,Glasgow,Unknown,Worker (A rating),Skilled Worker
Macleod Estates Ltd,Perth,Perth & Kinross,Worker (A rating),Skilled Worker
Macphilips Foods Ltd,Dagenham,Unknown,Worker (A rating),Skilled Worker
Madame Pho St. Annes Ltd,Belfast,Unknown,Worker (A rating),Skilled Worker
Madani Builders Merchants,Birmingham,Unknown,Worker (A rating),Skilled Worker
Magna Exteriors (Banbury) Limited,Banbury,Oxon,Worker (A rating),Skilled Worker
Mahesh Pharmaceutical Ltd Tas Elstree Pharmacy,Elstree,Unknown,Worker (A rating),Skilled Worker
Major Curry Affair Ltd,Tipton,Unknown,Worker (A rating),Skilled Worker
Make One London Limited,Benfleet,Essex,Worker (A rating),Skilled Worker
Mala Thai Massage Ltd,Leeds,Unknown,Worker (A rating),Skilled Worker
Malbank School And Sixth Form College,Nantwich,Cheshire,Worker (A rating),Skilled Worker
Maliha Advisory & Consultancy Ltd T/A Mkk Solicitors,Hounslow,Unknown,Worker (A rating),Skilled Worker
Manantial Ltd,Wantage,Unknown,Worker (A rating),Skilled Worker
Manchester Import And Export Trading Ltd,Manchester,Unknown,Worker (A rating),Skilled Worker
Manchester Super Store (Oldham) Ltd,Manchester,Unknown,Worker (A rating),Skilled Worker
Manford News,Chigwell,Unknown,Worker (A rating),Skilled Worker
Mangla Auto Centre Ltd,Bradford,Unknown,Worker (A rating),Skilled Worker
Maniere De Voir Ltd,Manchester,Unknown,Worker (A rating),Skilled Worker
Manor Park Care Limited," London,",Unknown,Worker (A rating),Skilled Worker
Marble Services Limited,London,London,Worker (A rating),Skilled Worker
March Stud Limited,Northampton,Northamptonshire,Worker (A rating),Skilled Worker
Marhaba Telecommunication Systems Ltd,BIRMINGHAM,Unknown,Worker (A rating),Skilled Worker
Marie-Chantal Limited,London,Unknown,Worker (A rating),Skilled Worker
Markazi Jamia Masjid Ghausia,HUDDERSFIELD,England,Worker (A rating),Tier 2 Ministers of Religion
Mar-Key Group Limited,Christchurch,Dorset,Worker (A rating),Skilled Worker
Marsh Keene Limited,Whitchurch,Hampshire,Worker (A rating),Skilled Worker
Marvellous Pharma Ltd,Luton,Unknown,Worker (A rating),Skilled Worker
Mas Bazar Luton Ltd,Luton,Unknown,Worker (A rating),Skilled Worker
Mash Foods Ltd,Croydon,Unknown,Worker (A rating),Skilled Worker
Mastrick Dental Care,ABERDEEN,Unknown,Worker (A rating),Skilled Worker
Matrix Int Ltd,City of London,Unknown,Worker (A rating),Skilled Worker
Maxdent Limited Trading As The Covent Garden Dental Practice,London,Unknown,Worker (A rating),Skilled Worker
Maxlife Care - Leeds,Leeds,Unknown,Worker (A rating),Skilled Worker
Maxon Computer Limited,Cranfield,Bedfordshire,Worker (A rating),Skilled Worker
May Fair Hotels Ltd T/A The Lismore  And Restauranthotel,BANBURY,OXFORDSHIRE,Worker (A rating),Skilled Worker
May Trading Ltd,LONDON,Unknown,Worker (A rating),Skilled Worker
Maybel Nurseries Limited T/A Monkey Puzzle West Norwood,London,United Kingdom,Worker (A rating),Skilled Worker
Mayen Spice Limited T/A Eastern Taste,Woking,"SURREY,",Worker (A rating),Skilled Worker
Mayflower High School,Billericay,Essex,Worker (A rating),Skilled Worker
Mayflower Restaurant,Devizes,Wiltshire,Worker (A rating),Skilled Worker
Mb Ashford Limited T/A Muffin Break,Ashford,Unknown,Worker (A rating),Skilled Worker
Mbg (Int) Ltd,London,England,Worker (A rating),Skilled Worker
Mbk Logistics Ltd,Gloucester,Gloucestershire,Worker (A rating),Skilled Worker
Mccarthy Denning Limited,:London,Unknown,Worker (A rating),Skilled Worker
Mchale Legal Limited,Altrincham,Unknown,Worker (A rating),Skilled Worker
Mcn Trailers,MOUNTFIELD,TYRONE,Worker (A rating),Skilled Worker
Mcr Elite Running Ltd,Wigan,Greater Manchester,Worker (A rating),International Sportsperson
Md Romsey Limited,Romsey,Unknown,Worker (A rating),Skilled Worker
Md Security Services Ltd,OLDHAM,Unknown,Worker (A rating),Skilled Worker
Meat & Food Ltd,Ashton-Under-Lyne,Unknown,Worker (A rating),Skilled Worker
Meat N Greet Ltd T/A Tariq Halal Meats,LONDON,Unknown,Worker (A rating),Skilled Worker
Medea Mgmt Ltd,Manchester,Unknown,Worker (A rating),Skilled Worker
Medi Plus Aesthetic Ltd,London,Unknown,Worker (A rating),Skilled Worker
Mediamade Ltd,Loughton,Unknown,Worker (A rating),Skilled Worker
Medici Medical Practice,Luton,Unknown,Worker (A rating),Skilled Worker
Megakare Ltd,Ipswich,Unknown,Worker (A rating),Skilled Worker
Megauli Safari Ltd,Wolverhampton,Unknown,Worker (A rating),Skilled Worker
Mehrazma Limited,Nuneaton,Unknown,Worker (A rating),Skilled Worker
Meliora Medical Group,RIchmond,Unknown,Worker (A rating),Skilled Worker
Mercury Care Services Limited,CROYDON,Unknown,Worker (A rating),Skilled Worker
Mercy & Joy Specialist Dentistry Services Limited,Dundee,Unknown,Worker (A rating),Skilled Worker
Merging Rivers Grange Ltd.,Kingston Upon Thames,Unknown,Worker (A rating),Skilled Worker
Meridian People Holdings Limited,London,Unknown,Worker (A rating),Skilled Worker
Mervyn Stewart Limited,Belfast,Unknown,Worker (A rating),Skilled Worker
Mha Advisory Limited,Milton Keynes,Buckinghamshire,Worker (A rating),Global Business Mobility: Senior or Specialist Worker
Mha Advisory Limited,Milton Keynes,Buckinghamshire,Worker (A rating),Skilled Worker
Mi Health Ltd,London,Unknown,Worker (A rating),Skilled Worker
Mi:Rna Ltd,Dundee,Unknown,Worker (A rating),Skilled Worker
Michael Platt Limited,London,Unknown,Worker (A rating),Skilled Worker
Micro Systems (Uk) Limited,Warrington,Unknown,Worker (A rating),Skilled Worker
Microneedle Solutions Ltd,Leeds,West Yorkshire,Worker (A rating),Skilled Worker
Midas (Euro) Limited,Bolton,Unknown,Worker (A rating),Skilled Worker
Midland Telecom Networks Group Ltd,Birmingham,West Midlands,Worker (A rating),Skilled Worker
Mifinity Uk Limited,Netownbreda,Belfast,Worker (A rating),Skilled Worker
Might & Grace Productions Cic,Milton Keynes,Buckinghamshire,Temporary Worker (A rating),Charity Worker
Mighty Giant Limted,Manchester,Unknown,Worker (A rating),Skilled Worker
Milestone Rathfriland Ltd,Newry,Co. Down,Worker (A rating),Skilled Worker
Mill Hill Brazilian Jiu-Jitsu,London,Unknown,Worker (A rating),International Sportsperson
Millennium Venture Ltd,Huddersfield,Unknown,Worker (A rating),Skilled Worker
Mil-Tek Uk Recycling & Waste Solutions Ltd,Buckley,Flintshire,Worker (A rating),Skilled Worker
Mima Brothers Ltd T/A Pizza Nova,Billingham,Unknown,Worker (A rating),Skilled Worker
Minegeotech Uk Limited,London,Unknown,Worker (A rating),Global Business Mobility: Senior or Specialist Worker
Minegeotech Uk Limited,London,Unknown,Worker (A rating),Skilled Worker
Mint Leaf Indian Ltd,Sheffield,Unknown,Worker (A rating),Skilled Worker
Mirpur Electrical And Electronics Trading Limited,Kent,Unknown,Worker (A rating),Skilled Worker
Mirpur Overseas It Ltd,London,Unknown,Worker (A rating),Skilled Worker
Mission Care Associate Ltd T/A Clarence House Care Home,Norwich,Unknown,Worker (A rating),Skilled Worker
Mitchell Partners,taunton,Somerset,Worker (A rating),Skilled Worker
Mithilasmita Uk Arts Limited,London,Unknown,Worker (A rating),Skilled Worker
Mizuno Gakuen London Limited,London,Unknown,Worker (A rating),Global Business Mobility: Senior or Specialist Worker
Mizuno Gakuen London Limited,London,Unknown,Worker (A rating),Skilled Worker
Mj Data Solutions Ltd,Ruislip,England,Worker (A rating),Skilled Worker
Mk Hospital@Home Ltd,Kendal,Lake District,Worker (B rating),Skilled Worker
Mlt Digital Ltd,Glasgow,Unknown,Worker (A rating),Skilled Worker
Mms Ni Ltd,TOOMEBRIDGE,ANTRIM,Worker (A rating),Skilled Worker
Modernity London Limited,London,Unknown,Worker (A rating),Skilled Worker
Mogul Tandoori Indian Cuisine,Trowbridge,Unknown,Worker (A rating),Skilled Worker
Momentum Residential Care Home,Canvey Island,Essex,Worker (A rating),Skilled Worker
Momo And Sushi Ltd,HAMMERSMITH,Unknown,Worker (A rating),Skilled Worker
Mon Concept Habitation Uk Ltd,London,Unknown,Worker (A rating),Skilled Worker
Monserrate Ltd,Brighton,Unknown,Worker (A rating),Skilled Worker
Monsoon Indian Dining Limited,Lancing,West Sussex,Worker (A rating),Skilled Worker
Mont Clare Catering Limited T/A Franks Pizza & Subs,Glasgow,Unknown,Worker (A rating),Skilled Worker
Montrose Retail Ltd,PRESTWICK,Unknown,Worker (A rating),Skilled Worker
Monument Leisure (Holdings) Limited,Grangemouth,Unknown,Worker (A rating),Skilled Worker
Monument Technology Limited,London,Unknown,Worker (A rating),Skilled Worker
Moongy Agap2 Limited,London,Unknown,Worker (A rating),Skilled Worker
"Moons Industries (Uk), Limited",University of Reading Campus,Unknown,Worker (A rating),Skilled Worker
Morasiya Group Ltd T/As The Real Pizza Company,Worthing,Unknown,Worker (A rating),Skilled Worker
Mordor Gundogs Limited,Perth,Unknown,Worker (A rating),Skilled Worker
Morrells Woodfinishes Limited,Stockport,Unknown,Worker (A rating),Global Business Mobility: Senior or Specialist Worker
Morrells Woodfinishes Limited,Stockport,Unknown,Worker (A rating),Skilled Worker
Motel One (Uk) Ltd,London,London,Worker (A rating),Skilled Worker
Motherwell Fuel Services Ltd,Motherwell,Unknown,Worker (A rating),Skilled Worker
Motor Depot Ltd (Trading As Carsupermarket.Com,Hull,Unknown,Worker (A rating),Skilled Worker
Mouna'S Kitchen Ltd,London,Unknown,Worker (A rating),Skilled Worker
Mounthope Limited,Newbury,Unknown,Worker (A rating),Skilled Worker
Mountwest Abattis Ltd Trading As Banff Springs Hotel,BANFF,Aberdeenshire,Worker (A rating),Skilled Worker
Moxy Logistics Ltd,Ruislip,England,Worker (A rating),Skilled Worker
Mr F Arbabi/ Dental Care Centre Limited T/A Dental Care Centre,London,Unknown,Worker (A rating),Skilled Worker
Mr Health Ltd T/A Late Night Pharmacy,Birmingham,West Midlands,Worker (A rating),Skilled Worker
Mr Jeyabalan Arumugam T/A Meadow Vale Convenience Store,Belper,Derbyshire,Worker (A rating),Skilled Worker
Mr M Panchal & Mrs V M Panchal T/A Mckays Hardware,LONDON,Unknown,Worker (A rating),Skilled Worker
Mr Ramesh Gnanasothi,Nottingham,Unknown,Worker (A rating),Skilled Worker
Mr Varun Vanga T/A Avm Retail Services & One Stop,Bilston,Unknown,Worker (A rating),Skilled Worker
Mr. Naresh Patel & Mr. Paresh Patel T/A The Balmoral Hotel,Leicester,Unknown,Worker (A rating),Skilled Worker
Mrs Kumuthini Jeyamoorthy T/A Tp Food And Wine,London,Unknown,Worker (A rating),Skilled Worker
Mrs Suganthini Jeyaruban T/A Henllan Stores,Denbigh,Unknown,Worker (A rating),Skilled Worker
Mrt Repairs Centre Ltd,BRENTWOOD,ESSEX,Worker (A rating),Skilled Worker
Msc Cruises Limited,Woking,Surrey,Worker (A rating),Skilled Worker
Msi Recruitment Ltd,London,Unknown,Worker (A rating),Skilled Worker
Mtj6 Limited,Bradford,Unknown,Worker (A rating),Skilled Worker
Mtm Engineering,Armagh,Co. Armagh,Worker (A rating),Skilled Worker
Mukesh Kumar Ltd,Manchester,Unknown,Worker (A rating),Skilled Worker
Mumbai In Minutes,London,Unknown,Worker (A rating),Skilled Worker
Mustang Hospitality Ltd T/A Kathmandu Restaurant And Bar,Solihull,West Midlands,Worker (A rating),Skilled Worker
My Cutprice Ltd,Nottingham,Unknown,Worker (A rating),Skilled Worker
My Smart Group Ltd,Manchester,Unknown,Worker (A rating),Skilled Worker
Mynas Care Ltd,Nelson,Lancashire,Worker (A rating),Skilled Worker
Mysa Care And Support Limited,Farnborough,Hampshire,Worker (A rating),Skilled Worker
Myst Hotels And Resorts Limited,Brockenhurst,Hampshire,Worker (A rating),Skilled Worker
N & M Pizzas And Indian Take Away Ltd,Colchester,Unknown,Worker (A rating),Skilled Worker
Naan Staap,Southall,Unknown,Worker (A rating),Skilled Worker
Nanograb Limited,London,Unknown,Worker (A rating),Global Business Mobility: Senior or Specialist Worker
Nanograb Limited,London,Unknown,Worker (A rating),Skilled Worker
National Education Group Ltd,Sheffield City Centre,Sheffield,Worker (A rating),Skilled Worker
National Museums Ni,Holywood,Co Down,Worker (A rating),Skilled Worker
Nav Mini Market,Wakefield,Unknown,Worker (A rating),Skilled Worker
Neesa Limited T/A Subway,LUTON,Unknown,Worker (A rating),Skilled Worker
Neevinfra Ltd,SLOUGH,Unknown,Worker (A rating),Skilled Worker
Nellie Supports Limited,Grantham,Lincolnshire,Worker (A rating),Skilled Worker
Neptune Lettings Ltd,LONDON,Unknown,Worker (A rating),Skilled Worker
Netelz Limited,Peterborough,Unknown,Worker (A rating),Skilled Worker
Netflix Studios Uk Limited,LONDON,Unknown,Worker (A rating),Global Business Mobility: Senior or Specialist Worker
Netflix Studios Uk Limited,LONDON,Unknown,Worker (A rating),Skilled Worker
Netflix Studios Uk Limited,LONDON,Unknown,Temporary Worker (A rating),Creative Worker
Networkly Ltd,Aldershot,Hampshire,Worker (A rating),Skilled Worker
New City Refrigeration,Hanslope,Milton Keynes,Worker (A rating),Skilled Worker
New Forest District Council,Lyndhurst,Hampshire,Worker (A rating),Skilled Worker
New Horizon Health And Medicare Ltd,London,Unknown,Worker (A rating),Skilled Worker
New Lanka Traders,Essex,Unknown,Worker (A rating),Skilled Worker
New Life Teeth Manchester Ltd,Manchester,Unknown,Worker (A rating),Skilled Worker
New Testament Christian Mission International,Chattam,Unknown,Worker (A rating),Tier 2 Ministers of Religion
Newham Family Dental Care Limited,ESSEX,Unknown,Worker (A rating),Skilled Worker
Newham Health Collaborative Cic,London,Unknown,Worker (A rating),Skilled Worker
Newlife Church Palmers Green,London,Unknown,Temporary Worker (A rating),Charity Worker
Nexos Solutions Limited,Aberdeen,Unknown,Worker (A rating),Skilled Worker
Next Step Cc Limited,London,Unknown,Worker (A rating),Skilled Worker
Next Steps Mental Health Limited,Sale,Cheshire,Worker (A rating),Skilled Worker
Nh Pharm Limited,Sutton Coldfield,West Midlands,Worker (A rating),Skilled Worker
Nif Investment Advisor Uk Ltd,London,Unknown,Worker (A rating),Global Business Mobility: Senior or Specialist Worker
Nif Investment Advisor Uk Ltd,London,Unknown,Worker (A rating),Skilled Worker
Noodles Inn Edinburgh Limited,Edinburgh,Unknown,Worker (A rating),Skilled Worker
Norbury Dry Cleaners Limited,LONDON,Unknown,Worker (A rating),Skilled Worker
Norsunda Curry House Ltd,Stockport,Unknown,Worker (A rating),Skilled Worker
North Lane Sea Food Limited,Aldershot,Unknown,Worker (A rating),Skilled Worker
Nottingham Forest Womens Football Club Limited,Nottingham,Unknown,Worker (A rating),International Sportsperson
Nova Education Trust,Nottingham,Nottinghamshire,Worker (A rating),Skilled Worker
Novel Audio Ltd,London,Unknown,Worker (A rating),Skilled Worker
Novet Property Services Limited,London,Unknown,Worker (A rating),Skilled Worker
Novion Global Ltd,London,Unknown,Worker (A rating),Skilled Worker
Novus Corporation Limited,LONDON,Unknown,Worker (A rating),Skilled Worker
Nrg Consulting (Gb) Ltd,London,- select -,Worker (A rating),Skilled Worker
Ntrs Ltd,London,Unknown,Worker (A rating),Skilled Worker
Nuq Limited,London,Ealing,Worker (A rating),Skilled Worker
Nutmeg And Hive Limited,London,Unknown,Worker (A rating),Skilled Worker
O S & Ali Services(London) Limited,Manchester,Unknown,Worker (A rating),Skilled Worker
Oasis Design And Build Ltd,London,Unknown,Worker (A rating),Skilled Worker
Object And Animal Limited,London,Unknown,Worker (A rating),Skilled Worker
Oblique Beauty House Limited,London,Unknown,Worker (A rating),Skilled Worker
Occhiali Limited,"Clerkenwell, London",Unknown,Worker (A rating),Skilled Worker
Ocean & Co (Pvt) Limited,Manchester,Unknown,Worker (A rating),Skilled Worker
Offroad Games Ltd,London,Unknown,Worker (A rating),Skilled Worker
Oil And Gas Authority,London,Unknown,Worker (A rating),Skilled Worker
Old Burlington Spirit Limited,London,Unknown,Worker (A rating),Skilled Worker
Old Orchard Clinic (Sussex) Limited,Eastbourne,Unknown,Worker (A rating),Skilled Worker
Oluto Uk Holdings Limited,Canterbury,Unknown,Worker (A rating),Skilled Worker
Omega Building Supplies Ltd T/A Omega Drywall & Insulation,Walsall,Unknown,Worker (A rating),Skilled Worker
Omega International Llc,Letchworth Garden City,Hertfordshire,Worker (A rating),Skilled Worker
Omi Bar Ltd,Leicester,Unknown,Worker (A rating),Skilled Worker
Omm & Khushi Hospitality Ltd,BATH,Unknown,Worker (A rating),Skilled Worker
One 10 Graphics Ltd,Tipton,Unknown,Worker (A rating),Skilled Worker
One Stop Express Ltd,London,Unknown,Worker (A rating),Skilled Worker
Onway Ldd Ltd,Reading,Berkshire,Worker (A rating),Skilled Worker
Open Plan Law Limited,Oxford,Oxfordshire,Worker (A rating),Skilled Worker
Open Technology Services Uk Limited,London,Unknown,Worker (A rating),Skilled Worker
Optical Fiber Packaging Ltd,Haverhill,Suffolk,Worker (A rating),Skilled Worker
Oranmac Limited,Newry,Down,Worker (A rating),Skilled Worker
Orbit Food Ltd,Wolverhampton,Unknown,Worker (A rating),Skilled Worker
Orchard Views Residential Care Home,Barnsley,South Yorkshire,Worker (A rating),Skilled Worker
Ordu Limited,SOUTHAMPTON HAMPSHIRE,Unknown,Worker (A rating),Skilled Worker
Organicco Ltd,Slough,Unknown,Worker (A rating),Skilled Worker
Orient Cable (Nbo Uk) Ltd.,London,Unknown,Worker (A rating),Global Business Mobility: Senior or Specialist Worker
Orient Cable (Nbo Uk) Ltd.,London,Unknown,Worker (A rating),Skilled Worker
Oryx Re Limited,London,Unknown,Worker (A rating),Skilled Worker
Os Designs And Partners Limited,London,Unknown,Worker (A rating),Skilled Worker
O'Shea Healthcare Ltd,Liverpool,Merseyside,Worker (A rating),Skilled Worker
Osteotec Limited,Thatcham,Berkshire,Worker (A rating),Skilled Worker
Ostrum Tech Limited,Crawley,England,Worker (A rating),Skilled Worker
Out Of Hours West Lancshire Cic,Skelmersdale,Unknown,Worker (A rating),Skilled Worker
Outcome Care And Support Limited,Wolverhampton,WOLVERHAMPTON,Worker (A rating),Skilled Worker
Outpost Technologies Ltd,London,Unknown,Worker (A rating),Skilled Worker
Outsee Limited,Cambridge,Cambridgeshire,Worker (A rating),Skilled Worker
Owen Fabrications Ltd,Greenford,Unknown,Worker (A rating),Skilled Worker
Oxeco U.K. Limited,Yarnton,Oxfordshire,Worker (A rating),Skilled Worker
Oxford Vintage Limited,Oxford,Oxfordshire,Worker (A rating),Skilled Worker
Ozone Auto Ltd,Sutton Coldfield,Unknown,Worker (A rating),Skilled Worker
P A & Son?????S Ltd,London,Unknown,Worker (A rating),Skilled Worker
P Cars Ltd,Wednesbury,Unknown,Worker (A rating),Skilled Worker
Pace-Six-Four Ltd,Bicester,Oxfordshire,Worker (A rating),Skilled Worker
Pakeezah Halal Meat Ltd,"Plaistow, London",Unknown,Worker (A rating),Skilled Worker
Pal Gems Ltd,LONDON,Unknown,Worker (A rating),Skilled Worker
Palace House Care Home Limited,Burnley,Unknown,Worker (A rating),Skilled Worker
Papillon Blue Ltd,London,Unknown,Worker (A rating),Skilled Worker
Paradise Indian Lounge Limited,Bolton,Unknown,Worker (A rating),Skilled Worker
Paragon Accounting & Tax Limited,London,Essex,Worker (A rating),Skilled Worker
Parallel Consulting Global Ltd.,London,Unknown,Worker (A rating),Skilled Worker
Parc Properties Ww Ltd,Loughborough,Unknown,Worker (A rating),Skilled Worker
Parti+ Limited,London,London,Worker (A rating),Skilled Worker
Passca Uk Ltd,London,Unknown,Worker (UK Expansion Worker: Provisional),Global Business Mobility: UK Expansion Worker
Path To Leaders Ltd,London,Unknown,Worker (A rating),Skilled Worker
Patisserie Rayan Ltd,Park Royal,London,Worker (A rating),Skilled Worker
Paws & Co Pet Health Ltd,Wakefield,Unknown,Worker (A rating),Skilled Worker
Pay Gateway Limited,London,Unknown,Worker (A rating),Skilled Worker
Pb Flaming Grill Ltd,RUGBY,Unknown,Worker (A rating),Skilled Worker
Pdl Finance Limited,London,Unknown,Worker (A rating),Skilled Worker
Peak Escape Ltd,Taunton,England,Worker (A rating),Skilled Worker
Peaks To Coastal Ltd  Ta  Base Camp Indian Kitchen,Cardiff,Unknown,Worker (A rating),Skilled Worker
Pearl Convenience Store Limited,NEWCASTLE UPON TYNE,TYNE AND WEAR,Worker (A rating),Skilled Worker
Pearly Smile Limited,Surbiton,Unknown,Worker (A rating),Skilled Worker
Pearson Ham Group Limited,London,Unknown,Worker (A rating),Skilled Worker
Perfect Chance Foundation,Dartford,Unknown,Temporary Worker (A rating),Charity Worker
Perfect Performance International Ltd,Bedfordshire,Unknown,Worker (A rating),Skilled Worker
Peri Peri Orignal Wolverton Ltd,MILTON KEYNES,BUCKS,Worker (A rating),Skilled Worker
Perowne International,London,Unknown,Worker (A rating),Skilled Worker
Petards Joyce Loebl,Gateshead,Tyne and Wear,Worker (A rating),Skilled Worker
Peter House Care Ltd,Milton Keynes,Unknown,Worker (A rating),Skilled Worker
Petra Projects Limited,Edgware,Unknown,Worker (A rating),Skilled Worker
Pharmacy Initiative 3 Ltd,WALLINGTON,SURREY,Worker (A rating),Skilled Worker
Pharmastop Healthcare Ltd,Bellshill,Lanarkshire,Worker (A rating),Skilled Worker
Phase Electrical Distributors Ltd,Eastbourne,East Sussex,Worker (A rating),Skilled Worker
Phatbitez Ltd,Milton Keynes,Unknown,Worker (A rating),Skilled Worker
Philo Consulting Services Ltd,Sutton Coldfield,Unknown,Worker (A rating),Skilled Worker
Phoenix Law Associates Ltd,LONDON,Unknown,Worker (A rating),Skilled Worker
Phoenix Seafoods (Uk) Ltd,London,Unknown,Worker (A rating),Skilled Worker
Phone Cloud Plus Ltd,"Hull, East Riding Of Yorkshire",Unknown,Worker (A rating),Skilled Worker
Phone Etnies Kingston Ltd,Kingston,Kingston,Worker (A rating),Skilled Worker
Piccola Villa Bianca Bushey Ltd,London,Unknown,Worker (A rating),Skilled Worker
Pine Education Ltd,London,Unknown,Worker (A rating),Skilled Worker
Pinnacle Care Homes Sussex Limited,Worthing,Unknown,Worker (A rating),Skilled Worker
Pivot Lending Ltd,London,Unknown,Worker (A rating),Skilled Worker
Pixel Panda Creative Ltd,High Wycombe,Unknown,Worker (A rating),Skilled Worker
Pixelpivot Ltd,Gloucester,Unknown,Worker (A rating),Skilled Worker
Pja Stanford Ltd T/A Papa Johns,Stanford-le-Hope,Unknown,Worker (A rating),Skilled Worker
Pjx Wgarden Ltd,Welwyn Garden CitY,Unknown,Worker (A rating),Skilled Worker
Pjz Rayleigh Ltd,Rayleigh,Unknown,Worker (A rating),Skilled Worker
Pk Foods (Blackburn) Limited,Blackburn,Lancashire,Worker (A rating),Skilled Worker
Plainscreen Limited,Aberdeen,Unknown,Worker (A rating),Skilled Worker
Platform Communications Group Ltd,London,Unknown,Worker (A rating),Skilled Worker
Plazology Ltd,Leeds,West Yorkshire,Worker (A rating),Skilled Worker
Pleasance Theatre Festival,London,London,Temporary Worker (A rating),Creative Worker
Plim Limited,London,Unknown,Worker (A rating),Skilled Worker
Pockit Limited,Loneon,Unknown,Worker (A rating),Skilled Worker
Pod Europe Ltd,London,Unknown,Worker (A rating),Skilled Worker
Ponyo Group Ltd,Teddington,Unknown,Worker (A rating),Skilled Worker
Porous Liquid Technologies Ltd.,Belfast,Antrim,Worker (A rating),Skilled Worker
Port Innovative Solutions Ltd,Stockport,England,Worker (UK Expansion Worker: Provisional),Global Business Mobility: UK Expansion Worker
Portia Ai Ltd,London,Unknown,Worker (A rating),Skilled Worker
Positron Technologies Ltd T/A Taxscouts,London,Unknown,Worker (A rating),Skilled Worker
Power Peads Physiotherapy Ltd,Wolverhampton,West Midlands,Worker (A rating),Skilled Worker
Ppa Energo S.R.O.,Hitchin,Hertfordshire,Worker (A rating),Global Business Mobility: Senior or Specialist Worker
Praan (Belper) Ltd T/A Praan Restaurant,Belper,Unknown,Worker (A rating),Skilled Worker
Preclizz Limited T/As Tasty African Food,LONDON,Unknown,Worker (A rating),Skilled Worker
Prematch Sports Ltd.,London,- select -,Worker (A rating),Global Business Mobility: Senior or Specialist Worker
Prematch Sports Ltd.,London,- select -,Worker (A rating),Skilled Worker
"Premier Heyside Ltd T/A Heyside Mini Market, Premier And Post Office",Oldham,Unknown,Worker (A rating),Skilled Worker
Premium Cuts Limited,London,Unknown,Worker (A rating),Skilled Worker
Prenga Limited,Borehamwood,England,Worker (A rating),Skilled Worker
Primary Care 24,Liverpool,Merseyside,Worker (A rating),Skilled Worker
Pritt Intertrade Limited,Solihull,Unknown,Worker (A rating),Skilled Worker
Prm International Limited T/A Efe'S Restaurant,Blackpool,Unknown,Worker (A rating),Skilled Worker
Pro Tax Accountancy Services Limited,Ipswich,Unknown,Worker (A rating),Skilled Worker
Probusiness Ltd,"Wells, Somerset,",Unknown,Worker (A rating),Skilled Worker
Procuretech Limited,London,Unknown,Worker (A rating),Global Business Mobility: Senior or Specialist Worker
Proffer Solution Ltd,Oldbury,Unknown,Worker (A rating),Skilled Worker
Progress Adult Living Services Ltd,Wolverhampton,Unknown,Worker (A rating),Skilled Worker
Project Golf Ltd,London,Unknown,Worker (A rating),Skilled Worker
Promx Uk Limited,Reading,Unknown,Worker (A rating),Global Business Mobility: Senior or Specialist Worker
Promx Uk Limited,Reading,Unknown,Worker (A rating),Skilled Worker
Proskauer Rose (London) Llp,London,Unknown,Worker (A rating),Global Business Mobility: Senior or Specialist Worker
Proskauer Rose (London) Llp,London,Unknown,Worker (A rating),Skilled Worker
Psu Trading Limited T/A Cheers Off Licence,Blackheath,London,Worker (A rating),Skilled Worker
Pubhouse & Kitchen Limited,Horsham,Unknown,Worker (A rating),Skilled Worker
Pulse Bodyworks Limited,london,Unknown,Worker (A rating),Skilled Worker
Purple Delights Limited,Birkenhead,Unknown,Worker (A rating),Skilled Worker
Pusula Ltd.,London,Unknown,Worker (A rating),Skilled Worker
Pyramid Pharma 7 Ltd,Stockton-on-Tees,Unknown,Worker (A rating),Skilled Worker
Q2Q Communications Ltd,Richmond,Surrey,Worker (A rating),Skilled Worker
Qiaochu Catering Management Ltd,Newcastle Upon Tyne,Unknown,Worker (A rating),Skilled Worker
Qima (Uk) Limited,London,Unknown,Worker (A rating),Skilled Worker
Quader Estates Limited,Sheffield,Unknown,Worker (A rating),Skilled Worker
Quality Professional Services Ltd,Rugby,Warwickshire,Worker (A rating),Skilled Worker
Quaysam Childcare Ltd,LONDON,Unknown,Worker (A rating),Skilled Worker
Quick Study Ltd,Birmingham,Unknown,Worker (A rating),Skilled Worker
Quicklase U.K. Limited,Canterbury,Unknown,Worker (A rating),Skilled Worker
Quiz Room Uk Ltd,London,Unknown,Worker (A rating),Skilled Worker
R M Beckett Ltd,Andover,Hampshire,Worker (A rating),International Sportsperson
R Ramachandran T/A Ram Stores-Londis,Sunderland,Unknown,Worker (A rating),Skilled Worker
R Spice Restaurant Limited,Coventry,Warwickshire,Worker (A rating),Skilled Worker
R&K Shamrock House Limited  T/A Shamrock House,Goole,Unknown,Worker (A rating),Skilled Worker
R&R Cars Ltd,Slough,Unknown,Worker (A rating),Skilled Worker
R&T Queensway Limited,Southampton,Unknown,Worker (A rating),Skilled Worker
R.P.G Signhire Limited,Middlesex,Unknown,Worker (A rating),Skilled Worker
Raber Limited,London,Unknown,Worker (A rating),Skilled Worker
Rabtech Ltd,Billericay,Unknown,Worker (A rating),Skilled Worker
Rah Partners Limited,Newcastle Upon Tyne,Unknown,Worker (A rating),Skilled Worker
Rainbow Care Service Centre (Rainbow Care Ltd),LEICESTER,Unknown,Worker (A rating),Skilled Worker
Rainbowl Ltd,Nottingham,Nottinghamshire,Worker (A rating),Skilled Worker
Ramin Zacks Ltd T/A Latif Indian Restaurant,Newcastle Upon Tyne,Unknown,Worker (A rating),Skilled Worker
Ranavaya Retail Ltd,MANSFIELD,Unknown,Worker (A rating),Skilled Worker
Rapid Response Personnel Ltd,Weston-super-Mare,England,Worker (A rating),Skilled Worker
Raw Cement Limited,Colchester,Essex,Worker (A rating),Skilled Worker
Rbl Construction Ltd,Hertfordshire,Unknown,Worker (A rating),Skilled Worker
"Rccg Throne Of Grace, Wisbech",WISBECH,CAMBRIGDESHIRE,Worker (A rating),Tier 2 Ministers of Religion
Rdx Inc Limited,Bury,Unknown,Worker (A rating),Skilled Worker
Reachout24 Healthcare Ltd,Crawley,West Sussex,Worker (A rating),Skilled Worker
Reading Stained Glass,READING,BERKS,Worker (A rating),Skilled Worker
Real Health Supplements Ltd,London,Unknown,Worker (A rating),Skilled Worker
Realway Ltd T/A Dhe Chayakkada, London,Unknown,Worker (A rating),Skilled Worker
Rebelunicorngroupltd,London,Unknown,Worker (A rating),Skilled Worker
Red Construction Ltd,Solihull,Unknown,Worker (A rating),Skilled Worker
Reddy'S 2 Ltd,Cambridge,Unknown,Worker (A rating),Skilled Worker
Redhat Capital Plc,London,Unknown,Worker (A rating),Skilled Worker
Redhill Academy Trust,Arnold,Nottingham,Worker (A rating),Skilled Worker
Redhill Photo Centre Ltd,Surrey,Unknown,Worker (A rating),Skilled Worker
Regallite Properties Ltd,Harrow,Unknown,Worker (A rating),Skilled Worker
Regina Limon Vega Limited,London,Unknown,Worker (A rating),Skilled Worker
Rehbr Uk Limited,Manchester,Unknown,Worker (A rating),Skilled Worker
Reliable Certification Ltd,Greenford,Middlesex,Worker (A rating),Skilled Worker
Reliable Supported Living Ltd,Birmingham,Unknown,Worker (A rating),Skilled Worker
Renaissance Community Care Services Ltd T/As Ashwood Residential Care Home,WIGAN,LANCASHIRE,Worker (A rating),Skilled Worker
Renewable Micro Solutions Ltd,Coventry,Unknown,Worker (A rating),Skilled Worker
Renewhue Ltd,Dartford,Unknown,Worker (A rating),Skilled Worker
Restaurant Andrew Fairlie,Auchterarder,Perthshire,Worker (A rating),Skilled Worker
Restaurant Sat Bains Ltd,Nottingham,Unknown,Worker (A rating),Skilled Worker
Restek-Uk Limited,Ripley,Derbyshire,Worker (A rating),Skilled Worker
Resultance Uk Limited,London,Unknown,Worker (A rating),Skilled Worker
Retail Economics Ltd,London,United Kingdom,Worker (A rating),Skilled Worker
Reva Beauty Limited,Louth,Lincolnshire,Worker (A rating),Skilled Worker
Reza Solicitors Ltd,London,Unknown,Worker (A rating),Skilled Worker
Rgharmony Care Limited,Willenhall,Unknown,Worker (A rating),Skilled Worker
Richmond Group Management Services Limited,Bournemouth,Unknown,Worker (A rating),Skilled Worker
Ricoh Printing Solutions Europe,Telford,Unknown,Worker (A rating),Global Business Mobility: Senior or Specialist Worker
Ricoh Printing Solutions Europe,Telford,Unknown,Worker (A rating),Skilled Worker
Right Recruitment 24-7 Limited,Birmingham,Unknown,Worker (A rating),Skilled Worker
Rightcharge Limited,London,Unknown,Worker (A rating),Skilled Worker
Riima Oldham Limited,Oldham,Unknown,Worker (A rating),Skilled Worker
Ritecrown Ltd,London,Unknown,Worker (A rating),Skilled Worker
Riverside Care Home Limited,Burton on Trent,Unknown,Worker (A rating),Skilled Worker
Riyana Ltd,ABERDEEN,Unknown,Worker (A rating),Skilled Worker
Rizwan Halal Meat And Grocery,Leicester,Unknown,Worker (A rating),Skilled Worker
Rjp Innovations Ltd,LONDON,Unknown,Worker (A rating),Skilled Worker
Rk Support Services Limited,London,Unknown,Worker (A rating),Skilled Worker
Rkm Enterprise Limited,Swindon,Unknown,Worker (A rating),Skilled Worker
Rm Restaurants Group Ltd T/A Amigos Burgers & Shakes,London,Unknown,Worker (A rating),Skilled Worker
Rmj Trading Ltd,Grantham, United Kingdom,Worker (A rating),Skilled Worker
Rnhs Limited,Bolton,Unknown,Worker (A rating),Skilled Worker
Rnz Equepet Uk Ltd,London,Unknown,Worker (A rating),Skilled Worker
Roberts Care And Training Limited,Paisley,Renfrewshire,Worker (A rating),Skilled Worker
Rock Chiropractic Dc Limited T/A Rock Chiropractic Health Centre,Devon,Unknown,Worker (A rating),Skilled Worker
Rock Island Consultancy Ltd,London,Unknown,Worker (A rating),Skilled Worker
Rodeo Goods Ltd,Reading,Unknown,Worker (A rating),Skilled Worker
Rogers Spencer Limited,Nottingham,Unknown,Worker (A rating),Skilled Worker
Rollingflow Ltd,Stretford,England,Worker (A rating),Skilled Worker
Roofing Excellence & Building Services Ltd,Southall,Unknown,Worker (A rating),Skilled Worker
Rooster Construction Ltd,Bournemouth,Dorset,Worker (A rating),Skilled Worker
Rootstack Ltd,Surrey,England,Worker (A rating),Skilled Worker
Rosenxt Uk Ltd,Aberdeen,Unknown,Worker (A rating),Global Business Mobility: Senior or Specialist Worker
Rosenxt Uk Ltd,Aberdeen,Unknown,Worker (A rating),Skilled Worker
Rowfer Limited,London,Unknown,Worker (A rating),Skilled Worker
Rs Knitwear Ltd,Manchester,Unknown,Worker (A rating),Skilled Worker
Rsbj Foods Ltd T/A Doughlicious,Newport,Unknown,Worker (A rating),Skilled Worker
Rsk Transport Ltd,Cannock,Unknown,Worker (A rating),Skilled Worker
Rt Chandos Ltd T/A Redland Tandoori,Bristol,Unknown,Worker (A rating),Skilled Worker
Rtn Mental Health Solutions,London,Unknown,Worker (A rating),Skilled Worker
Rts London Limited,Harrow,Unknown,Worker (A rating),Skilled Worker
S K (Newhall) Ltd,Coventry,Unknown,Worker (A rating),Skilled Worker
S V Pharmacies Limited,SOUTH WOODFORD,Unknown,Worker (A rating),Skilled Worker
S&N Express Ltd,Northolt,London,Worker (A rating),Skilled Worker
S.J.M. Limited Trading As Sjm Concerts,Manchester,Greater Manchester,Temporary Worker (A rating),Creative Worker
S.J.M. Limited Trading As Sjm Concerts,Manchester,Greater Manchester,Worker (A rating),Skilled Worker
Sa Equipment Ltd,Broxburn,Unknown,Worker (A rating),Skilled Worker
Sa Network Technologies Limited,London,Unknown,Worker (A rating),Skilled Worker
Safe Haven Training Ltd,Cannock,Staffordshire,Worker (A rating),Skilled Worker
Safe Homes S.E Limited,Dartford,Unknown,Worker (A rating),Skilled Worker
Sahi Bazar Ltd T/A Shahi Bazar,Cheltenham,Unknown,Worker (A rating),Skilled Worker
Sai Vissa Foods Ltd T/As Pepe'S Piri Piri,Glasgow,Unknown,Worker (A rating),Skilled Worker
Saicho Ltd,Solihull,Unknown,Worker (A rating),Skilled Worker
Sailotech Uk Ltd,Aylesbury,Buckinghamshire,Worker (A rating),Skilled Worker
Sakan Restaurant Ltd,Wallington,Unknown,Worker (A rating),Skilled Worker
Saleostech Limited,Milton Keynes,Unknown,Worker (A rating),Skilled Worker
Samayesha Trading Ltd,Carnoustie,Unknown,Worker (A rating),Skilled Worker
Samba Tv Uk Limited,Cheltenham,Unknown,Worker (A rating),Global Business Mobility: Senior or Specialist Worker
Samba Tv Uk Limited,Cheltenham,Unknown,Worker (A rating),Skilled Worker
Samiul Construction Ltd,Keighley,Unknown,Worker (A rating),Skilled Worker
Samotics Ltd,London,Unknown,Worker (A rating),Skilled Worker
Sams Solutions Limited,Ilford,Unknown,Worker (A rating),Skilled Worker
Sandalyeci London Ltd,London,Unknown,Worker (A rating),Skilled Worker
Sapphire Logistics London Limited,Croydon,Unknown,Worker (A rating),Skilled Worker
Sarvik Ltd,Morden,Unknown,Worker (A rating),Skilled Worker
Sas Water Limited,Leek,England,Worker (A rating),Skilled Worker
Sash Lounge Limited,WIGAN,Unknown,Worker (A rating),Skilled Worker
Sasi Supermarket Limited,Colchester,Unknown,Worker (A rating),Skilled Worker
Sati Services Limited,Bridgend,Unknown,Worker (A rating),Skilled Worker
Savers Express Limited T/A Premier,Manchester,Unknown,Worker (A rating),Skilled Worker
Sbw Group Ltd,London,Unknown,Worker (A rating),Skilled Worker
Scaleup Street Limited,High Wycombe,Unknown,Worker (A rating),Skilled Worker
Science Based Targets Initiative,London,Unknown,Worker (A rating),Skilled Worker
Scinomed Ltd,Harrogate,North Yorkshire,Worker (A rating),Skilled Worker
Scopus Asbestos Compliance Ltd,Ossett,West Yorkshire,Worker (A rating),Skilled Worker
Sd Food & Wine Ltd,LONDON,Unknown,Worker (A rating),Skilled Worker
Sdl Group Ltd,Burnley,LANCASHIRE,Worker (A rating),Skilled Worker
Sea Global Group Ltd,London,Unknown,Worker (A rating),Skilled Worker
Secen London Ltd,London,Unknown,Worker (A rating),Skilled Worker
Secure Logiq Ltd,Crawley,Unknown,Worker (A rating),Skilled Worker
Secure Subs Limited,Sutton Coldfield,Unknown,Worker (A rating),Skilled Worker
Secure Thingz Ltd Trading As Iar,Cambridge,United Kingdom,Worker (A rating),Skilled Worker
Sefardi Ltd T/A Bala Baya,London,Unknown,Worker (A rating),Skilled Worker
Sefton Place Advisors Limited, London,Unknown,Worker (A rating),Skilled Worker
Sehgal And Grandsons Private Limited,Hounslow,Unknown,Worker (A rating),Skilled Worker
Serenity Care Group Ltd,London,Unknown,Worker (A rating),Skilled Worker
Seri Ltd,Pontypridd,Wales,Worker (A rating),Skilled Worker
Servy Technologies Uk Limited,London,Unknown,Worker (A rating),Skilled Worker
Servy Technologies Uk Limited,London,Unknown,Worker (A rating),Global Business Mobility: Senior or Specialist Worker
Severn Drives And Energy Ltd,"Kibworth, Beauchamp",Leicestershire,Worker (A rating),Skilled Worker
Seyf Dental,London,London,Worker (A rating),Skilled Worker
Sf Equine Limited,Dorking,Surrey,Worker (A rating),Skilled Worker
Sgim & Sush Limited,Stroud,Unknown,Worker (A rating),Skilled Worker
Sgvu Trading Limited,Ellesmere Port,Unknown,Worker (A rating),Skilled Worker
Shabnaz Sara Limited T/A Saras,Loughborough,Unknown,Worker (A rating),Skilled Worker
Shaftesbury Accounting Services Ltd,Shaftesbury,Dorset,Worker (A rating),Skilled Worker
Shakti Women'S Aid,Edinburgh,Unknown,Worker (A rating),Skilled Worker
Shant Ltd,Kings Lynn,Unknown,Worker (A rating),Skilled Worker
Sharma Group Of Businesses Ltd,Sheffield,South Yorkshire,Worker (A rating),Skilled Worker
Sharpsmart Limited,Durham,Unknown,Worker (A rating),Skilled Worker
Shawn Packaging Limited,Aylesbury,Unknown,Worker (A rating),Skilled Worker
Sheep Included Ltd,London,Unknown,Worker (A rating),Skilled Worker
Shehaj Fitness Ltd,London,Bromley,Worker (A rating),Skilled Worker
Shelter Hall Limited,London,Unknown,Worker (A rating),Skilled Worker
Shenward (London) Limited,Harrow,Middlesex,Worker (A rating),Skilled Worker
Shipquay Hotel Ltd,Londonderry,Unknown,Worker (A rating),Skilled Worker
Shivam Enterprise Ltd,CLIPSTONE,NOTTHINGHAMSHIRE,Worker (A rating),Skilled Worker
Shoreditch Opco Limited,Battle,Unknown,Worker (A rating),Skilled Worker
Showheroes Ltd,East Molesey,London,Worker (A rating),Skilled Worker
Signature Healthcare Ltd,Birmingham,West Midlands,Worker (A rating),Skilled Worker
Sikor London Limited,London,England,Worker (A rating),Skilled Worker
Silver Regulatory Associates Llc,London,Unknown,Worker (UK Expansion Worker: Provisional),Global Business Mobility: UK Expansion Worker
Silverstar Packaging Limited,Barking,Unknown,Worker (A rating),Skilled Worker
Sim Distributors Ltd,Hounslow,Unknown,Worker (A rating),Skilled Worker
Simple Hair Limited,Londdon,Unknown,Worker (A rating),Skilled Worker
Simra'S Fashion Uk Ltd,Oldham,Unknown,Worker (A rating),Skilled Worker
Singar Beauty Limited T/A Singar Beauty,Knowle,Unknown,Worker (A rating),Skilled Worker
Singleton Nursing & Residential Home Ltd,Ashford,Kent,Worker (A rating),Skilled Worker
Sitcon Consulting Ltd,"Slough,",Unknown,Worker (A rating),Skilled Worker
Siyamala Vaakeesan T/A Mersea Island Supermarket,West Mersea,Unknown,Worker (A rating),Skilled Worker
Sja Ventures Ltd T/A Dundee Grocer And Vapes,Dundee,Unknown,Worker (A rating),Skilled Worker
Sk Wine And Food Limited T/A Reena'S,West Drayton,Unknown,Worker (A rating),Skilled Worker
Skoen Food And Logistics Ltd T/A Skoen,Hitchin,Unknown,Worker (A rating),Skilled Worker
Skyluxe Aviation Group Ltd,London,Unknown,Worker (A rating),Skilled Worker
Slater & Gordon (Uk) 1 Limited,Manchester,Unknown,Worker (A rating),Skilled Worker
Slater & Gordon (Uk) 1 Limited,Manchester,Unknown,Worker (A rating),Global Business Mobility: Senior or Specialist Worker
Slice & Bites Soton Limited,SOUTHAMPTON,Unknown,Worker (A rating),Skilled Worker
Sloaner Ltd,London,Unknown,Worker (A rating),Skilled Worker
Smart Awnings And Canopies Limited,Bristol,Unknown,Worker (A rating),Skilled Worker
Smart Clinics Ltd T/A Simply Clinics,London,Unknown,Worker (A rating),Skilled Worker
Smartcities Ltd,Luton,Unknown,Worker (A rating),Skilled Worker
Smartway Energy Ltd,Ashton-Under-Lyne,Lancashire,Worker (A rating),Skilled Worker
Smile Care Pocklington Limited,Slough,Unknown,Worker (A rating),Skilled Worker
Smoothcart Limited,Birmingham,West Midlands,Worker (A rating),Skilled Worker
Smw Bookkeeping Services Ltd,Hounslow,Unknown,Worker (A rating),Skilled Worker
Snare Divide Ltd,London,County (Optional),Worker (A rating),Skilled Worker
Snowflakes Montessori Limited,SOUTHALL,Unknown,Worker (A rating),Skilled Worker
So Technology Ltd,London,Unknown,Worker (A rating),Skilled Worker
Soaring Heights Care Ltd,Tottenham,London,Worker (A rating),Skilled Worker
Sodhi Real Estate Ltd,ESSEX,Unknown,Worker (A rating),Skilled Worker
Sofaselectionuk Ltd,BIRMINGHAM,Unknown,Worker (A rating),Skilled Worker
Soho Commodities And Energy Uk Limited,London,Unknown,Worker (A rating),Skilled Worker
Soothing Hands Limited,Stroud,Gloucestershire,Worker (A rating),Skilled Worker
Souk & Savour Ltd T/A Rahmath,BRADFORD,Unknown,Worker (A rating),Skilled Worker
South American Agency Limited,KENT,Unknown,Worker (A rating),Skilled Worker
South West Tyre Recycling Ltd,SALTASH,CORNWALL,Worker (A rating),Skilled Worker
Souvenir And Gift Stores Scot Ltd,Glasgow,City of Glasgow,Worker (A rating),Skilled Worker
Space Made Group Limited,London,Unknown,Worker (A rating),Skilled Worker
Spaitial Ltd,London,Unknown,Worker (A rating),Skilled Worker
Spb Civil Engineering Ltd,Waterlooville,Hants,Worker (A rating),Skilled Worker
Speedy Jobs Ltd,England,Unknown,Worker (A rating),Skilled Worker
Speedy Links Ltd,Hounslow,Unknown,Worker (A rating),Skilled Worker
Sperrin Metal Products Ltd,draperstown,derry,Worker (A rating),Skilled Worker
Spice Exchange Limited,Cheltenham,Unknown,Worker (A rating),Skilled Worker
Spice Of India Restaurant Ltd,Warrington,Unknown,Worker (A rating),Skilled Worker
Spicy Waves Ltd,Lancashire,Unknown,Worker (A rating),Skilled Worker
Spirit Motor Company Limited,Bolton,Greater Manchester,Worker (A rating),Skilled Worker
Spitfryer Public House Ltd T/A Saffron Restaurant,Castle Bromwich,Unknown,Worker (A rating),Skilled Worker
Sports Cafe (Bfd) Limited,Bradford,Unknown,Worker (A rating),Skilled Worker
Spt Leeds Ltd,LEEDS,Unknown,Worker (A rating),Skilled Worker
Squad Sports Ltd,Tring,Unknown,Worker (A rating),Skilled Worker
Srigowri Services Limited,MILTON KEYNES,Unknown,Worker (A rating),Skilled Worker
Srs Care Limited,Birmingham,West Midlands,Worker (A rating),Skilled Worker
Ssd Transport Limited,Wolverhampton,Unknown,Worker (A rating),Skilled Worker
St Andrew'S Catholic Primary School,London,Streatham,Worker (A rating),Skilled Worker
St Benedict Catholic Academy Trust,Croydon,Greater London,Worker (A rating),Skilled Worker
St Clare'S Oxford,Oxford,Unknown,Worker (A rating),Skilled Worker
St Leger Homes Doncaster Limited,Doncaster,Unknown,Worker (A rating),Skilled Worker
St Margaret'S School Hampstead,London,London,Worker (A rating),Skilled Worker
St.Vibes Ltd,London,Unknown,Worker (A rating),Skilled Worker
Stam (London) Limited,Harrow,Unknown,Worker (A rating),Skilled Worker
Stanelco Rf Technologies Limited,Southampton,Unknown,Worker (A rating),Skilled Worker
Star Of Molesey Ltd T/A Surbiton Charcoal Grill,Surbiton,Unknown,Worker (A rating),Skilled Worker
Star World Convenience Ltd,Swindon,Unknown,Worker (A rating),Skilled Worker
Starhouse Trading Group Ltd Trading As Kurinji Supermarket,Maidenhead,Berkshire,Worker (A rating),Skilled Worker
Start Well Drylining Company Limited,Coventry,Unknown,Worker (A rating),Skilled Worker
Steakbox Limited,London,Unknown,Worker (A rating),Skilled Worker
Step Up Children And Family Services Limited,Huddersfield,Unknown,Worker (A rating),Skilled Worker
Stichwork Ltd,Basingstoke,Unknown,Worker (A rating),Skilled Worker
Stirling Baptist Church,Stirling,Stirlingshire,Temporary Worker (A rating),Charity Worker
Stokely Healthcare Ltd,Taunton,Somerset,Worker (A rating),Skilled Worker
Stolon Studio Ltd,London,Unknown,Worker (A rating),Skilled Worker
Stort Valley Healthcare Ltd,London,Unknown,Worker (A rating),Skilled Worker
Strawbury Stays Ltd,Bury,Lancashire,Worker (A rating),Skilled Worker
Stride Ventures Uk Advisors Ltd,London,Unknown,Worker (A rating),Global Business Mobility: Senior or Specialist Worker
Stride Ventures Uk Advisors Ltd,London,Unknown,Worker (A rating),Skilled Worker
Strudley Group Limited T/A Subway,Stroud,Unknown,Worker (A rating),Skilled Worker
Studio Montagu Limited,London,Unknown,Worker (A rating),Skilled Worker
Studio Moren Ltd,London,Unknown,Worker (A rating),Skilled Worker
Sukawatee St Albans Limited,St Albans,Unknown,Worker (A rating),Skilled Worker
Sukhi Construction Limited,Buckingshire,Unknown,Worker (A rating),Skilled Worker
Suki Convenience Ltd,Doncaster,Unknown,Worker (A rating),Skilled Worker
Sum Ex International Limited,London,Unknown,Worker (A rating),Skilled Worker
Sumer Group Holdings Limited,Crawley,Unknown,Worker (A rating),Skilled Worker
Sumitomo Chemical (Uk) Ltd,London,Unknown,Worker (A rating),Skilled Worker
Sumitomo Chemical (Uk) Ltd,London,Unknown,Worker (A rating),Global Business Mobility: Senior or Specialist Worker
Summit Chiropractic Limited,Watford,Hertfordshire,Worker (A rating),Skilled Worker
Sun Star Global Ltd,Southall,Unknown,Worker (A rating),Skilled Worker
Sunday Treat Limited,London,Unknown,Worker (A rating),Skilled Worker
Sunshine Vehicle Uk Limited,London,Unknown,Worker (A rating),Skilled Worker
Suono Consultancy Limited,Weybridge,Unknown,Worker (A rating),Skilled Worker
Superfect Trading Limited,Surrey,Unknown,Worker (A rating),Skilled Worker
Superflux Limited,London,Unknown,Worker (A rating),Skilled Worker
Surfers Against Sewage Limited,Truro,Cornwall,Temporary Worker (A rating),Charity Worker
Sussex Homecare Support Limited T/A Good Oaks Home Care (Mid-Sussex),Burgess Hill,West Sussex,Worker (A rating),Skilled Worker
Sussex Staffing Ltd,Bexhill-On-Sea,Unknown,Worker (A rating),Skilled Worker
Sutton Care Solutions Limited,Edinburgh,Unknown,Worker (A rating),Skilled Worker
Sutton Finest Ltd T/A Rayu Pan Asian,Birmingham,Unknown,Worker (A rating),Skilled Worker
Sutton News & Convenience Stores Limited T/A Sutton Convenience Store,Derbyshire,Unknown,Worker (A rating),Skilled Worker
Svi Design Limited,London,Unknown,Worker (A rating),Skilled Worker
Swift Blue Ltd,Birmingham,Unknown,Worker (A rating),Skilled Worker
Swift Consultant Ltd,England,Unknown,Worker (A rating),Skilled Worker
Swimlane Uk Ltd,Chobham,Unknown,Worker (A rating),Global Business Mobility: Senior or Specialist Worker
Swimlane Uk Ltd,Chobham,Unknown,Worker (A rating),Skilled Worker
Swor Limited,London,Unknown,Worker (A rating),Skilled Worker
Sybaritic Pubs Limited,London,Unknown,Worker (A rating),Skilled Worker
Sync Taxis Limited,Newport,Unknown,Worker (A rating),Skilled Worker
Synverse Tech Limited,Brentford,Middlesex,Worker (A rating),Skilled Worker
T & G Traders Ltd," Plymouth, Devon",Unknown,Worker (A rating),Skilled Worker
T Bellingham Ltd T/A Liskeard Dental Centre,Cornwall,Unknown,Worker (A rating),Skilled Worker
T G U Eng Limited,NUNEATON,WARWICKSHIRE,Worker (A rating),Skilled Worker
T G U Eng Limited,NUNEATON,WARWICKSHIRE,Temporary Worker (A rating),Global Business Mobility: Service Supplier
T Gen Limited,Manchester,Unknown,Worker (A rating),Skilled Worker
T L Rose Supermarket Ltd,Kent,Unknown,Worker (A rating),Skilled Worker
Taar Technologica Ltd,Slough,Unknown,Worker (A rating),Skilled Worker
Tall Oaks Care Home,Biddulph,Unknown,Worker (A rating),Skilled Worker
Tang Technology Consultancy Ltd,London,Unknown,Worker (A rating),Skilled Worker
Tapa Tapa Ltd,LONDON,LONDON,Worker (A rating),Skilled Worker
Tarlingwell Ltd T/A Ben Jonson Road Fish Bazar,London,Unknown,Worker (A rating),Skilled Worker
Taste Of Desi Spices Ltd,LONDON,Unknown,Worker (A rating),Skilled Worker
Tatham Law Llp,London,Unknown,Worker (A rating),Skilled Worker
Tbp Serviceco Limited,London,Unknown,Worker (A rating),Skilled Worker
Team Plan Ltd,Leeds,West Yorkshire,Worker (A rating),Skilled Worker
Tech Yug Ltd,Hounslow,Unknown,Worker (A rating),Skilled Worker
Technomust Ltd,London,Unknown,Worker (A rating),Skilled Worker
Tema Engineering Limited,Cardfii,Unknown,Worker (A rating),Skilled Worker
Ten Square Hotel,Belfast,Unknown,Worker (A rating),Skilled Worker
Tener Limited,Edinburgh,Unknown,Worker (A rating),Skilled Worker
Tesol International Academy Limited,London,England,Worker (A rating),Skilled Worker
Texaco Fuel Station - St Stephens,Worcester,Unknown,Worker (A rating),Skilled Worker
Texaport Limited,Edinburgh,Midlothian,Worker (A rating),Skilled Worker
Textile & Graphics Solutions Ltd,Leicester,Unknown,Worker (A rating),Skilled Worker
Tff Realty Ltd,London,Unknown,Worker (A rating),Skilled Worker
The Ancoats Vape Lounge Ltd,MANCHESTER,Unknown,Worker (A rating),Skilled Worker
The Bakers Art Ltd,London,Unknown,Worker (A rating),Skilled Worker
The Bath Priory Limited,Bath,Somerset,Worker (A rating),Skilled Worker
The Beverage House Limited,Thornton Heath,Unknown,Worker (A rating),Skilled Worker
The Big Flavour Co Limited,Milton Keynes,Unknown,Worker (A rating),Skilled Worker
The Blakeney Group Limited,London,Unknown,Worker (A rating),Skilled Worker
The Bosham Clinic Limited,Chichester,West Sussex,Worker (A rating),Skilled Worker
The Boxoffice Company (Glasgow) Limited,Glasgow,Unknown,Worker (A rating),Skilled Worker
The Bridge Mat Ltd,London,Unknown,Worker (A rating),Skilled Worker
The Bug And Barrel Limited,Birmingham,West Midlands,Worker (A rating),Skilled Worker
The Cataract Centre Limited,London,Unknown,Worker (A rating),Skilled Worker
The Croft Care Home (Whalley) Limited,Lancashire,Unknown,Worker (A rating),Skilled Worker
The Eggfree Cake Box (Plumstead) Limited,Plumstead,Unknown,Worker (A rating),Skilled Worker
The Events Company.Co.Uk Ltd,Redditch,Worcestershire,Worker (A rating),Skilled Worker
The Footsoldiers Design Consultancy Limited,London,Greater London,Worker (A rating),Skilled Worker
The Friday Agency Limited,London,Unknown,Worker (A rating),Skilled Worker
The Gibson House St.Andrews Scio,St. Andrews,Unknown,Worker (A rating),Skilled Worker
The Global Fund For Children Uk Trust,London,Unknown,Worker (A rating),Skilled Worker
The Grafton Rooms Ltd,Northampton,Unknown,Worker (A rating),Skilled Worker
The Heath Inn Ltd T/As The Heath Inn,Heath And Reach,Leighton Buzzard,Worker (A rating),Skilled Worker
The Hermitage Pubs Ltd,EDINBURGH,Unknown,Worker (A rating),Skilled Worker
The Highlander Belsay Ltd,Belsay,Northumberland,Worker (A rating),Skilled Worker
The Hyde Pharmacy,London,Unknown,Worker (A rating),Skilled Worker
The John Wallis Church Of England Academy,Ashford,Kent,Worker (A rating),Skilled Worker
The Krave Peri Peri Limited,Hatfield,Unknown,Worker (A rating),Skilled Worker
The Lounge Room Ltd,London,Unknown,Worker (A rating),Skilled Worker
The Mainstay Foundation,London,Unknown,Worker (A rating),Skilled Worker
The Marmalade Group Limited,London,Unknown,Worker (A rating),Skilled Worker
The Mayfield Residential Care Home Limited,Harrow,Middlesex,Worker (A rating),Skilled Worker
The Meating Room Harpenden Ltd,AL5 4SA,Unknown,Worker (A rating),Skilled Worker
The Midnight Club Limited,London,Unknown,Worker (A rating),Skilled Worker
The Mudchute Association,London,Unknown,Worker (A rating),Skilled Worker
The Nexus Club London Limited,London,Unknown,Worker (A rating),Global Business Mobility: Senior or Specialist Worker
The Nexus Club London Limited,London,Unknown,Worker (A rating),Skilled Worker
The Original Dilraj Limited T/A The Original Dil Raj Tandoori Restaurant,Dodworth,South Yorkshire,Worker (A rating),Skilled Worker
The Park Academies Trust,Swindon,Wiltshire,Worker (A rating),Skilled Worker
"The Parochial Church Council Of The Ecclesiastical Parish Of St Paul, Slough",Slough,Unknown,Worker (A rating),Skilled Worker
The Philosophy Works Ltd,London,Unknown,Worker (A rating),Skilled Worker
The Phone Zone,Coventry,Unknown,Worker (A rating),Skilled Worker
The Pinner Road Surgery,Harrow,Middlesex,Worker (A rating),Skilled Worker
The Real Good Dental Company Ltd T/A Glenburn Dental Practice,Paisley,Unknown,Worker (A rating),Skilled Worker
The Red Cow Pub (Chrishall) Ltd T/A The Red Cow,Royston,Hertfordshire,Worker (A rating),Skilled Worker
The Red House (Ashtead) Ltd,London,Unknown,Worker (A rating),Skilled Worker
The Roald Dahl Story Company Limited,London,Unknown,Temporary Worker (A rating),Creative Worker
The Romans London Limited,London,Unknown,Worker (A rating),Skilled Worker
The Sharpen Instrument Ltd,London,Unknown,Worker (A rating),Skilled Worker
The Sheringham Trawler,Sheringham,Norfolk,Worker (A rating),Skilled Worker
The Sicilian 313 Railton Ltd,London,Unknown,Worker (A rating),Skilled Worker
The Superultrarare Limited,Huddersfield,West Yorskhire,Worker (A rating),Skilled Worker
The Zaha Hadid Foundation,London,Unknown,Worker (A rating),Skilled Worker
Thea Drurys Quality Meats Ltd,Ellesmere Port,Unknown,Worker (A rating),Skilled Worker
Thetaray Private  Limited,London,Unknown,Worker (A rating),Global Business Mobility: Senior or Specialist Worker
Thetaray Private  Limited,London,Unknown,Worker (A rating),Skilled Worker
Thomas Hutchinson And Sons Limited,COOKSTOWN,TYRONE,Worker (A rating),Skilled Worker
Thor Ltd,London,Unknown,Worker (A rating),Skilled Worker
Thorpe Pharma Ltd,Boston,Unknown,Worker (A rating),Skilled Worker
Three Rocks Ltd,Thame,Oxfordshire,Worker (A rating),Skilled Worker
Three Strawberry Group Ltd,Hounslow,Unknown,Worker (A rating),Skilled Worker
Tierney Strachan Consulting Limited,Aberdeen,Unknown,Worker (A rating),Skilled Worker
Tikka Meala Limited,Birmingham,Unknown,Worker (A rating),Skilled Worker
Timma Private Limited T/A /Coppers,Hythe,Unknown,Worker (A rating),Skilled Worker
Tj Fish & Chips Limited,Tenterden,Unknown,Worker (A rating),Skilled Worker
Tkd Costless Grocery Ltd,Rochester,Unknown,Worker (A rating),Skilled Worker
Tlc Travel Ltd,Bradford,West Yorkshire,Worker (A rating),Skilled Worker
Tm Gallants Limited,London,Unknown,Worker (A rating),Skilled Worker
Tmm Courier Ltd,Nelson,Unknown,Worker (A rating),Skilled Worker
Tns Retail Limited,NOTTINGHAM,Unknown,Worker (A rating),Skilled Worker
Top View London Limited,London,Unknown,Worker (A rating),Skilled Worker
Topbase Ltd T/A Lalbagh Halal Food Store,London,Poplar,Worker (A rating),Skilled Worker
Topcare Limited T/A Albany Nursing Home,London,London,Worker (A rating),Skilled Worker
Tops Pizza (Rayners Lane) Limited,Harrow,Unknown,Worker (A rating),Skilled Worker
Toska Grup Limited,KENT,Unknown,Worker (A rating),Skilled Worker
Total Project Management Group Ltd,Bonnyrigg,Midlothian,Worker (A rating),Skilled Worker
Tottenham Wines,London,Unknown,Worker (A rating),Skilled Worker
Touchstone Advisory Limited,London,Unknown,Worker (A rating),Skilled Worker
Tp Infinity Uk Ltd,KENTON,Unknown,Worker (A rating),Skilled Worker
Trafalgar Partners Limited,London,Unknown,Worker (A rating),Skilled Worker
Traffic Tech U.K Ltd,Surrey,Unknown,Worker (A rating),Skilled Worker
Traqcheck Limited,London,Unknown,Worker (UK Expansion Worker: Provisional),Global Business Mobility: UK Expansion Worker
Tre Arcieri Limited,Guildford,Surrey,Worker (A rating),Skilled Worker
Trigon Fire Safety,Richmond,Unknown,Worker (A rating),Skilled Worker
Triguna Ventures Limited,London,Unknown,Worker (A rating),Skilled Worker
Trimble R&D Uk Limited,Morley,Leeds,Worker (A rating),Skilled Worker
Trimble R&D Uk Limited,Morley,Leeds,Worker (A rating),Global Business Mobility: Senior or Specialist Worker
Triple A African Food Store Limited,Greenock,Unknown,Worker (A rating),Skilled Worker
Trogenix Limited,Edinburgh,Unknown,Worker (A rating),Skilled Worker
Trumeter Technologies Ltd,Bury,Unknown,Worker (A rating),Skilled Worker
Trust Electric Heating,Garforth,Unknown,Worker (A rating),Skilled Worker
Trustus Care Uk Ltd,Ilford,Unknown,Worker (A rating),Skilled Worker
Tsakos Shipping (London) Limited,London,Unknown,Worker (A rating),Skilled Worker
Tsc Hospitality Ltd,London,Unknown,Worker (A rating),Skilled Worker
Tt &Gizmo Limited,Newbury,Unknown,Worker (UK Expansion Worker: Provisional),Global Business Mobility: UK Expansion Worker
Ttmj Limited,London,Unknown,Worker (A rating),Skilled Worker
Tufcoat Ltd,Plymouth,Devon,Worker (A rating),Skilled Worker
Tusker Contracts Ni Limited,NEWRY,NORTHERN IRELAND,Worker (A rating),Skilled Worker
Twg Cadillac Formula 1 Team Limited,Silverstone,Northamptonshire,Worker (A rating),Global Business Mobility: Senior or Specialist Worker
Twg Cadillac Formula 1 Team Limited,Silverstone,Northamptonshire,Worker (A rating),Skilled Worker
Tyerest Limited,KENTON,MIDDLESEX,Worker (A rating),Skilled Worker
Uk Comms Limited,Milton Keynes,Unknown,Worker (A rating),Skilled Worker
Uk Sign & Print Limited,Manchester,Unknown,Worker (A rating),Skilled Worker
Umbrl Limited,London,Unknown,Worker (A rating),Skilled Worker
Ummanity Ltd,London,Unknown,Worker (A rating),Skilled Worker
Unhindr Ltd,London,Unknown,Worker (A rating),Skilled Worker
Unieo Consultants Limited,"London,",Unknown,Worker (A rating),Skilled Worker
Union Bancaire Privee (Uk) Limited,London,Unknown,Worker (A rating),Skilled Worker
United Kingdom National Nuclear Laboratory,Warrington,Unknown,Worker (A rating),Skilled Worker
United Kingdom National Nuclear Laboratory,Warrington,Unknown,Temporary Worker (A rating),Government Authorised Exchange
United Retail & Sourcing Limited,London,Unknown,Worker (A rating),Skilled Worker
Unitedus Ltd,Brighton,East Sussex,Worker (A rating),Skilled Worker
University Of Nottingham Student Union,Nottingham,Unknown,Worker (A rating),Skilled Worker
Uptitude Ltd,London,Unknown,Worker (A rating),Skilled Worker
Urban Spice Bistro And Tapas Ltd,Milcombe,Banbury,Worker (A rating),Skilled Worker
Uwe Houses Llp,Bristol,Unknown,Worker (A rating),Skilled Worker
V J Thomas And Son Ltd,Llancarfan,Vale of Glamorgan,Worker (A rating),Skilled Worker
V Prep Limited,London,Unknown,Worker (A rating),Skilled Worker
V. & A. Automotive Limited,Ansty,Haywards Heath,Worker (A rating),Skilled Worker
V.N. Electricals Ltd,Harrow,Unknown,Worker (A rating),Skilled Worker
Va Technology Ltd,Telford,Shropshire,Worker (A rating),Skilled Worker
Vale Green Energy Limited,Evesham,Unknown,Worker (A rating),Skilled Worker
Vanta Technology Uk Limited,London,Unknown,Worker (A rating),Global Business Mobility: Senior or Specialist Worker
Vanta Technology Uk Limited,London,Unknown,Worker (A rating),Skilled Worker
Vape 'N' Out Limited T/A Vape 'N' Out,North Harrow,Unknown,Worker (A rating),Skilled Worker
Varioline Health Ltd T/A Click Pharmacy,London,Unknown,Worker (A rating),Skilled Worker
Vedic Voyages Limited,"Slough,",England,Worker (A rating),Skilled Worker
Velociti Solutions Limited,Bromsgrove,Worcestershire,Worker (A rating),Skilled Worker
Verbaflo Limited,St Albans,Unknown,Worker (A rating),Skilled Worker
Verified Hearing Ltd,London,Unknown,Worker (A rating),Skilled Worker
Veriland Consulting Ltd.,Macclesfield,Unknown,Worker (A rating),Skilled Worker
Verita Global Ltd,London,Unknown,Worker (A rating),Global Business Mobility: Senior or Specialist Worker
Verita Global Ltd,London,Unknown,Worker (A rating),Skilled Worker
Verra Group Limited,Manchester,Unknown,Worker (A rating),Skilled Worker
Vet3 Equine Care Limited,Diss,Norfolk,Worker (A rating),Skilled Worker
Vgp Developments Uk Ltd,Bristol,Unknown,Worker (A rating),Global Business Mobility: Senior or Specialist Worker
Vgp Developments Uk Ltd,Bristol,Unknown,Worker (A rating),Skilled Worker
Vh-Bsc Uxbridge Limited,MIDDLESEX,Unknown,Worker (A rating),Skilled Worker
Vhv Enterprises Ltd,Oldmeldrum,Aberdeenshire,Worker (A rating),Skilled Worker
Vicarage Car Sales Limited,"Peterborough,",Unknown,Worker (A rating),Skilled Worker
Victoria Hall Care Home Ltd,KING'S LYNN,Norfolk,Worker (A rating),Skilled Worker
Victoria Steamship Company Limited,London,Unknown,Worker (A rating),Skilled Worker
Vie International Financial Services Limited,London,Unknown,Worker (A rating),Skilled Worker
Viet Shack Restaurant Limited,Manchester,Unknown,Worker (A rating),Skilled Worker
Vinayak Transport,Rowley Regis,West Midlands,Worker (A rating),Skilled Worker
Vincent B. Mcmorrow Construction Services Limited,Luton,Bedfordshire,Worker (A rating),Skilled Worker
Vipen Construction Ltd,Slough,Unknown,Worker (A rating),Skilled Worker
Vishal Jain,WIRRAL,Unknown,Worker (A rating),Skilled Worker
Vision Design & Build Limited,London,Unknown,Worker (A rating),Skilled Worker
Visitor Chat Limited,Portsmouth,Hampshire,Worker (A rating),Skilled Worker
Vocal Energy Limited,Chelmsford,Unknown,Worker (A rating),Skilled Worker
Voestalpine Signaling Uk Ltd,Hampshire,Unknown,Worker (A rating),Global Business Mobility: Senior or Specialist Worker
Volcore Ltd,Manchester,Unknown,Worker (A rating),Skilled Worker
Vonvil Junk Ltd,Chatham,Kent,Worker (A rating),Skilled Worker
Vpc Accountants Ltd,Borehamwood,Unknown,Worker (A rating),Skilled Worker
Vs Construction & Interiors Ltd,Oldbury,Unknown,Worker (A rating),Skilled Worker
Vucity Limited,London,Unknown,Worker (A rating),Skilled Worker
Vulcan Refractories Ltd,Cheadle,Stoke-on-Trent,Temporary Worker (A rating),Global Business Mobility: Service Supplier
Vvrs Investments Ltd,London,Unknown,Worker (A rating),Skilled Worker
W L Polymer Limited,Skelmersdale,Unknown,Worker (A rating),Skilled Worker
Wainford House Residential Care Home Limited,Beccles,Suffolk,Worker (A rating),Skilled Worker
Wali'S Enterprises Limited,Chorley,Unknown,Worker (A rating),Skilled Worker
Ward Power Limited,Sheffield,Unknown,Worker (A rating),Skilled Worker
Wartsila Energy Storage Uk Ltd,Fareham,Hampshire,Worker (A rating),Global Business Mobility: Senior or Specialist Worker
Water Tech Purification Ltd,Birmingham,Unknown,Worker (A rating),Skilled Worker
Waterfoot Medical Practice,Rossendale,Lancashire,Worker (A rating),Skilled Worker
Watford Grammar School For Boys,Watford,Unknown,Worker (A rating),Skilled Worker
Wazir Food And Wine Ltd,London,Unknown,Worker (A rating),Skilled Worker
We Care (Tj) Limited,Bicester,Oxfordshire,Worker (A rating),Skilled Worker
We Love Care Ltd,Maidenhead,Unknown,Worker (A rating),Skilled Worker
Webedia Group Uk Limited,London,Unknown,Worker (A rating),Global Business Mobility: Senior or Specialist Worker
Webedia Group Uk Limited,London,Unknown,Worker (A rating),Skilled Worker
Welbeck Pharmaceuticals & Hospital Supplies Limited,London,Unknown,Worker (A rating),Skilled Worker
Wellfish Tech Ltd,Paisley,Unknown,Worker (A rating),Skilled Worker
Wellman Clean & Amy Cleaning,Watford,Hertfordshire,Worker (A rating),Skilled Worker
Wendy Wu Tours,London,Unknown,Worker (A rating),Skilled Worker
Wenlodia (Uk) Limited,Northampton,Unknown,Worker (A rating),Skilled Worker
West Central London Mind,London,Unknown,Worker (A rating),Skilled Worker
West Moon Ltd T/A The Fusion,BEXLEY,Unknown,Worker (A rating),Skilled Worker
Westbrook Food And Wine Ltd,MARGATE,Unknown,Worker (A rating),Skilled Worker
Westcountry Fire Protection Limited,Torquay,Devon,Worker (A rating),Skilled Worker
Westcroft House Surgery,Egremont,Cumbria,Worker (A rating),Skilled Worker
Western Brand Poultry Products Ni,Lisnaskea,Fermanagh,Worker (A rating),Skilled Worker
Western Link Traders,Leicester,Unknown,Worker (A rating),Skilled Worker
Westfield Lodge Care Limited,Shropshire,Unknown,Worker (A rating),Skilled Worker
Weston Store & Po Limited,"HITCHIN, HERTFORDSHIRE",Unknown,Worker (A rating),Skilled Worker
Westonmill Express Ltd,Plymouth,Unknown,Worker (A rating),Skilled Worker
Westwoodside Store Ltd T/A Westwoodside Store - Premier - Post Office,South Yorkshire,Unknown,Worker (A rating),Skilled Worker
Wheatcroft Food Store,BIRMINGHAM,Unknown,Worker (A rating),Skilled Worker
Whelan Purcell Ltd,London,Essex,Worker (A rating),Skilled Worker
White & Lloyd Consulting Engineers Ltd,Thames Ditton,Surrey,Worker (A rating),Skilled Worker
Wilder Logistics Limited,Berkshire,colnbook,Worker (A rating),Skilled Worker
Will Jones Agri Services,Carmarthen,carmarthenshire,Worker (A rating),Skilled Worker
Willow View Care Ltd,STOCKTON,Cleveland,Worker (A rating),Skilled Worker
Wimshurst Pelleriti Limited,London,Unknown,Worker (A rating),Skilled Worker
Win Impex Ltd,Bolton,Greater Manchester,Worker (A rating),Skilled Worker
Window Warehouse Architectural Ltd,Leicester,Unknown,Worker (A rating),Skilled Worker
Windrush Care Ltd,Cheltenham,Gloucestershire,Worker (A rating),Skilled Worker
Winlife Ltd,Ilford,Unknown,Worker (A rating),Skilled Worker
Wintak Ltd,BOLTON,Unknown,Worker (A rating),Skilled Worker
Wise Clubs And Entertainment Ltd,London,Unknown,Worker (A rating),Skilled Worker
Wishart Group Ni Ltd,BALLYCLARE,ANTRIM,Worker (A rating),Skilled Worker
Wiz Horse Ltd,Rochdale,Greater Manchester,Worker (A rating),Skilled Worker
Woodlands Residential Care Home (Cambridgeshire) Limited,"Earith, Huntingdon",Cambridgeshire,Worker (A rating),Skilled Worker
"Woodward International, Inc (T/A Woodward Aircraft Engine Systems Prestwick)",Prestwick,Ayrshire,Worker (A rating),Skilled Worker
Workshops At Schools,ASHBOURNE,Derbyshire,Worker (A rating),Skilled Worker
Wowbee,London,Unknown,Worker (A rating),Skilled Worker
Xm2 Uk Limited,London,Unknown,Worker (A rating),Skilled Worker
Xr Global (Uk) Limited,London,Unknown,Worker (A rating),Skilled Worker
Xzone Media Ltd,Hull,Unknown,Worker (A rating),Skilled Worker
Yasin And Ruman Ltd,Tyne And Wear,United Kingdom,Worker (A rating),Skilled Worker
Yorkshire Canine Academy Ltd,Leeds,West Yorkshire,Worker (A rating),Skilled Worker
Yorkshire Equine Practice,York,N Yorks,Worker (A rating),Skilled Worker
You. Smart. Thing. Limited,Coventry,Unknown,Worker (A rating),Skilled Worker
Yourgateway2Success,CROYDON,SURREY,Temporary Worker (A rating),Charity Worker
Youth And Women Education Trust,Birmingham,West Midlands,Worker (A rating),Tier 2 Ministers of Religion
Youth And Women Education Trust,Birmingham,West Midlands,Temporary Worker (A rating),Charity Worker
Ypdp Ltd,Wetherby,West Yorkshire,Worker (A rating),Skilled Worker
Yum Food London Ltd T/A Royal,London,Unknown,Worker (A rating),Skilled Worker
Yume Sushi Ltd,London,Unknown,Worker (A rating),Skilled Worker
Z Rental Limited,LONDON,Unknown,Worker (A rating),Skilled Worker
Z Square Solutions Ltd,Taplow,Unknown,Worker (A rating),Skilled Worker
Z&Z Food Services Ltd- T/A Pepe'S Piri Piri,Harrow,Unknown,Worker (A rating),Skilled Worker
Zamanek Kimi Ltd,Halifax,Unknown,Worker (A rating),Skilled Worker
Zayn 764 Ltd,Coulsdon,Unknown,Worker (A rating),Skilled Worker
Zaz Harlow Limited T/A Pizza Gogo,Harlow,ESSEX,Worker (A rating),Skilled Worker
Zenos Interactive Limited,London,Unknown,Worker (A rating),Skilled Worker
Zestec Asset Management Ltd,London,Unknown,Worker (A rating),Skilled Worker
Zhestkov.Studio Limited,London,Unknown,Worker (A rating),Skilled Worker
Zia Pizza Semington Ltd,Melksham,Unknown,Worker (A rating),Skilled Worker
Zinc Re Uk Limited,London,Unknown,Worker (A rating),Skilled Worker
Zl Notting Hill Limited,London,London,Worker (A rating),Skilled Worker
Zoe Christian Centre,LONDON,Unknown,Temporary Worker (A rating),Charity Worker
Zomangel Limited,London,Unknown,Worker (A rating),Skilled Worker
Zt Repair And Maintanance Limited,London,Unknown,Worker (A rating),Skilled Worker
